amplitude,background,background_rmse,case,chi_k2_relative_l2,chi_relative_l2,chi_rmse,clamp_hi,dataset,endpoint_rmse,kind,kmax,method,noise_sigma,original_split,r_1_4_complex_relative_l2,seed,setup,signal,signal_projection_gain,split
0.3,polynomial,0.00044017701946163265,train-single-polynomial-a0.3-noise0-k10-r0,0.13404377245529628,0.05212113329456368,0.00046278268475154167,,,0.0008643419380642728,synthetic,10.0,larch_dynamic,0.0,,0.057980057787790716,1000,,single,1.0060228690416135,train
0.3,polynomial,0.00044001045999933903,train-single-polynomial-a0.3-noise0-k10-r0,0.13398525978502362,0.052101121489547195,0.0004626050002641399,,,0.0008639657672092115,synthetic,10.0,fixed_0,0.0,,0.0579551108983212,1000,,single,1.006021951585861,train
0.3,polynomial,0.0004400108040121354,train-single-polynomial-a0.3-noise0-k10-r0,0.1339853806070505,0.05210116282133052,0.00046260536724836366,,,0.0008639665438930611,synthetic,10.0,fixed_1e-06,0.0,,0.057955162413580355,1000,,single,1.0060219534830988,train
0.3,polynomial,0.0004400139001101764,train-single-polynomial-a0.3-noise0-k10-r0,0.1339864679975081,0.05210153480527626,0.0004626086700876961,,,0.0008639735339985607,synthetic,10.0,fixed_1e-05,0.0,,0.05795562604758149,1000,,single,1.0060219705582234,train
0.3,polynomial,0.00044004485888526445,train-single-polynomial-a0.3-noise0-k10-r0,0.13399734109571224,0.05210525437870766,0.0004626416961189795,,,0.0008640434298682792,synthetic,10.0,fixed_0.0001,0.0,,0.05796026204365263,1000,,single,1.0060221412966401,train
0.3,polynomial,0.00044035422665001365,train-single-polynomial-a0.3-noise0-k10-r0,0.13410599155758152,0.05214242357351989,0.00046297172078801435,,,0.00086474187089124,synthetic,10.0,fixed_0.001,0.0,,0.058006587657563384,1000,,single,1.006023847405059,train
0.3,polynomial,0.00044342605445429835,train-single-polynomial-a0.3-noise0-k10-r0,0.13518450370565435,0.05251147968151526,0.000466248563897254,,,0.000871674896823119,synthetic,10.0,fixed_0.01,0.0,,0.058466434535187795,1000,,single,1.006040781884211,train
0.3,polynomial,0.0004720993781172908,train-single-polynomial-a0.3-noise0-k10-r0,0.14522593201218537,0.05595548478574104,0.0004968278285387974,,,0.0009362244509392011,synthetic,10.0,fixed_0.1,0.0,,0.0627476761088544,1000,,single,1.006198347900215,train
0.3,polynomial,0.0006388998143777506,train-single-polynomial-a0.3-noise0-k10-r0,0.20307127165937316,0.0759697044939624,0.000674533755948936,,,0.0013082031515726496,synthetic,10.0,fixed_1,0.0,,0.0874024255656314,1000,,single,1.007100192505177,train
0.3,polynomial,0.00044028563104464325,train-single-polynomial-a0.3-noise0-k10-r0,0.13408190118073085,0.05213418212622223,0.00046289854511309003,,,0.0008645870100098867,synthetic,10.0,frozen_initial,0.0,,0.05799631617575732,1000,,single,1.0060234691222103,train
0.3,polynomial,,train-single-polynomial-a0.3-noise0-k10-r0,0.13574434805756574,0.05283149246516279,0.0004690899521367278,,,0.0008762069924181636,synthetic,10.0,rexafs_direct,0.0,,0.05868057859220755,1000,,single,1.0040790657134322,train
0.3,polynomial,0.00020094716802911258,train-single-polynomial-a0.3-noise0-k12-r0,0.057364875018668604,0.02540078092048737,0.00020353014144378884,,,0.0003107911013071098,synthetic,12.0,larch_dynamic,0.0,,0.02113069599561842,1000,,single,1.005722784828722,train
0.3,polynomial,0.00020092148598589073,train-single-polynomial-a0.3-noise0-k12-r0,0.057420905982725076,0.025398326825708875,0.00020351047739255564,,,0.0003111194604260293,synthetic,12.0,fixed_0,0.0,,0.021153907310523808,1000,,single,1.0057206354034633,train
0.3,polynomial,0.00020092153715868416,train-single-polynomial-a0.3-noise0-k12-r0,0.05742079394695273,0.02539833170985014,0.00020351051652796507,,,0.0003111188039977725,synthetic,12.0,fixed_1e-06,0.0,,0.02115386090530075,1000,,single,1.005720639699371,train
0.3,polynomial,0.00020092199774203795,train-single-polynomial-a0.3-noise0-k12-r0,0.05741978563582751,0.02539837567100678,0.000203510868777782,,,0.00031111289618550645,synthetic,12.0,fixed_1e-05,0.0,,0.021153443262960845,1000,,single,1.0057206783625845,train
0.3,polynomial,0.0002009266056370101,train-single-polynomial-a0.3-noise0-k12-r0,0.057409703595589126,0.025398815577010566,0.00020351439363520477,,,0.0003110538222246118,synthetic,12.0,fixed_0.0001,0.0,,0.02114926730571711,1000,,single,1.0057210649769173,train
0.3,polynomial,0.00020097289046689155,train-single-polynomial-a0.3-noise0-k12-r0,0.05730899032130771,0.02540324404464077,0.00020354987784515786,,,0.00031046349877225486,synthetic,12.0,fixed_0.001,0.0,,0.021107554362550025,1000,,single,1.0057249293425392,train
0.3,polynomial,0.00020145606944274846,train-single-polynomial-a0.3-noise0-k12-r0,0.056312611957407215,0.025450435336317443,0.00020392800993093642,,,0.0003046019291709291,synthetic,12.0,fixed_0.01,0.0,,0.02069511418681774,1000,,single,1.0057633960660244,train
0.3,polynomial,0.00020807399755515645,train-single-polynomial-a0.3-noise0-k12-r0,0.047473369923282986,0.026179844817879407,0.00020977258673420343,,,0.000250237788718611,synthetic,12.0,fixed_0.1,0.0,,0.017070918707803723,1000,,single,1.0061311545457166,train
0.3,polynomial,0.0003216067495447491,train-single-polynomial-a0.3-noise0-k12-r0,0.0633454594615876,0.04076674222073601,0.000326653768494834,,,0.0002565904087737406,synthetic,12.0,fixed_1,0.0,,0.0267847248956479,1000,,single,1.0086536260300478,train
0.3,polynomial,0.00020096467397162578,train-single-polynomial-a0.3-noise0-k12-r0,0.05732679553334384,0.025402456617518027,0.0002035435683874223,,,0.0003105678907702554,synthetic,12.0,frozen_initial,0.0,,0.021114928540177907,1000,,single,1.0057242458478994,train
0.3,polynomial,,train-single-polynomial-a0.3-noise0-k12-r0,0.05222169357672236,0.025254630713163615,0.00020235907617371864,,,0.0002810824670861646,synthetic,12.0,rexafs_direct,0.0,,0.01959795973435256,1000,,single,1.003688886251757,train
0.3,polynomial,0.00046417153616663804,train-single-polynomial-a0.3-noise0.0003-k10-r0,0.14361155343040796,0.058735713497450895,0.0005215134335151306,,,0.0008990092767575667,synthetic,10.0,larch_dynamic,0.0003,,0.06072118173472812,1000,,single,1.0073958804364922,train
0.3,polynomial,0.0004640135512874463,train-single-polynomial-a0.3-noise0.0003-k10-r0,0.1435601429156762,0.058719083500503116,0.0005213657760459153,,,0.0008986683764216437,synthetic,10.0,fixed_0,0.0003,,0.060698161797239775,1000,,single,1.0073950110204175,train
0.3,polynomial,0.0004640138775860652,train-single-polynomial-a0.3-noise0.0003-k10-r0,0.1435602490697858,0.05871911784544859,0.000521366080994121,,,0.0008986690802826174,synthetic,10.0,fixed_1e-06,0.0003,,0.060698209332462144,1000,,single,1.00739501281807,train
0.3,polynomial,0.00046401681425564656,train-single-polynomial-a0.3-noise0.0003-k10-r0,0.14356120445083526,0.058719426948356725,0.0005213688255137554,,,0.0008986754149922533,synthetic,10.0,fixed_1e-05,0.0003,,0.060698637146610585,1000,,single,1.0073950289968627,train
0.3,polynomial,0.00046404617885110875,train-single-polynomial-a0.3-noise0.0003-k10-r0,0.14357075760792856,0.05872251778315681,0.0005213962689850787,,,0.000898738757602267,synthetic,10.0,fixed_0.0001,0.0003,,0.060702914979096245,1000,,single,1.0073951907728775,train
0.3,polynomial,0.0004643396147429264,train-single-polynomial-a0.3-noise0.0003-k10-r0,0.14366622396727846,0.05875340669524888,0.0005216705311271974,,,0.0008993717362017676,synthetic,10.0,fixed_0.001,0.0003,,0.060745662452118744,1000,,single,1.0073968073262922,train
0.3,polynomial,0.00046725311282258634,train-single-polynomial-a0.3-noise0.0003-k10-r0,0.14461440656800828,0.05906036213563887,0.0005243959834307755,,,0.0009056570707438201,synthetic,10.0,fixed_0.01,0.0003,,0.06117007357501958,1000,,single,1.0074128531224225,train
0.3,polynomial,0.0004944380292093015,train-single-polynomial-a0.3-noise0.0003-k10-r0,0.15348660169146822,0.06194621100262542,0.0005500193880275924,,,0.0009643482748310357,synthetic,10.0,fixed_0.1,0.0003,,0.0651281010954355,1000,,single,1.0075621711708362,train
0.3,polynomial,0.0006524095328765224,train-single-polynomial-a0.3-noise0.0003-k10-r0,0.20568506147993754,0.07929114682223645,0.0007040247877198514,,,0.0013067062153730203,synthetic,10.0,fixed_1,0.0003,,0.08808552216847035,1000,,single,1.0084180823408715,train
0.3,polynomial,0.00046427317139329443,train-single-polynomial-a0.3-noise0.0003-k10-r0,0.14364460680755303,0.05874641202367049,0.000521608425553366,,,0.0008992284085422498,synthetic,10.0,frozen_initial,0.0003,,0.060735983085624376,1000,,single,1.0073964412942635,train
0.3,polynomial,,train-single-polynomial-a0.3-noise0.0003-k10-r0,0.14217038902813203,0.05770653350705919,0.0005123753613179223,,,0.0008949791451699217,synthetic,10.0,rexafs_direct,0.0003,,0.06142163561256161,1000,,single,1.0056657776085836,train
0.3,polynomial,0.0004102416163587498,train-single-polynomial-a0.3-noise0.0003-k10-r1,0.14722054703144724,0.05997447391323669,0.0005325123668602941,,,0.0009245046803782307,synthetic,10.0,larch_dynamic,0.0003,,0.06153302860197438,1001,,single,1.0069980992507246,train
0.3,polynomial,0.0004100828694736959,train-single-polynomial-a0.3-noise0.0003-k10-r1,0.147167620827273,0.059957893308165026,0.000532365147940734,,,0.0009241563753205155,synthetic,10.0,fixed_0,0.0003,,0.06150920301767593,1001,,single,1.0069972103654832,train
0.3,polynomial,0.0004100831973354439,train-single-polynomial-a0.3-noise0.0003-k10-r1,0.14716773011213172,0.0599579275511618,0.0005323654519837388,,,0.0009241570944620499,synthetic,10.0,fixed_1e-06,0.0003,,0.061509252217909476,1001,,single,1.0069972122035518,train
0.3,polynomial,0.0004100861480789105,train-single-polynomial-a0.3-noise0.0003-k10-r1,0.14716871366946777,0.059958235736960304,0.0005323681883603719,,,0.0009241635666931171,synthetic,10.0,fixed_1e-05,0.0003,,0.06150969501699179,1001,,single,1.0069972287462317,train
0.3,polynomial,0.00041011565345417414,train-single-polynomial-a0.3-noise0.0003-k10-r1,0.14717854856616217,0.05996131740621614,0.0005323955504509786,,,0.0009242282844347604,synthetic,10.0,fixed_0.0001,0.0003,,0.06151412268415682,1001,,single,1.0069973941605246,train
0.3,polynomial,0.000410410501941544,train-single-polynomial-a0.3-noise0.0003-k10-r1,0.14727682998870414,0.059992115290179546,0.000532669004355841,,,0.000924875005986231,synthetic,10.0,fixed_0.001,0.0003,,0.061558367047688814,1001,,single,1.0069990470678676,train
0.3,polynomial,0.0004133385919017746,train-single-polynomial-a0.3-noise0.0003-k10-r1,0.14825293205250237,0.06029822197386102,0.0005353869205625724,,,0.0009312969376463133,synthetic,10.0,fixed_0.01,0.0003,,0.061997603047863864,1001,,single,1.0070154535095364,train
0.3,polynomial,0.00044070495355284,train-single-polynomial-a0.3-noise0.0003-k10-r1,0.15738309283588983,0.06318072953687344,0.0005609806577763917,,,0.0009912746399612208,synthetic,10.0,fixed_0.1,0.0003,,0.06609088792941734,1001,,single,1.0071681088136164,train
0.3,polynomial,0.0006007226806246737,train-single-polynomial-a0.3-noise0.0003-k10-r1,0.21101770958508478,0.08062669750452338,0.000715883120248376,,,0.0013414437604530305,synthetic,10.0,fixed_1,0.0003,,0.08975790616958748,1001,,single,1.0080419931492177,train
0.3,polynomial,0.00041034556880269597,train-single-polynomial-a0.3-noise0.0003-k10-r1,0.14725518578247693,0.059985332402128784,0.000532608779204466,,,0.0009247325823264662,synthetic,10.0,frozen_initial,0.0003,,0.06154862354806428,1001,,single,1.0069986830688267,train
0.3,polynomial,,train-single-polynomial-a0.3-noise0.0003-k10-r1,0.14652057989789155,0.058744125603270844,0.0005215881244642657,,,0.0009274572630253182,synthetic,10.0,rexafs_direct,0.0003,,0.062268812383679775,1001,,single,1.0052522805747386,train
0.3,polynomial,0.0004612305357496778,train-single-polynomial-a0.3-noise0.0003-k10-r2,0.1455688554383106,0.06122623478706331,0.0005436267310584501,,,0.0009090075045617201,synthetic,10.0,larch_dynamic,0.0003,,0.06242334107671288,1002,,single,1.004065668653893,train
0.3,polynomial,0.0004610695912233078,train-single-polynomial-a0.3-noise0.0003-k10-r2,0.14551536744991744,0.06120927776701273,0.000543476169956487,,,0.0009086537981944231,synthetic,10.0,fixed_0,0.0003,,0.06239939495514981,1002,,single,1.0040647660314101,train
0.3,polynomial,0.0004610699236199909,train-single-polynomial-a0.3-noise0.0003-k10-r2,0.14551547789278818,0.06120931278801763,0.0005434764809074133,,,0.0009086545284693332,synthetic,10.0,fixed_1e-06,0.0003,,0.06239944440278372,1002,,single,1.0040647678980654,train
0.3,polynomial,0.000461072915173027,train-single-polynomial-a0.3-noise0.0003-k10-r2,0.14551647187192554,0.06120962797546933,0.0005434792794516098,,,0.0009086611008988056,synthetic,10.0,fixed_1e-05,0.0003,,0.0623998894283011,1002,,single,1.0040647846979127,train
0.3,polynomial,0.00046110282861329594,train-single-polynomial-a0.3-noise0.0003-k10-r2,0.1455264109866176,0.061212779655875814,0.0005435072631700708,,,0.0009087268205762233,synthetic,10.0,fixed_0.0001,0.0003,,0.06240433936268667,1002,,single,1.0040649526838716,train
0.3,polynomial,0.0004614017542415314,train-single-polynomial-a0.3-noise0.0003-k10-r2,0.14562573457873848,0.06124427707437533,0.000543786928230567,,,0.0009093835565428735,synthetic,10.0,fixed_0.001,0.0003,,0.06244880667715302,1002,,single,1.0040666312861386,train
0.3,polynomial,0.00046437026915753776,train-single-polynomial-a0.3-noise0.0003-k10-r2,0.14661225607466435,0.06155732191296498,0.0005465664482005451,,,0.0009159051374591248,synthetic,10.0,fixed_0.01,0.0003,,0.06289029917384688,1002,,single,1.0040832925369958,train
0.3,polynomial,0.000492109867660897,train-single-polynomial-a0.3-noise0.0003-k10-r2,0.15584542511714752,0.0645039351098359,0.0005727293782823912,,,0.0009768299588442575,synthetic,10.0,fixed_0.1,0.0003,,0.06700811872266957,1002,,single,1.0042382968197185,train
0.3,polynomial,0.0006542587742276781,train-single-polynomial-a0.3-noise0.0003-k10-r2,0.21021299935383114,0.08230181481482315,0.0007307564592786915,,,0.0013329123120786285,synthetic,10.0,fixed_1,0.0003,,0.09090179459725697,1002,,single,1.0051242809997305,train
0.3,polynomial,0.0004613347548684202,train-single-polynomial-a0.3-noise0.0003-k10-r2,0.14560347250643943,0.06123721702193114,0.0005437242421411041,,,0.0009092363600745622,synthetic,10.0,frozen_initial,0.0003,,0.06243884019728669,1002,,single,1.0040662550678163,train
0.3,polynomial,,train-single-polynomial-a0.3-noise0.0003-k10-r2,0.14590081983097955,0.06059252841573735,0.0005380000626165156,,,0.00091731690918065,synthetic,10.0,rexafs_direct,0.0003,,0.06224697425228633,1002,,single,1.002405919955847,train
0.3,polynomial,0.00022330421545048017,train-single-polynomial-a0.3-noise0.0003-k12-r0,0.08981363537510859,0.03968125106634245,0.00031795599778922914,,,0.0003836757631873781,synthetic,12.0,larch_dynamic,0.0003,,0.028808477388777284,1000,,single,1.0067871689251209,train
0.3,polynomial,0.00022327953651425016,train-single-polynomial-a0.3-noise0.0003-k12-r0,0.08984206977599606,0.03967946864909655,0.0003179417157230475,,,0.00038388969277686246,synthetic,12.0,fixed_0,0.0003,,0.02882842828594631,1000,,single,1.0067851042780338,train
0.3,polynomial,0.0002232795856650345,train-single-polynomial-a0.3-noise0.0003-k12-r0,0.08984201289060932,0.039679472198946575,0.000317941744167113,,,0.0003838892649375123,synthetic,12.0,fixed_1e-06,0.0003,,0.02882838840089393,1000,,single,1.0067851084043755,train
0.3,polynomial,0.00022328002805130213,train-single-polynomial-a0.3-noise0.0003-k12-r0,0.08984150093217323,0.03967950415032371,0.00031794200018555306,,,0.000383885414436259,synthetic,12.0,fixed_1e-05,0.0003,,0.02882802943953231,1000,,single,1.0067851455416668,train
0.3,polynomial,0.0002232844535894723,train-single-polynomial-a0.3-noise0.0003-k12-r0,0.08983638235497325,0.03967982383563126,0.0003179445617444306,,,0.0003838469147637223,synthetic,12.0,fixed_0.0001,0.0003,,0.028824440237626533,1000,,single,1.0067855168972544,train
0.3,polynomial,0.00022332887715845783,train-single-polynomial-a0.3-noise0.0003-k12-r0,0.08978529728954282,0.039683037889987054,0.0003179703151627878,,,0.0003834624521689471,synthetic,12.0,fixed_0.001,0.0003,,0.02878858940612021,1000,,single,1.0067892287455829,train
0.3,polynomial,0.00022378972551321264,train-single-polynomial-a0.3-noise0.0003-k12-r0,0.08928448347931614,0.03971688032713872,0.0003182414861965383,,,0.00037967122402409804,synthetic,12.0,fixed_0.01,0.0003,,0.028434203531450014,1000,,single,1.0068261772585505,train
0.3,polynomial,0.00022986345748854874,train-single-polynomial-a0.3-noise0.0003-k12-r0,0.08524407157130633,0.04020819166362819,0.0003221782417680171,,,0.0003470767201471361,synthetic,12.0,fixed_0.1,0.0003,,0.025306729882920195,1000,,single,1.0071794190272536,train
0.3,polynomial,0.00033175995055177335,train-single-polynomial-a0.3-noise0.0003-k12-r0,0.09929593392259528,0.05048466486379361,0.0004045210662079533,,,0.0003897378404855903,synthetic,12.0,fixed_1,0.0003,,0.02733165657508253,1000,,single,1.0096021795122059,train
0.3,polynomial,0.00022332110102576364,train-single-polynomial-a0.3-noise0.0003-k12-r0,0.08979420099093258,0.03968247462635458,0.00031796580187135997,,,0.0003835294900824169,synthetic,12.0,frozen_initial,0.0003,,0.028794841766865982,1000,,single,1.0067885810667365,train
0.3,polynomial,,train-single-polynomial-a0.3-noise0.0003-k12-r0,0.08131506116232416,0.03684935682665658,0.00029526473341584785,,,0.00035034755194513157,synthetic,12.0,rexafs_direct,0.0003,,0.028534879967051056,1000,,single,1.0049177094367894,train
0.3,polynomial,0.0002128466727898425,train-single-polynomial-a0.3-noise0.0003-k12-r1,0.10554758972332007,0.04442836903148359,0.0003559934736416442,,,0.0004551752904245277,synthetic,12.0,larch_dynamic,0.0003,,0.026917556779119098,1001,,single,1.0067083432133774,train
0.3,polynomial,0.00021282873137158485,train-single-polynomial-a0.3-noise0.0003-k12-r1,0.10559153763661928,0.044427784127188105,0.0003559887869489648,,,0.00045548467994093047,synthetic,12.0,fixed_0,0.0003,,0.026935107161775596,1001,,single,1.0067059988507514,train
0.3,polynomial,0.0002128287670202409,train-single-polynomial-a0.3-noise0.0003-k12-r1,0.10559144975266198,0.044427785282707896,0.0003559887962078576,,,0.00045548406133059526,synthetic,12.0,fixed_1e-06,0.0003,,0.02693507206066191,1001,,single,1.0067060035366082,train
0.3,polynomial,0.00021282908789083065,train-single-polynomial-a0.3-noise0.0003-k12-r1,0.10559065880744024,0.044427795685088145,0.00035598887955954397,,,0.000455478493885433,synthetic,12.0,fixed_1e-05,0.0003,,0.02693475615685302,1001,,single,1.0067060457094363,train
0.3,polynomial,0.00021283229903003482,train-single-polynomial-a0.3-noise0.0003-k12-r1,0.10558275041632628,0.044427899920000465,0.0003559897147679777,,,0.0004554228244418462,synthetic,12.0,fixed_0.0001,0.0003,,0.026931597740008695,1001,,single,1.0067064674178983,train
0.3,polynomial,0.00021286465456382724,train-single-polynomial-a0.3-noise0.0003-k12-r1,0.10550377252047942,0.044428963440473694,0.0003559982364930783,,,0.0004548666302659134,synthetic,12.0,fixed_0.001,0.0003,,0.026900075684851376,1001,,single,1.006710682564292,train
0.3,polynomial,0.00021321234722670703,train-single-polynomial-a0.3-noise0.0003-k12-r1,0.10472457163172527,0.04444169538745077,0.0003561002544183227,,,0.0004493547034902119,synthetic,12.0,fixed_0.01,0.0003,,0.026591077347340036,1001,,single,1.0067526410720606,train
0.3,polynomial,0.00021883447921342277,train-single-polynomial-a0.3-noise0.0003-k12-r1,0.09796592307800225,0.044759227382245845,0.0003586445593361863,,,0.0003992360105629638,synthetic,12.0,fixed_0.1,0.0003,,0.02413132220771844,1001,,single,1.007153786117691,train
0.3,polynomial,0.00033761157195536813,train-single-polynomial-a0.3-noise0.0003-k12-r1,0.09887884146879851,0.05524668504153813,0.00044267794978442574,,,0.0003428422014099781,synthetic,12.0,fixed_1,0.0003,,0.036741081681249406,1001,,single,1.0099055147795588,train
0.3,polynomial,0.0002128593556322228,train-single-polynomial-a0.3-noise0.0003-k12-r1,0.10551661997184075,0.04442878763753171,0.00035599682782781874,,,0.00045495713770943454,synthetic,12.0,frozen_initial,0.0003,,0.026905200968409093,1001,,single,1.0067099964192137,train
0.3,polynomial,,train-single-polynomial-a0.3-noise0.0003-k12-r1,0.09563256278821125,0.04111897089754873,0.00032947608929814547,,,0.00042005912223035667,synthetic,12.0,rexafs_direct,0.0003,,0.028112479072231963,1001,,single,1.0048404102508945,train
0.3,polynomial,0.00021168032499514734,train-single-polynomial-a0.3-noise0.0003-k12-r2,0.09242056168761659,0.04224063803176433,0.0003384637291346679,,,0.0003809889228795903,synthetic,12.0,larch_dynamic,0.0003,,0.029881208347606745,1002,,single,1.003344966100517,train
0.3,polynomial,0.00021166624701178017,train-single-polynomial-a0.3-noise0.0003-k12-r2,0.09244803998780798,0.042239128022570925,0.000338451629806475,,,0.0003812015798820308,synthetic,12.0,fixed_0,0.0003,,0.029901119752548246,1002,,single,1.0033429371648714,train
0.3,polynomial,0.00021166627497860965,train-single-polynomial-a0.3-noise0.0003-k12-r2,0.09244798501687801,0.04223913102894532,0.00033845165389580537,,,0.0003812011545803387,synthetic,12.0,fixed_1e-06,0.0003,,0.029901079947684768,1002,,single,1.0033429412197288,train
0.3,polynomial,0.00021166652671759418,train-single-polynomial-a0.3-noise0.0003-k12-r2,0.09244749028946712,0.042239158089244375,0.0003384518707232529,,,0.00038119732692727865,synthetic,12.0,fixed_1e-05,0.0003,,0.029900721708411977,1002,,single,1.0033429777137604,train
0.3,polynomial,0.00021166904594428882,train-single-polynomial-a0.3-noise0.0003-k12-r2,0.09244254397121596,0.04223942884948166,0.00033845404025770805,,,0.00038115905557291265,synthetic,12.0,fixed_0.0001,0.0003,,0.029897139702453893,1002,,single,1.0033433426372722,train
0.3,polynomial,0.0002116944218652493,train-single-polynomial-a0.3-noise0.0003-k12-r2,0.09239317632399417,0.04224215216795011,0.0003384758615314246,,,0.00038077685951238405,synthetic,12.0,fixed_0.001,0.0003,,0.029861358310091554,1002,,single,1.0033469901955878,train
0.3,polynomial,0.00021196634599533875,train-single-polynomial-a0.3-noise0.0003-k12-r2,0.09190901850699063,0.042270940714013557,0.00033870653699256877,,,0.00037700663028560554,synthetic,12.0,fixed_0.01,0.0003,,0.029507412538930744,1002,,single,1.0033832988830618,train
0.3,polynomial,0.00021630827149491386,train-single-polynomial-a0.3-noise0.0003-k12-r2,0.08798275818083258,0.042698930672630066,0.0003421359141084306,,,0.0003444547276723277,synthetic,12.0,fixed_0.1,0.0003,,0.026356642422600485,1002,,single,1.003730436216719,train
0.3,polynomial,0.00031074417323228383,train-single-polynomial-a0.3-noise0.0003-k12-r2,0.10030897475262636,0.052082089255563985,0.00041732083064907523,,,0.0003801065999366563,synthetic,12.0,fixed_1,0.0003,,0.026494601619791055,1002,,single,1.0061122243178184,train
0.3,polynomial,0.00021168982887698692,train-single-polynomial-a0.3-noise0.0003-k12-r2,0.09240205104341748,0.04224165978836817,0.00033847191621626797,,,0.00038084559588657786,synthetic,12.0,frozen_initial,0.0003,,0.029867794757047966,1002,,single,1.0033463337595583,train
0.3,polynomial,,train-single-polynomial-a0.3-noise0.0003-k12-r2,0.08283790057715516,0.03942238601404501,0.000315881776493676,,,0.0003406511593388638,synthetic,12.0,rexafs_direct,0.0003,,0.028693515655690255,1002,,single,1.0015647444506572,train
0.3,polynomial,0.0008715470565286933,train-single-polynomial-a0.3-noise0.003-k10-r0,0.545960674899744,0.2820929657158893,0.002504698800114928,,,0.002710997198276858,synthetic,10.0,larch_dynamic,0.003,,0.14856134747810176,1000,,single,1.0197529817509836,train
0.3,polynomial,0.0008714859076187436,train-single-polynomial-a0.3-noise0.003-k10-r0,0.5459544074339693,0.2820914350408944,0.002504685209276839,,,0.002710944066974649,synthetic,10.0,fixed_0,0.003,,0.14855592827771125,1000,,single,1.0197525459313845,train
0.3,polynomial,0.0008714860339240419,train-single-polynomial-a0.3-noise0.003-k10-r0,0.5459544203742244,0.28209143820202814,0.002504685237344494,,,0.002710944176674009,synthetic,10.0,fixed_1e-06,0.003,,0.14855593946692253,1000,,single,1.0197525468326931,train
0.3,polynomial,0.0008714871706663186,train-single-polynomial-a0.3-noise0.003-k10-r0,0.5459545368360419,0.28209146665225965,0.002504685489953631,,,0.002710945163963945,synthetic,10.0,fixed_1e-05,0.003,,0.14855604016932397,1000,,single,1.0197525549446977,train
0.3,polynomial,0.0008714985373160504,train-single-polynomial-a0.3-noise0.003-k10-r0,0.5459557013911155,0.28209175113956314,0.0025046880159117165,,,0.0027109550363147075,synthetic,10.0,fixed_0.0001,0.003,,0.14855704713132847,1000,,single,1.0197526360589433,train
0.3,polynomial,0.0008716121261178712,train-single-polynomial-a0.3-noise0.003-k10-r0,0.5459673406676293,0.2820945945171932,0.0025047132622149,,,0.0027110537052543763,synthetic,10.0,fixed_0.001,0.003,,0.14856711058115185,1000,,single,1.0197534466174627,train
0.3,polynomial,0.0008727402980534124,train-single-polynomial-a0.3-noise0.003-k10-r0,0.5460831088403785,0.2821228794271905,0.0025049644034652735,,,0.0027120349635413967,synthetic,10.0,fixed_0.01,0.003,,0.14866713155837336,1000,,single,1.0197614942663178,train
0.3,polynomial,0.0008832997821921239,train-single-polynomial-a0.3-noise0.003-k10-r0,0.5471811190709376,0.28239149201002617,0.0025073494101676454,,,0.0027213296082760972,synthetic,10.0,fixed_0.1,0.003,,0.14960935278539683,1000,,single,1.0198365806064416,train
0.3,polynomial,0.000946160636209431,train-single-polynomial-a0.3-noise0.003-k10-r0,0.5542058216574423,0.28412820050700305,0.0025227696163308447,,,0.002780297895260489,synthetic,10.0,fixed_1,0.003,,0.1554076188129285,1000,,single,1.0202790908621984,train
0.3,polynomial,0.0008715860244423243,train-single-polynomial-a0.3-noise0.003-k10-r0,0.5459646657964999,0.28209394106258423,0.0025047074602021816,,,0.002711031029951861,synthetic,10.0,frozen_initial,0.003,,0.14856479797724445,1000,,single,1.0197532603631978,train
0.3,polynomial,,train-single-polynomial-a0.3-noise0.003-k10-r0,0.4847537248841921,0.2482550309879926,0.0022042523345455235,,,0.002370479455030769,synthetic,10.0,rexafs_direct,0.003,,0.1492805460461776,1000,,single,1.0199497607222048,train
0.3,polynomial,0.0004059170122307541,train-single-polynomial-a0.3-noise0.003-k10-r1,0.55303331431137,0.31236922508850673,0.0027735212088202147,,,0.002907498008096996,synthetic,10.0,larch_dynamic,0.003,,0.13625768573325236,1001,,single,1.0157751704377718,train
0.3,polynomial,0.0004058959100850345,train-single-polynomial-a0.3-noise0.003-k10-r1,0.5530210867132093,0.31236729404070623,0.002773504063078574,,,0.0029074040485364007,synthetic,10.0,fixed_0,0.003,,0.1362470185834506,1001,,single,1.0157745393820108,train
0.3,polynomial,0.00040589595352351907,train-single-polynomial-a0.3-noise0.003-k10-r1,0.5530211119609277,0.31236729802834157,0.002773504098484722,,,0.0029074042425111493,synthetic,10.0,fixed_1e-06,0.003,,0.13624704061305268,1001,,single,1.0157745406876295,train
0.3,polynomial,0.0004058963444782271,train-single-polynomial-a0.3-noise0.003-k10-r1,0.5530213391893002,0.31236733391690924,0.002773504417138724,,,0.0029074059882756623,synthetic,10.0,fixed_1e-05,0.003,,0.13624723887833332,1001,,single,1.0157745524382271,train
0.3,polynomial,0.00040590025438192313,train-single-polynomial-a0.3-noise0.003-k10-r1,0.5530236113545807,0.31236769278808824,0.0027735076035500165,,,0.0029074234450018974,synthetic,10.0,fixed_0.0001,0.003,,0.13624922140894016,1001,,single,1.0157746699355337,train
0.3,polynomial,0.00040593938855358836,train-single-polynomial-a0.3-noise0.003-k10-r1,0.5530463211862591,0.312371280047481,0.0027735394547671282,,,0.0029075979206231633,synthetic,10.0,fixed_0.001,0.003,,0.13626903451060185,1001,,single,1.0157758440331208,train
0.3,polynomial,0.0004063341634945872,train-single-polynomial-a0.3-noise0.003-k10-r1,0.5532722422189663,0.3124070075753819,0.002773856678899383,,,0.002909333550175428,synthetic,10.0,fixed_0.01,0.003,,0.136465951917824,1001,,single,1.0157874981374357,train
0.3,polynomial,0.0004105540964102934,train-single-polynomial-a0.3-noise0.003-k10-r1,0.5554185065859842,0.3127499940810113,0.0027769020504382486,,,0.002925814508346775,synthetic,10.0,fixed_0.1,0.003,,0.13832028924461262,1001,,single,1.0158959570342594,train
0.3,polynomial,0.0004523312369857995,train-single-polynomial-a0.3-noise0.003-k10-r1,0.5692483243846362,0.3150858820881988,0.0027976423616117583,,,0.0030316524250099492,synthetic,10.0,fixed_1,0.003,,0.14967284971288214,1001,,single,1.0165181989454788,train
0.3,polynomial,0.0004059327981496882,train-single-polynomial-a0.3-noise0.003-k10-r1,0.553042500822277,0.3123706765276294,0.0027735340961242984,,,0.0029075685695468994,synthetic,10.0,frozen_initial,0.003,,0.13626570168968294,1001,,single,1.0157756465539647,train
0.3,polynomial,,train-single-polynomial-a0.3-noise0.003-k10-r1,0.48912707191328153,0.27290227566829417,0.00242309481443588,,,0.002592396108346831,synthetic,10.0,rexafs_direct,0.003,,0.14014973531975886,1001,,single,1.015813714546509,train
0.3,polynomial,0.0008032475306791182,train-single-polynomial-a0.3-noise0.003-k10-r2,0.5621919663190684,0.3166394593548586,0.0028114365485948103,,,0.002853094752258258,synthetic,10.0,larch_dynamic,0.003,,0.16478777956867507,1002,,single,0.9864508646210881,train
0.3,polynomial,0.0008031477466528215,train-single-polynomial-a0.3-noise0.003-k10-r2,0.5621791564544292,0.3166363624604415,0.0028114090513202475,,,0.0028529937223188335,synthetic,10.0,fixed_0,0.003,,0.16477661049490688,1002,,single,0.986450096041347,train
0.3,polynomial,0.000803147952603747,train-single-polynomial-a0.3-noise0.003-k10-r2,0.5621791828992432,0.31663636885679997,0.002811409108113408,,,0.002852993930817773,synthetic,10.0,fixed_1e-06,0.003,,0.1647766335541934,1002,,single,0.9864500976327314,train
0.3,polynomial,0.0008031498061590491,train-single-polynomial-a0.3-noise0.003-k10-r2,0.5621794209019535,0.3166364264239054,0.0028114096192507904,,,0.0028529958073052757,synthetic,10.0,fixed_1e-05,0.003,,0.16477684108696583,1002,,single,0.9864501119551984,train
0.3,polynomial,0.0008031683406133232,train-single-polynomial-a0.3-noise0.003-k10-r2,0.5621818008314026,0.3166370020701151,0.002811414730404013,,,0.0028530145714133356,synthetic,10.0,fixed_0.0001,0.003,,0.16477891629849542,1002,,single,0.9864502551690119,train
0.3,polynomial,0.0008033535757926538,train-single-polynomial-a0.3-noise0.003-k10-r2,0.5622055904017803,0.316642756051006,0.002811465819905648,,,0.0028532021364525957,synthetic,10.0,fixed_0.001,0.003,,0.16479965684476228,1002,,single,0.9864516862159581,train
0.3,polynomial,0.0008051950446429918,train-single-polynomial-a0.3-noise0.003-k10-r2,0.5624425146948454,0.31670004820903414,0.002811974516033908,,,0.002855070188526609,synthetic,10.0,fixed_0.01,0.003,,0.16500591063342246,1002,,single,0.9864658884120749,train
0.3,polynomial,0.0008225732318884691,train-single-polynomial-a0.3-noise0.003-k10-r2,0.5647159938495105,0.3172487199610304,0.002816846163490251,,,0.002873000248605767,synthetic,10.0,fixed_0.1,0.003,,0.16695842487796797,1002,,single,0.9865978370952495,train
0.3,polynomial,0.0009296832400117491,train-single-polynomial-a0.3-noise0.003-k10-r2,0.5801247205055957,0.3209278162704862,0.002849512799074076,,,0.00299462823608029,synthetic,10.0,fixed_1,0.003,,0.17925072198549208,1002,,single,0.9873410774508382,train
0.3,polynomial,0.0008033091898203109,train-single-polynomial-a0.3-noise0.003-k10-r2,0.5621998892402698,0.3166413771330097,0.0028114535765154528,,,0.0028531571864591075,synthetic,10.0,frozen_initial,0.003,,0.164794686892338,1002,,single,0.9864513433498024,train
0.3,polynomial,,train-single-polynomial-a0.3-noise0.003-k10-r2,0.5084504127425528,0.28347530174581914,0.0025169725389752157,,,0.0026221380308418967,synthetic,10.0,rexafs_direct,0.003,,0.1573803854748576,1002,,single,0.9873475031131769,train
0.3,polynomial,0.0007618499229570022,train-single-polynomial-a0.3-noise0.003-k12-r0,0.7279132332951902,0.310379375162029,0.0024869927552900795,,,0.0026155569192799414,synthetic,12.0,larch_dynamic,0.003,,0.15529190152035116,1000,,single,1.0163666255648331,train
0.3,polynomial,0.0007618413372087013,train-single-polynomial-a0.3-noise0.003-k12-r0,0.727911274371214,0.3103790328737746,0.0024869900126194082,,,0.002615542022781289,synthetic,12.0,fixed_0,0.003,,0.1552980287557004,1000,,single,1.016365324149155,train
0.3,polynomial,0.0007618413542954922,train-single-polynomial-a0.3-noise0.003-k12-r0,0.7279112782800907,0.31037903355699364,0.0024869900180938733,,,0.0026155420525072123,synthetic,12.0,fixed_1e-06,0.003,,0.15529801651221523,1000,,single,1.0163653267495687,train
0.3,polynomial,0.0007618415080895784,train-single-polynomial-a0.3-noise0.003-k12-r0,0.7279113134604177,0.3103790397061249,0.0024869900673653326,,,0.0026155423200435136,synthetic,12.0,fixed_1e-05,0.003,,0.15529790632173482,1000,,single,1.016365350153359,train
0.3,polynomial,0.0007618430461802347,train-single-polynomial-a0.3-noise0.003-k12-r0,0.7279116652931321,0.31037910120414136,0.0024869905601336466,,,0.0026155449956143427,synthetic,12.0,fixed_0.0001,0.003,,0.15529680449979952,1000,,single,1.0163655841804076,train
0.3,polynomial,0.000761858442275352,train-single-polynomial-a0.3-noise0.003-k12-r0,0.72791518657191,0.31037971685717664,0.0024869954932083323,,,0.002615571772153626,synthetic,12.0,fixed_0.001,0.003,,0.15528579455347433,1000,,single,1.0163679233728287,train
0.3,polynomial,0.000762013905181155,train-single-polynomial-a0.3-noise0.003-k12-r0,0.7279506910414164,0.31038593992419045,0.0024870453570969074,,,0.0026158415954516704,synthetic,12.0,fixed_0.01,0.003,,0.15517651737913382,1000,,single,1.0163912079911321,train
0.3,polynomial,0.000763702136534014,train-single-polynomial-a0.3-noise0.003-k12-r0,0.728331657727624,0.3104541227534632,0.0024875916891537583,,,0.0026187221662679235,synthetic,12.0,fixed_0.1,0.003,,0.1541611895613401,1000,,single,1.0166137993609934,train
0.3,polynomial,0.0007848744020125644,train-single-polynomial-a0.3-noise0.003-k12-r0,0.7329598076406851,0.3113442397861849,0.0024947239756034738,,,0.002653003692920335,synthetic,12.0,fixed_1,0.003,,0.14870278516838928,1000,,single,1.018139160851552,train
0.3,polynomial,0.0007618578016324768,train-single-polynomial-a0.3-noise0.003-k12-r0,0.7279150400675465,0.3103796912369967,0.0024869952879202012,,,0.002615570658162288,synthetic,12.0,frozen_initial,0.003,,0.15528625199372537,1000,,single,1.0163678261597164,train
0.3,polynomial,,train-single-polynomial-a0.3-noise0.003-k12-r0,0.656439902132986,0.27428421538390535,0.002197771215288044,,,0.002417451064651409,synthetic,12.0,rexafs_direct,0.003,,0.15909925126355462,1000,,single,1.0159796974445676,train
0.3,polynomial,0.00045998411857449737,train-single-polynomial-a0.3-noise0.003-k12-r1,0.828243787458202,0.3556369602145502,0.002849630530718253,,,0.002651663800560442,synthetic,12.0,larch_dynamic,0.003,,0.20340309907921691,1001,,single,1.0155783671458931,train
0.3,polynomial,0.0004600313583118536,train-single-polynomial-a0.3-noise0.003-k12-r1,0.8282750757442245,0.3556386898699616,0.0028496443900169746,,,0.0026519315224539184,synthetic,12.0,fixed_0,0.003,,0.2034023327444253,1001,,single,1.015574269876281,train
0.3,polynomial,0.00046003126304877955,train-single-polynomial-a0.3-noise0.003-k12-r1,0.8282750131677353,0.3556386864073843,0.0028496443622722033,,,0.00265193098670884,synthetic,12.0,fixed_1e-06,0.003,,0.2034023342796456,1001,,single,1.0155742780717245,train
0.3,polynomial,0.000460030405723142,train-single-polynomial-a0.3-noise0.003-k12-r1,0.828274449985601,0.3556386552452643,0.0028496441125778838,,,0.002651926165051939,synthetic,12.0,fixed_1e-05,0.003,,0.20340234809940874,1001,,single,1.0155743518307336,train
0.3,polynomial,0.00046002183647598577,train-single-polynomial-a0.3-noise0.003-k12-r1,0.8282688188006153,0.3556383437210299,0.0028496416164116565,,,0.0026518779534653735,synthetic,12.0,fixed_0.0001,0.003,,0.20340248656524743,1001,,single,1.015575089386775,train
0.3,polynomial,0.0004599365446429367,train-single-polynomial-a0.3-noise0.003-k12-r1,0.8282125704991791,0.35563523816772236,0.00284961673238522,,,0.002651396335109116,synthetic,12.0,fixed_0.001,0.003,,0.2034038980299351,1001,,single,1.0155824615599982,train
0.3,polynomial,0.00045912341223179327,train-single-polynomial-a0.3-noise0.003-k12-r1,0.8276563985163254,0.355605143353346,0.002849375590120896,,,0.0026466296015799544,synthetic,12.0,fixed_0.01,0.003,,0.2034206680554828,1001,,single,1.0156558461262342,train
0.3,polynomial,0.0004546925220012268,train-single-polynomial-a0.3-noise0.003-k12-r1,0.8226842899883742,0.35539258526059936,0.0028476724149776923,,,0.002603619169766892,synthetic,12.0,fixed_0.1,0.003,,0.2038301799566314,1001,,single,1.016357470265213,train
0.3,polynomial,0.0005745950302785699,train-single-polynomial-a0.3-noise0.003-k12-r1,0.8060792666376556,0.35760380437565964,0.002865390363912421,,,0.0024479865612407844,synthetic,12.0,fixed_1,0.003,,0.21828346861612213,1001,,single,1.0211725135252752,train
0.3,polynomial,0.0004599314186762821,train-single-polynomial-a0.3-noise0.003-k12-r1,0.8282091783541196,0.35563505124164585,0.002849615234593049,,,0.002651367287624675,synthetic,12.0,frozen_initial,0.003,,0.20340398480184624,1001,,single,1.0155829064382669,train
0.3,polynomial,,train-single-polynomial-a0.3-noise0.003-k12-r1,0.7459963071961877,0.3138150533447176,0.0025145219902638722,,,0.0024520154450371383,synthetic,12.0,rexafs_direct,0.003,,0.21436045427649342,1001,,single,1.0152379518759742,train
0.3,polynomial,0.0005398638251594645,train-single-polynomial-a0.3-noise0.003-k12-r2,0.7550746821825696,0.3436125954435963,0.0027532822857463807,,,0.0024189927452821502,synthetic,12.0,larch_dynamic,0.003,,0.16206552958266518,1002,,single,0.9819445960296885,train
0.3,polynomial,0.000539875846661543,train-single-polynomial-a0.3-noise0.003-k12-r2,0.7550735059586745,0.34361244902354604,0.0027532811125189267,,,0.002418981765978376,synthetic,12.0,fixed_0,0.003,,0.16207056497978992,1002,,single,0.9819436530174073,train
0.3,polynomial,0.0005398758224947031,train-single-polynomial-a0.3-noise0.003-k12-r2,0.7550735083039635,0.3436124493157429,0.002753281114860227,,,0.0024189817878496334,synthetic,12.0,fixed_1e-06,0.003,,0.16207055491000158,1002,,single,0.9819436549030873,train
0.3,polynomial,0.0005398756049977632,train-single-polynomial-a0.3-noise0.003-k12-r2,0.7550735294118184,0.34361245194563944,0.0027532811359329344,,,0.002418981984692992,synthetic,12.0,fixed_1e-05,0.003,,0.16207046428250604,1002,,single,0.9819436718744882,train
0.3,polynomial,0.0005398734302916504,train-single-polynomial-a0.3-noise0.003-k12-r2,0.7550737405033385,0.3436124782478522,0.0027532813466860247,,,0.002418983953220384,synthetic,12.0,fixed_0.0001,0.003,,0.1620695580645587,1002,,single,0.9819438415806291,train
0.3,polynomial,0.0005398517091707006,train-single-polynomial-a0.3-noise0.003-k12-r2,0.75507585271767,0.3436127415993694,0.002753283456856248,,,0.002419003647844949,synthetic,12.0,fixed_0.001,0.003,,0.1620605015660551,1002,,single,0.9819455378730427,train
0.3,polynomial,0.0005396370743967776,train-single-polynomial-a0.3-noise0.003-k12-r2,0.7550971031592666,0.34361540769748805,0.00275330481963753,,,0.002419201516670321,synthetic,12.0,fixed_0.01,0.003,,0.16197050152013406,1002,,single,0.9819624242363979,train
0.3,polynomial,0.0005377308910446336,train-single-polynomial-a0.3-noise0.003-k12-r2,0.7553209143931621,0.3436449960815218,0.0027535419040014453,,,0.0024212605283591665,synthetic,12.0,fixed_0.1,0.003,,0.1611239389777748,1002,,single,0.9821239712555133,train
0.3,polynomial,0.0005319736017856751,train-single-polynomial-a0.3-noise0.003-k12-r2,0.7578661962364492,0.34404991126132417,0.0027567863886523657,,,0.0024435196679378776,synthetic,12.0,fixed_1,0.003,,0.15602646349804852,1002,,single,0.9832396089075498,train
0.3,polynomial,0.0005398553504017694,train-single-polynomial-a0.3-noise0.003-k12-r2,0.755075498150666,0.3436126973706289,0.0027532831024623485,,,0.00241900034215556,synthetic,12.0,frozen_initial,0.003,,0.16206202040833734,1002,,single,0.9819452533547774,train
0.3,polynomial,,train-single-polynomial-a0.3-noise0.003-k12-r2,0.6725832717273004,0.30569841966649053,0.0024494854228548544,,,0.002127862035248936,synthetic,12.0,rexafs_direct,0.003,,0.16445721385229237,1002,,single,0.9824532964273119,train
1.0,polynomial,0.001466949450251622,train-single-polynomial-a1-noise0-k10-r0,0.13436218616722947,0.05212806682817765,0.0015428141582746445,,,0.0028887908279267805,synthetic,10.0,larch_dynamic,0.0,,0.057979227455139,1000,,single,1.0059881802011197,train
1.0,polynomial,0.0014663955296689605,train-single-polynomial-a1-noise0-k10-r0,0.13430377700916585,0.0521080994706434,0.0015422231921448488,,,0.0028875388745102488,synthetic,10.0,fixed_0,0.0,,0.05795432664099565,1000,,single,1.0059872678112767,train
1.0,polynomial,0.0014663966730020367,train-single-polynomial-a1-noise0-k10-r0,0.1343038974596282,0.052108140682123154,0.0015422244118650174,,,0.0028875414555360585,synthetic,10.0,fixed_1e-06,0.0,,0.0579543780005482,1000,,single,1.005987269702594,train
1.0,polynomial,0.0014664069629327211,train-single-polynomial-a1-noise0-k10-r0,0.13430498150606052,0.05210851158302509,0.0015422353892750311,,,0.0028875646846043793,synthetic,10.0,fixed_1e-05,0.0,,0.05795484023324133,1000,,single,1.0059872867243602,train
1.0,polynomial,0.001466509854917676,train-single-polynomial-a1-noise0-k10-r0,0.1343158211665485,0.052112220327019745,0.0015423451555313405,,,0.00288779695805733,synthetic,10.0,fixed_0.0001,0.0,,0.05795946221725204,1000,,single,1.0059874569293088,train
1.0,polynomial,0.0014675380434170753,train-single-polynomial-a1-noise0-k10-r0,0.13442413749529603,0.05214928129562277,0.0015434420346323548,,,0.00289011797217948,synthetic,10.0,fixed_0.001,0.0,,0.058005647810662524,1000,,single,1.0059891577071596,train
1.0,polynomial,0.001477747287835183,train-single-polynomial-a1-noise0-k10-r0,0.13549933265649478,0.05251726190924173,0.001554333014006926,,,0.002913157349520882,synthetic,10.0,fixed_0.01,0.0,,0.05846410446156819,1000,,single,1.0060060392723607,train
1.0,polynomial,0.0015730415412055537,train-single-polynomial-a1-noise0-k10-r0,0.14550985953741769,0.05595115852776619,0.0016559647192181234,,,0.0031276636413897735,synthetic,10.0,fixed_0.1,0.0,,0.06273237637089371,1000,,single,1.006163112595523,train
1.0,polynomial,0.0021273550007399793,train-single-polynomial-a1-noise0-k10-r0,0.20317675643539854,0.07590504994860528,0.002246532297682489,,,0.004363783328907565,synthetic,10.0,fixed_1,0.0,,0.08731177366342448,1000,,single,1.0070621152464705,train
1.0,polynomial,0.0014759920617041166,train-single-polynomial-a1-noise0-k10-r0,0.13531452006271302,0.05245399815910334,0.0015524606213524893,,,0.00290919717146866,synthetic,10.0,frozen_initial,0.0,,0.05838530172206461,1000,,single,1.0060031376852223,train
1.0,polynomial,,train-single-polynomial-a1-noise0-k10-r0,0.19389759380226157,0.07130907685294849,0.002110507066085069,,,0.0041807189339984644,synthetic,10.0,rexafs_direct,0.0,,0.08303439675402019,1000,,single,1.0045309959591306,train
1.0,polynomial,0.0006707285435191892,train-single-polynomial-a1-noise0-k12-r0,0.05768432659219497,0.025447208194716627,0.0006796738388257973,,,0.0010417680185513239,synthetic,12.0,larch_dynamic,0.0,,0.021062367485023454,1000,,single,1.0057324122607307,train
1.0,polynomial,0.0006706432356914581,train-single-polynomial-a1-noise0-k12-r0,0.0577406694147226,0.025444783671927963,0.000679609081831691,,,0.0010428679482882397,synthetic,12.0,fixed_0,0.0,,0.02108570807638577,1000,,single,1.005730262042357,train
1.0,polynomial,0.0006706434058535638,train-single-polynomial-a1-noise0-k12-r0,0.057740556488766366,0.025444788502004028,0.0006796092108390193,,,0.0010428657443318492,synthetic,12.0,fixed_1e-06,0.0,,0.021085661320732606,1000,,single,1.0057302663492609,train
1.0,polynomial,0.0006706449373974392,train-single-polynomial-a1-noise0-k12-r0,0.05773954016617595,0.02544483197625599,0.0006796103720002551,,,0.0010428459088673541,synthetic,12.0,fixed_1e-05,0.0,,0.021085240524615443,1000,,single,1.0057303051113484,train
1.0,polynomial,0.0006706602597373559,train-single-polynomial-a1-noise0-k12-r0,0.057729378004439814,0.025445267014484668,0.0006796219915107594,,,0.0010426475679707697,synthetic,12.0,fixed_0.0001,0.0,,0.02108103302878618,1000,,single,1.005730692714353,train
1.0,polynomial,0.0006708141726337448,train-single-polynomial-a1-noise0-k12-r0,0.057627862806453704,0.0254496469420044,0.000679738975744485,,,0.001040665533218173,synthetic,12.0,fixed_0.001,0.0,,0.021039004617738378,1000,,single,1.0057345669623072,train
1.0,polynomial,0.0006724213888139417,train-single-polynomial-a1-noise0-k12-r0,0.05662339325086788,0.02549636646821013,0.0006809868155657101,,,0.001020982744776045,synthetic,12.0,fixed_0.01,0.0,,0.02062340183322094,1000,,single,1.0057731320566399,train
1.0,polynomial,0.0006944761500542826,train-single-polynomial-a1-noise0-k12-r0,0.04769514754938297,0.026222347862176924,0.0007003771768649884,,,0.0008381669450788203,synthetic,12.0,fixed_0.1,0.0,,0.016967311063992924,1000,,single,1.0061418310557835,train
1.0,polynomial,0.0010738088468326573,train-single-polynomial-a1-noise0-k12-r0,0.06307904593525325,0.04082963170937801,0.0010905256210981176,,,0.0008472131884244685,synthetic,12.0,fixed_1,0.0,,0.026777100729338577,1000,,single,1.0086707572799207,train
1.0,polynomial,0.0006722824418995229,train-single-polynomial-a1-noise0-k12-r0,0.05670655807792304,0.025492262566933467,0.0006808772037641509,,,0.0010226174135861618,synthetic,12.0,frozen_initial,0.0,,0.02065779273524473,1000,,single,1.0057699227164496,train
1.0,polynomial,,train-single-polynomial-a1-noise0-k12-r0,0.03788423980401211,0.030569957991921866,0.0008164982398904868,,,0.0004588047411178931,synthetic,12.0,rexafs_direct,0.0,,0.015383966884140917,1000,,single,1.0049606522986756,train
1.0,polynomial,0.0014883921577050379,train-single-polynomial-a1-noise0.0003-k10-r0,0.13512221142356295,0.05267848460939129,0.0015591046596780743,,,0.002897190288638973,synthetic,10.0,larch_dynamic,0.0003,,0.05850326490350962,1000,,single,1.0064000837467229,train
1.0,polynomial,0.0014878458540870442,train-single-polynomial-a1-noise0.0003-k10-r0,0.13506515898462565,0.052659105367755206,0.0015585310997862155,,,0.0028959635966102192,synthetic,10.0,fixed_0,0.0003,,0.058478831046417726,1000,,single,1.0063991856416417,train
1.0,polynomial,0.0014878469816877982,train-single-polynomial-a1-noise0.0003-k10-r0,0.13506527663807272,0.05265914536455282,0.0015585322835559082,,,0.0028959661256185397,synthetic,10.0,fixed_1e-06,0.0003,,0.05847888144266642,1000,,single,1.00639918750308,train
1.0,polynomial,0.0014878571300281555,train-single-polynomial-a1-noise0.0003-k10-r0,0.13506633551150501,0.052659505333397506,0.0015585429374140676,,,0.002895988886530355,synthetic,10.0,fixed_1e-05,0.0003,,0.058479335005624244,1000,,single,1.0063992042559537,train
1.0,polynomial,0.0014879586061832054,train-single-polynomial-a1-noise0.0003-k10-r0,0.13507692346720668,0.05266310476830291,0.0015586494684916954,,,0.002896216478842816,synthetic,10.0,fixed_0.0001,0.0003,,0.05848387029976115,1000,,single,1.00639937177218,train
1.0,polynomial,0.0014889726435964744,train-single-polynomial-a1-noise0.0003-k10-r0,0.13518272525685593,0.052699073787595856,0.0015597140295928642,,,0.00289849072371439,synthetic,10.0,fixed_0.001,0.0003,,0.058529189734654825,1000,,single,1.0064010456835277,train
1.0,polynomial,0.0014990410989679161,train-single-polynomial-a1-noise0.0003-k10-r0,0.13623302300751525,0.053056247773189485,0.0015702851693928032,,,0.0029210665802501166,synthetic,10.0,fixed_0.01,0.0003,,0.058979058116811395,1000,,single,1.0064176606438218,train
1.0,polynomial,0.0015929991911990292,train-single-polynomial-a1-noise0.0003-k10-r0,0.14601682790872839,0.056392207937846155,0.0016690182873969118,,,0.0031313161193349055,synthetic,10.0,fixed_0.1,0.0003,,0.06316814688705484,1000,,single,1.0065722595767073,train
1.0,polynomial,0.002139091943719008,train-single-polynomial-a1-noise0.0003-k10-r0,0.2024971242836234,0.075851306971343,0.00224494168764699,,,0.00434425300917185,synthetic,10.0,fixed_1,0.0003,,0.08731028076171411,1000,,single,1.0074574821971778,train
1.0,polynomial,0.0014972557366492924,train-single-polynomial-a1-noise0.0003-k10-r0,0.13604681019291617,0.05299290825172112,0.0015684105341637273,,,0.0029170640725247874,synthetic,10.0,frozen_initial,0.0003,,0.058899301098699876,1000,,single,1.0064147151562501,train
1.0,polynomial,,train-single-polynomial-a1-noise0.0003-k10-r0,0.19288845761949303,0.07117590104163436,0.0021065655132952374,,,0.0041542348307596596,synthetic,10.0,rexafs_direct,0.0003,,0.08306778646140255,1000,,single,1.0049973314108702,train
1.0,polynomial,0.0014356966755943094,train-single-polynomial-a1-noise0.0003-k10-r1,0.13631159849523056,0.052734170593676785,0.001560752776138182,,,0.0029209903408492716,synthetic,10.0,larch_dynamic,0.0003,,0.05885524117079129,1001,,single,1.0062807493061474,train
1.0,polynomial,0.0014351499900384051,train-single-polynomial-a1-noise0.0003-k10-r1,0.13625413237495276,0.05271471142867429,0.001560176850785473,,,0.002919755669934225,synthetic,10.0,fixed_0,0.0003,,0.058830605116888084,1001,,single,1.00627984544516,train
1.0,polynomial,0.0014351511184184916,train-single-polynomial-a1-noise0.0003-k10-r1,0.13625425088431004,0.05271475159141233,0.0015601780394664403,,,0.0029197582154035506,synthetic,10.0,fixed_1e-06,0.0003,,0.05883065593226106,1001,,single,1.0062798473187256,train
1.0,polynomial,0.0014351612737743644,train-single-polynomial-a1-noise0.0003-k10-r1,0.13625531746076341,0.05271511305373745,0.0015601887375265608,,,0.002919781124461264,synthetic,10.0,fixed_1e-05,0.0003,,0.058831113267282506,1001,,single,1.0062798641807549,train
1.0,polynomial,0.001435262820145584,train-single-polynomial-a1-noise0.0003-k10-r1,0.13626598244100965,0.052718727423337775,0.0015602957106205558,,,0.002920010198142244,synthetic,10.0,fixed_0.0001,0.0003,,0.0588356862787925,1001,,single,1.0062800327884778,train
1.0,polynomial,0.0014362775655110012,train-single-polynomial-a1-noise0.0003-k10-r1,0.13637255388234334,0.05275484576816483,0.001561364691251591,,,0.0029222992469191697,synthetic,10.0,fixed_0.001,0.0003,,0.0588813825540442,1001,,single,1.0062817176059975,train
1.0,polynomial,0.0014463536651593116,train-single-polynomial-a1-noise0.0003-k10-r1,0.13743048927460763,0.0531135107595643,0.001571979959771571,,,0.002945022170643672,synthetic,10.0,fixed_0.01,0.0003,,0.05933498633982293,1001,,single,1.006298440759958,train
1.0,polynomial,0.0015404323456442053,train-single-polynomial-a1-noise0.0003-k10-r1,0.1472852221513972,0.05646405795870165,0.0016711448045726505,,,0.0031566505619656424,synthetic,10.0,fixed_0.1,0.0003,,0.06355842496464557,1001,,single,1.0064540408695437,train
1.0,polynomial,0.0020883163725515506,train-single-polynomial-a1-noise0.0003-k10-r1,0.20416983225949964,0.07602306487471082,0.0022500251396381198,,,0.004377793370479293,synthetic,10.0,fixed_1,0.0003,,0.08788775199590933,1001,,single,1.0073446554396763,train
1.0,polynomial,0.001444634791880157,train-single-polynomial-a1-noise0.0003-k10-r1,0.13725005336027685,0.0530523236825712,0.0015701690296060701,,,0.0029411467287259793,synthetic,10.0,frozen_initial,0.0003,,0.059257625048555265,1001,,single,1.0062955888084826,train
1.0,polynomial,,train-single-polynomial-a1-noise0.0003-k10-r1,0.195205871595564,0.07152407983855559,0.0021168704259878894,,,0.004203997460725781,synthetic,10.0,rexafs_direct,0.0003,,0.08380113579911556,1001,,single,1.0048805470230375,train
1.0,polynomial,0.0014860960713350571,train-single-polynomial-a1-noise0.0003-k10-r2,0.13564487948516263,0.053135595690118276,0.0015726335988880086,,,0.002904770507582232,synthetic,10.0,larch_dynamic,0.0003,,0.05898234832942796,1002,,single,1.0054010200804575,train
1.0,polynomial,0.0014855471752317992,train-single-polynomial-a1-noise0.0003-k10-r2,0.1355871476004054,0.05311603341315426,0.0015720546217706016,,,0.002903529577914489,synthetic,10.0,fixed_0,0.0003,,0.05895762169274488,1002,,single,1.0054001121449412,train
1.0,polynomial,0.0014855483081189851,train-single-polynomial-a1-noise0.0003-k10-r2,0.13558726665188006,0.0531160737879843,0.0015720558167287733,,,0.0029035321361363022,synthetic,10.0,fixed_1e-06,0.0003,,0.05895767269179978,1002,,single,1.005400114027078,train
1.0,polynomial,0.0014855585040406058,train-single-polynomial-a1-noise0.0003-k10-r2,0.1355883381074486,0.053116437159205485,0.0015720665712857492,,,0.0029035551599686234,synthetic,10.0,fixed_1e-05,0.0003,,0.05895813167997407,1002,,single,1.0054001309662681,train
1.0,polynomial,0.001485660456033179,train-single-polynomial-a1-noise0.0003-k10-r2,0.13559905187567403,0.05312007061611543,0.0015721741092994384,,,0.0029037853813108088,synthetic,10.0,fixed_0.0001,0.0003,,0.058962721222339885,1002,,single,1.0054003003454834,train
1.0,polynomial,0.0014866792544642937,train-single-polynomial-a1-noise0.0003-k10-r2,0.1357061108987656,0.05315637968460551,0.0015732487347046907,,,0.0029060858988173817,synthetic,10.0,fixed_0.001,0.0003,,0.05900858274348655,1002,,single,1.0054019928714895,train
1.0,polynomial,0.0014967955729839986,train-single-polynomial-a1-noise0.0003-k10-r2,0.13676889240520002,0.05351693707964874,0.001583920011960701,,,0.0029289227261253326,synthetic,10.0,fixed_0.01,0.0003,,0.05946383266814959,1002,,single,1.005418792468198,train
1.0,polynomial,0.0015912480868116349,train-single-polynomial-a1-noise0.0003-k10-r2,0.1466692382723758,0.056885034853235546,0.0016836042943007888,,,0.0031416165270108723,synthetic,10.0,fixed_0.1,0.0003,,0.06370306830542892,1002,,single,1.0055750972713682,train
1.0,polynomial,0.0021413078792667083,train-single-polynomial-a1-noise0.0003-k10-r2,0.20382790535834353,0.07654228146550407,0.002265392191520694,,,0.004369044462678033,synthetic,10.0,fixed_1,0.0003,,0.0881344154595087,1002,,single,1.0064693417948356,train
1.0,polynomial,0.0014950296766506924,train-single-polynomial-a1-noise0.0003-k10-r2,0.13658341023289156,0.05345399576695044,0.0015820571623620114,,,0.002924937195320848,synthetic,10.0,frozen_initial,0.0003,,0.05938438270543864,1002,,single,1.005415860804278,train
1.0,polynomial,,train-single-polynomial-a1-noise0.0003-k10-r2,0.19569464393816435,0.07231566513451534,0.002140298668706236,,,0.004211119869977715,synthetic,10.0,rexafs_direct,0.0003,,0.08404261241513723,1002,,single,1.004034677381345,train
1.0,polynomial,0.0006855098481601566,train-single-polynomial-a1-noise0.0003-k12-r0,0.060313465270452685,0.026915536396716108,0.000718891668069493,,,0.0010444533355456818,synthetic,12.0,larch_dynamic,0.0003,,0.022628949881578268,1000,,single,1.006051727559376,train
1.0,polynomial,0.0006854245338081988,train-single-polynomial-a1-noise0.0003-k12-r0,0.06036398167837017,0.026913146651341344,0.0007188278399512863,,,0.0010454850491519057,synthetic,12.0,fixed_0,0.0003,,0.02265183256268182,1000,,single,1.0060496027047192,train
1.0,polynomial,0.0006854247038501897,train-single-polynomial-a1-noise0.0003-k12-r0,0.060363880413088156,0.026913151413500303,0.000718827967144605,,,0.0010454829816536459,synthetic,12.0,fixed_1e-06,0.0003,,0.022651786727540923,1000,,single,1.006049606960762,train
1.0,polynomial,0.0006854262343071019,train-single-polynomial-a1-noise0.0003-k12-r0,0.06036296903720454,0.026913194276115493,0.0007188291119695296,,,0.001045464374324054,synthetic,12.0,fixed_1e-05,0.0003,,0.022651374215800095,1000,,single,1.00604964526507,train
1.0,polynomial,0.0006854415454277102,train-single-polynomial-a1-noise0.0003-k12-r0,0.06035385641668223,0.026913623173797443,0.0007188405674711204,,,0.0010452783160800861,synthetic,12.0,fixed_0.0001,0.0003,,0.022647249541721738,1000,,single,1.0060500282904543,train
1.0,polynomial,0.0006855953119376912,train-single-polynomial-a1-noise0.0003-k12-r0,0.060262844100552854,0.026917939305770782,0.0007189558477786793,,,0.001043419239553817,synthetic,12.0,fixed_0.001,0.0003,,0.02260604715820564,1000,,single,1.0060538567832125,train
1.0,polynomial,0.0006871976890828812,train-single-polynomial-a1-noise0.0003-k12-r0,0.05936414469676719,0.02696378492974855,0.000720180346395734,,,0.0010249793629357913,synthetic,12.0,fixed_0.01,0.0003,,0.022198478406390623,1000,,single,1.006091966414381,train
1.0,polynomial,0.0007089109726384474,train-single-polynomial-a1-noise0.0003-k12-r0,0.051557554023619195,0.02766056089551349,0.0007387906549148167,,,0.0008560863656141732,synthetic,12.0,fixed_0.1,0.0003,,0.01859127907846607,1000,,single,1.0064563104002318,train
1.0,polynomial,0.001078687912475267,train-single-polynomial-a1-noise0.0003-k12-r0,0.0679837537899402,0.04160685137951685,0.0011112845142848312,,,0.0009194471339949355,synthetic,12.0,fixed_1,0.0003,,0.026001303940440007,1000,,single,1.008955323324566,train
1.0,polynomial,0.0006870621933269095,train-single-polynomial-a1-noise0.0003-k12-r0,0.05943690507596715,0.026959851861583558,0.0007200752974049917,,,0.0010264780198057711,synthetic,12.0,frozen_initial,0.0003,,0.022231525267954386,1000,,single,1.0060888597280189,train
1.0,polynomial,,train-single-polynomial-a1-noise0.0003-k12-r0,0.04390844928042776,0.031453910768757046,0.0008401078858907514,,,0.0005531753303526627,synthetic,12.0,rexafs_direct,0.0003,,0.015474088258323233,1000,,single,1.0053031134399124,train
1.0,polynomial,0.0006805723355428474,train-single-polynomial-a1-noise0.0003-k12-r1,0.06543438660709511,0.02800174901208986,0.00074790350671297,,,0.001142188076392739,synthetic,12.0,larch_dynamic,0.0003,,0.02096648037166522,1001,,single,1.0060280795432575,train
1.0,polynomial,0.0006804942981417767,train-single-polynomial-a1-noise0.0003-k12-r1,0.06549029700303612,0.027999910251092563,0.0007478543949307993,,,0.0011432996133729993,synthetic,12.0,fixed_0,0.0003,,0.020989719712474132,1001,,single,1.006025871076529,train
1.0,polynomial,0.0006804944536183616,train-single-polynomial-a1-noise0.0003-k12-r1,0.06549018494966756,0.027999913910204392,0.0007478544926626432,,,0.0011432973859933377,synthetic,12.0,fixed_1e-06,0.0003,,0.020989673158726976,1001,,single,1.006025875500427,train
1.0,polynomial,0.0006804958529898282,train-single-polynomial-a1-noise0.0003-k12-r1,0.06548917648047664,0.02799994684542259,0.0007478553723350228,,,0.0011432773397248974,synthetic,12.0,fixed_1e-05,0.0003,,0.020989254180231776,1001,,single,1.0060259153153914,train
1.0,polynomial,0.0006805098540039773,train-single-polynomial-a1-noise0.0003-k12-r1,0.06547909286816093,0.028000276486711814,0.000747864176780633,,,0.0011430768913411455,synthetic,12.0,fixed_0.0001,0.0003,,0.02098506490543782,1001,,single,1.0060263134466454,train
1.0,polynomial,0.0006806505941209769,train-single-polynomial-a1-noise0.0003-k12-r1,0.06537836472323996,0.028003601808400516,0.0007479529933667275,,,0.001141073837441262,synthetic,12.0,fixed_0.001,0.0003,,0.020943223201316464,1001,,single,1.0060302929288314,train
1.0,polynomial,0.000682130106056472,train-single-polynomial-a1-noise0.0003-k12-r1,0.06438190831676933,0.0280397144387259,0.0007489175317905711,,,0.0011211863939776785,synthetic,12.0,fixed_0.01,0.0003,,0.02052994311623424,1001,,single,1.0060699055584394,train
1.0,polynomial,0.0007032835190565664,train-single-polynomial-a1-noise0.0003-k12-r1,0.055531637173050236,0.028656235167054483,0.0007653842894377131,,,0.0009368243997172644,synthetic,12.0,fixed_0.1,0.0003,,0.01694877095247618,1001,,single,1.00644862052736,train
1.0,polynomial,0.001088652431616195,train-single-polynomial-a1-noise0.0003-k12-r1,0.06589131593410562,0.0426918284685103,0.001140263353042763,,,0.0008663295902619346,synthetic,12.0,fixed_1,0.0003,,0.028528129577164697,1001,,single,1.0090463239047736,train
1.0,polynomial,0.0006820243255159523,train-single-polynomial-a1-noise0.0003-k12-r1,0.06444972834935957,0.028037069092747165,0.0007488468767920883,,,0.001122544224287875,synthetic,12.0,frozen_initial,0.0003,,0.020558032647125385,1001,,single,1.0060671949381976,train
1.0,polynomial,,train-single-polynomial-a1-noise0.0003-k12-r1,0.041859822564412286,0.03227360894530666,0.0008620013447751589,,,0.000511607210175848,synthetic,12.0,rexafs_direct,0.0003,,0.017024149326909405,1001,,single,1.0053387885655432,train
1.0,polynomial,0.0006776450000090946,train-single-polynomial-a1-noise0.0003-k12-r2,0.06080437748966912,0.027230911000141918,0.0007273150623270637,,,0.00105300467338904,synthetic,12.0,larch_dynamic,0.0003,,0.02296445122620788,1002,,single,1.0050190668163745,train
1.0,polynomial,0.0006775716290636665,train-single-polynomial-a1-noise0.0003-k12-r2,0.060854388626905516,0.027228626322737638,0.0007272540404872627,,,0.001054024043600422,synthetic,12.0,fixed_0,0.0003,,0.022987298480010628,1002,,single,1.0050169525707706,train
1.0,polynomial,0.0006775717752112993,train-single-polynomial-a1-noise0.0003-k12-r2,0.06085428837680322,0.0272286308745396,0.0007272541620621202,,,0.0010540220007880879,synthetic,12.0,fixed_1e-06,0.0003,,0.022987252716532354,1002,,single,1.0050169568053673,train
1.0,polynomial,0.0006775730906243845,train-single-polynomial-a1-noise0.0003-k12-r2,0.060853386137537956,0.02722867184401585,0.0007272552563228731,,,0.0010540036156338757,synthetic,12.0,fixed_1e-05,0.0003,,0.02298684084967846,1002,,single,1.0050169949167038,train
1.0,polynomial,0.0006775862514647106,train-single-polynomial-a1-noise0.0003-k12-r2,0.06084436487316976,0.02722908180520817,0.0007272662060465215,,,0.0010538197791655538,synthetic,12.0,fixed_0.0001,0.0003,,0.022982722614985705,1002,,single,1.00501737601246,train
1.0,polynomial,0.0006777185307916707,train-single-polynomial-a1-noise0.0003-k12-r2,0.060754265083213195,0.02723320805652793,0.0007273764147992067,,,0.0010519829219382195,synthetic,12.0,fixed_0.001,0.0003,,0.022941583663991346,1002,,single,1.0050211852182172,train
1.0,polynomial,0.0006791076101727254,train-single-polynomial-a1-noise0.0003-k12-r2,0.0598645849865048,0.02727710421033218,0.0007285488446837555,,,0.0010337653836175204,synthetic,12.0,fixed_0.01,0.0003,,0.02253455128955778,1002,,single,1.005059102901744,train
1.0,polynomial,0.000698852961632484,train-single-polynomial-a1-noise0.0003-k12-r2,0.05213478170011336,0.02795020016413843,0.0007465266797107267,,,0.0008670939244034341,synthetic,12.0,fixed_0.1,0.0003,,0.018920853979298467,1002,,single,1.0054216155570683,train
1.0,polynomial,0.0010599872724928188,train-single-polynomial-a1-noise0.0003-k12-r2,0.06782729028763974,0.04164208173302859,0.0011122254878262621,,,0.0009198719727370755,synthetic,12.0,fixed_1,0.0003,,0.025615359792868116,1002,,single,1.0079083367662425,train
1.0,polynomial,0.0006789815929815454,train-single-polynomial-a1-noise0.0003-k12-r2,0.059941433458849606,0.02727308323361905,0.000728441447728556,,,0.001035344843017479,synthetic,12.0,frozen_initial,0.0003,,0.022569769053990645,1002,,single,1.0050558052069238,train
1.0,polynomial,,train-single-polynomial-a1-noise0.0003-k12-r2,0.04408220518009483,0.03174209098481052,0.0008478049406018209,,,0.0005581842059696946,synthetic,12.0,rexafs_direct,0.0003,,0.015623311570737257,1002,,single,1.0042942436188322,train
1.0,polynomial,0.0017704491899503251,train-single-polynomial-a1-noise0.003-k10-r0,0.20717127096867613,0.0977325402596438,0.0028925520551861287,,,0.0038499631226843385,synthetic,10.0,larch_dynamic,0.003,,0.07323220694433469,1000,,single,1.0101072152900492,train
1.0,polynomial,0.0017699985830256098,train-single-polynomial-a1-noise0.003-k10-r0,0.20714001929683118,0.09772388944881241,0.0028922960204961178,,,0.003849185058071399,synthetic,10.0,fixed_0,0.003,,0.07321463278204017,1000,,single,1.0101064461149183,train
1.0,polynomial,0.0017699995130167861,train-single-polynomial-a1-noise0.003-k10-r0,0.20714008374162804,0.09772390729902485,0.0028922965488019266,,,0.003849186662334813,synthetic,10.0,fixed_1e-06,0.003,,0.07321466902755405,1000,,single,1.0101064477074686,train
1.0,polynomial,0.001770007882876617,train-single-polynomial-a1-noise0.003-k10-r0,0.20714066374182696,0.09772406795018358,0.002892301303531908,,,0.00384920110062415,synthetic,10.0,fixed_1e-05,0.003,,0.07321499523509974,1000,,single,1.010106462040301,train
1.0,polynomial,0.0017700915755896928,train-single-polynomial-a1-noise0.003-k10-r0,0.20714646344287738,0.09772567438638989,0.002892348848600702,,,0.0038493454752171383,synthetic,10.0,fixed_0.0001,0.003,,0.0732182571011375,1000,,single,1.0101066053580028,train
1.0,polynomial,0.0017709279145292664,train-single-polynomial-a1-noise0.003-k10-r0,0.20720443038750047,0.09774173121381301,0.0028928240762888307,,,0.00385078839200183,synthetic,10.0,fixed_0.001,0.003,,0.07325085484211531,1000,,single,1.0101080374708784,train
1.0,polynomial,0.0017792328821583595,train-single-polynomial-a1-noise0.003-k10-r0,0.20778110209722545,0.09790154761797668,0.002897554100363596,,,0.003865134985001623,synthetic,10.0,fixed_0.01,0.003,,0.07357475186478937,1000,,single,1.010122252986981,train
1.0,polynomial,0.0018568134752033135,train-single-polynomial-a1-noise0.003-k10-r0,0.21325748011595727,0.09942631068824707,0.0029426819210553058,,,0.004000686515717895,synthetic,10.0,fixed_0.1,0.003,,0.07661684842139076,1000,,single,1.0102545824073832,train
1.0,polynomial,0.002310619930498802,train-single-polynomial-a1-noise0.003-k10-r0,0.2479792229747232,0.10937123344461613,0.003237017939347475,,,0.004837323849772495,synthetic,10.0,fixed_1,0.003,,0.0948628596706954,1000,,single,1.0110157847535681,train
1.0,polynomial,0.001777464394900509,train-single-polynomial-a1-noise0.003-k10-r0,0.2076581440448533,0.09786745957323162,0.002896545209735943,,,0.0038620772100120327,synthetic,10.0,frozen_initial,0.003,,0.07350575034123592,1000,,single,1.0101192267327987,train
1.0,polynomial,,train-single-polynomial-a1-noise0.003-k10-r0,0.22823790946079028,0.09883194783194331,0.0029250907943235097,,,0.00447537499380745,synthetic,10.0,rexafs_direct,0.003,,0.09166239504837126,1000,,single,1.0092027592172308,train
1.0,polynomial,0.0012125890896925705,train-single-polynomial-a1-noise0.003-k10-r1,0.21425040184293728,0.10534623696410464,0.0031178916809806094,,,0.004104396698661067,synthetic,10.0,larch_dynamic,0.003,,0.07328925701436147,1001,,single,1.0089138710353678,train
1.0,polynomial,0.0012121332558037046,train-single-polynomial-a1-noise0.003-k10-r1,0.21421469801535475,0.10533771307039251,0.0031176394026073083,,,0.004103545396124118,synthetic,10.0,fixed_0,0.003,,0.07326894092969215,1001,,single,1.0089130441501086,train
1.0,polynomial,0.0012121341964513221,train-single-polynomial-a1-noise0.003-k10-r1,0.21421477165940353,0.10533773066299959,0.0031176399232888704,,,0.004103547151529588,synthetic,10.0,fixed_1e-06,0.003,,0.07326898284673375,1001,,single,1.0089130458639441,train
1.0,polynomial,0.0012121426622337076,train-single-polynomial-a1-noise0.003-k10-r1,0.21421543445237712,0.10533788899582777,0.003117644609404123,,,0.00410356295009146,synthetic,10.0,fixed_1e-05,0.003,,0.07326936009759173,1001,,single,1.0089130612883566,train
1.0,polynomial,0.0012122273147786335,train-single-polynomial-a1-noise0.003-k10-r1,0.2142220620252713,0.10533947225664836,0.003117691468560022,,,0.004103720926578906,synthetic,10.0,fixed_0.0001,0.003,,0.07327313235097914,1001,,single,1.0089132155209775,train
1.0,polynomial,0.0012130733129219321,train-single-polynomial-a1-noise0.003-k10-r1,0.21428830209887376,0.10535529812128838,0.0031181598605323174,,,0.004105299779299767,synthetic,10.0,fixed_0.001,0.003,,0.0733108293880873,1001,,single,1.0089147566955765,train
1.0,polynomial,0.0012214808044552332,train-single-polynomial-a1-noise0.003-k10-r1,0.2149471492914462,0.10551288290176256,0.00312282383610704,,,0.004120997469727227,synthetic,10.0,fixed_0.01,0.003,,0.07368526580097005,1001,,single,1.0089300541483224,train
1.0,polynomial,0.0013005488889070076,train-single-polynomial-a1-noise0.003-k10-r1,0.22119275952560077,0.1070221402167474,0.0031674927389787563,,,0.004269272940716181,synthetic,10.0,fixed_0.1,0.003,,0.07719121792518763,1001,,single,1.0090723953357283,train
1.0,polynomial,0.0017747005209943635,train-single-polynomial-a1-noise0.003-k10-r1,0.2604171459625992,0.11704797086525966,0.0034642233567469837,,,0.005183248560970616,synthetic,10.0,fixed_1,0.003,,0.09790576688417776,1001,,single,1.0098875171785564,train
1.0,polynomial,0.0012202511706051326,train-single-polynomial-a1-noise0.003-k10-r1,0.21485072676094047,0.1054898004757214,0.0031221406745038875,,,0.004118700801056332,synthetic,10.0,frozen_initial,0.003,,0.07363052465819603,1001,,single,1.0089278189272217,train
1.0,polynomial,,train-single-polynomial-a1-noise0.003-k10-r1,0.24497454568782703,0.10619688218735393,0.003143067897440419,,,0.004954729179119669,synthetic,10.0,rexafs_direct,0.003,,0.09628107611591784,1001,,single,1.0080314937190862,train
1.0,polynomial,0.0017259843262503074,train-single-polynomial-a1-noise0.003-k10-r2,0.213177257916844,0.10783327790275621,0.0031914996661953255,,,0.003983954201942012,synthetic,10.0,larch_dynamic,0.003,,0.07870685025796997,1002,,single,1.0001165788106907,train
1.0,polynomial,0.0017254967172145308,train-single-polynomial-a1-noise0.003-k10-r2,0.21314127252102982,0.10782376901724468,0.0031912182354021036,,,0.00398307681121083,synthetic,10.0,fixed_0,0.003,,0.07868674222760666,1002,,single,1.0001157111479158,train
1.0,polynomial,0.0017254977230265146,train-single-polynomial-a1-noise0.003-k10-r2,0.2131413467088584,0.10782378863960936,0.0031912188161576133,,,0.003983078619321546,synthetic,10.0,fixed_1e-06,0.003,,0.07868678369052223,1002,,single,1.000115712947482,train
1.0,polynomial,0.0017255067752764918,train-single-polynomial-a1-noise0.003-k10-r2,0.21314201439603384,0.10782396524012976,0.003191224042934661,,,0.003983094892232027,synthetic,10.0,fixed_1e-05,0.003,,0.07868715685438898,1002,,single,1.0001157291434566,train
1.0,polynomial,0.0017255972917689622,train-single-polynomial-a1-noise0.003-k10-r2,0.21314869093522074,0.10782573116678068,0.0031912763083802318,,,0.003983257612447118,synthetic,10.0,fixed_0.0001,0.003,,0.0786908882555143,1002,,single,1.0001158910910206,train
1.0,polynomial,0.0017265018565209749,train-single-polynomial-a1-noise0.003-k10-r2,0.21321542308707284,0.10784338258126733,0.003191798730442676,,,0.0039848839263941695,synthetic,10.0,fixed_0.001,0.003,,0.07872817853084964,1002,,single,1.0001175093504302,train
1.0,polynomial,0.001735487837975997,train-single-polynomial-a1-noise0.003-k10-r2,0.21387942776350977,0.10801911250673638,0.0031969997408300326,,,0.004001058531620362,synthetic,10.0,fixed_0.01,0.003,,0.07909872038593019,1002,,single,1.0001335712307133,train
1.0,polynomial,0.001819717954328319,train-single-polynomial-a1-noise0.003-k10-r2,0.22019605192609704,0.10969927743774428,0.0032467269300684096,,,0.004154254938157642,synthetic,10.0,fixed_0.1,0.003,,0.08258038709858756,1002,,single,1.0002829593540283,train
1.0,polynomial,0.0023192116960452924,train-single-polynomial-a1-noise0.003-k10-r2,0.26048455035329,0.12075238984925175,0.0035738616073946183,,,0.0051093890066403564,synthetic,10.0,fixed_1,0.003,,0.10348589190018032,1002,,single,1.00113438073016,train
1.0,polynomial,0.0017337249214964955,train-single-polynomial-a1-noise0.003-k10-r2,0.21374900491746507,0.10798458252885795,0.003195977770478987,,,0.0039978826393182116,synthetic,10.0,frozen_initial,0.003,,0.07902601145470113,1002,,single,1.0001304221194176,train
1.0,polynomial,,train-single-polynomial-a1-noise0.003-k10-r2,0.25243024987029755,0.11283291127843809,0.0033394718744034187,,,0.0050432924979049824,synthetic,10.0,rexafs_direct,0.003,,0.1007314833578154,1002,,single,0.9995674098042316,train
1.0,polynomial,0.0010466765502230983,train-single-polynomial-a1-noise0.003-k12-r0,0.2225368477424378,0.09587528187370199,0.00256074931210465,,,0.002716558394481985,synthetic,12.0,larch_dynamic,0.003,,0.05397425283965352,1000,,single,1.0089255652406344,train
1.0,polynomial,0.0010466119003041288,train-single-polynomial-a1-noise0.003-k12-r0,0.22254310820769357,0.09587440217030677,0.0025607258159561106,,,0.0027167504192595698,synthetic,12.0,fixed_0,0.003,,0.053987582635059705,1000,,single,1.0089236686660519,train
1.0,polynomial,0.0010466120285789965,train-single-polynomial-a1-noise0.003-k12-r0,0.22254309562962157,0.09587440392609134,0.0025607258628516606,,,0.00271675003374919,synthetic,12.0,fixed_1e-06,0.003,,0.05398755594305612,1000,,single,1.0089236724643147,train
1.0,polynomial,0.0010466131830926418,train-single-polynomial-a1-noise0.003-k12-r0,0.2225429824307746,0.09587441972879672,0.0025607262849288237,,,0.0027167465642479404,synthetic,12.0,fixed_1e-05,0.003,,0.053987315717829464,1000,,single,1.0089237066485761,train
1.0,polynomial,0.0010466247315099961,train-single-polynomial-a1-noise0.003-k12-r0,0.22254185081020464,0.09587457781441815,0.002560730507264742,,,0.0027167118781654415,synthetic,12.0,fixed_0.0001,0.003,,0.05398491374018556,1000,,single,1.0089240484753972,train
1.0,polynomial,0.0010467405439365202,train-single-polynomial-a1-noise0.003-k12-r0,0.22253057137064156,0.09587616452815839,0.002560772887073588,,,0.002716365909842111,synthetic,12.0,fixed_0.001,0.003,,0.05396092141548209,1000,,single,1.0089274651713867,train
1.0,polynomial,0.0010479311199162217,train-single-polynomial-a1-noise0.003-k12-r0,0.22242142384095054,0.095892611560606,0.002561212173678052,,,0.0027129948294377965,synthetic,12.0,fixed_0.01,0.003,,0.05372373113638348,1000,,single,1.0089614756341565,train
1.0,polynomial,0.0010627302211402704,train-single-polynomial-a1-noise0.003-k12-r0,0.22166645557066741,0.0961095916511902,0.002567007532052444,,,0.0026875226601912176,synthetic,12.0,fixed_0.1,0.003,,0.05161317606509623,1000,,single,1.009286624500352,train
1.0,polynomial,0.0013055062085596506,train-single-polynomial-a1-noise0.003-k12-r0,0.23050911185884326,0.10042047817933045,0.002682147738117635,,,0.0028470895902314047,synthetic,12.0,fixed_1,0.003,,0.04697318918665078,1000,,single,1.0115164177263731,train
1.0,polynomial,0.0010478941333351306,train-single-polynomial-a1-noise0.003-k12-r0,0.22242463914225702,0.0958920971125308,0.002561198433196367,,,0.0027130947716710353,synthetic,12.0,frozen_initial,0.003,,0.05373085590080775,1000,,single,1.0089604477519323,train
1.0,polynomial,,train-single-polynomial-a1-noise0.003-k12-r0,0.20268011798066632,0.08691838949530642,0.002321518140646023,,,0.0025241575624789085,synthetic,12.0,rexafs_direct,0.003,,0.047566460579144786,1000,,single,1.0084127853622071,train
1.0,polynomial,0.0008395609312270948,train-single-polynomial-a1-noise0.003-k12-r1,0.2593210085127097,0.11019094327740729,0.002943108762584834,,,0.0030178151243758886,synthetic,12.0,larch_dynamic,0.003,,0.06193906024852359,1001,,single,1.0086890846304837,train
1.0,polynomial,0.0008395575651967709,train-single-polynomial-a1-noise0.003-k12-r1,0.25935222072570163,0.11019156566597597,0.0029431253860676336,,,0.0030186774873047265,synthetic,12.0,fixed_0,0.003,,0.06194562529169295,1001,,single,1.0086863523842007,train
1.0,polynomial,0.00083955756970163,train-single-polynomial-a1-noise0.003-k12-r1,0.2593521581694239,0.1101915644125786,0.002943125352590428,,,0.003018675757794603,synthetic,12.0,fixed_1e-06,0.003,,0.06194561213916106,1001,,single,1.0086863578609695,train
1.0,polynomial,0.0008395576103582284,train-single-polynomial-a1-noise0.003-k12-r1,0.25935159517056594,0.11019155313337213,0.0029431250513321724,,,0.003018660192373895,synthetic,12.0,fixed_1e-05,0.003,,0.06194549377089095,1001,,single,1.008686407151792,train
1.0,polynomial,0.0008395580269732956,train-single-polynomial-a1-noise0.003-k12-r1,0.25934596594205905,0.11019144046579747,0.0029431220420746383,,,0.0030185045550669832,synthetic,12.0,fixed_0.0001,0.003,,0.061944310533543816,1001,,single,1.0086869000373118,train
1.0,polynomial,0.0008395631975685197,train-single-polynomial-a1-noise0.003-k12-r1,0.2592897496136028,0.11019032623099738,0.002943092281786668,,,0.0030169498712862438,synthetic,12.0,fixed_0.001,0.003,,0.06193252266522377,1001,,single,1.0086918266275404,train
1.0,polynomial,0.0008397144082872876,train-single-polynomial-a1-noise0.003-k12-r1,0.25873513576302,0.1101804168720317,0.0029428276110221195,,,0.0030015712858442243,synthetic,12.0,fixed_0.01,0.003,,0.06181906401520001,1001,,single,1.0087408670746998,train
1.0,polynomial,0.000850244710420262,train-single-polynomial-a1-noise0.003-k12-r1,0.253899501923,0.11019417467515254,0.002943195070540248,,,0.0028639473679958477,synthetic,12.0,fixed_0.1,0.003,,0.06109637389855507,1001,,single,1.0092097257716248,train
1.0,polynomial,0.0012630415823057413,train-single-polynomial-a1-noise0.003-k12-r1,0.24603988070697705,0.11545917258483451,0.0030838188007860797,,,0.00254069205219282,synthetic,12.0,fixed_1,0.003,,0.07307468255939402,1001,,single,1.0124264235284839,train
1.0,polynomial,0.0008397392610435567,train-single-polynomial-a1-noise0.003-k12-r1,0.2586806721351075,0.11017955193290012,0.002942804509214824,,,0.0030000570703509134,synthetic,12.0,frozen_initial,0.003,,0.06180820614282688,1001,,single,1.0087457265591897,train
1.0,polynomial,,train-single-polynomial-a1-noise0.003-k12-r1,0.2183892487637989,0.09928380684867984,0.00265178818901209,,,0.0023206456365881716,synthetic,12.0,rexafs_direct,0.003,,0.06789593851094876,1001,,single,1.0087982773023814,train
1.0,polynomial,0.000865980012183774,train-single-polynomial-a1-noise0.003-k12-r2,0.23090014602474407,0.10549983068099099,0.002817813033388407,,,0.002567096374883665,synthetic,12.0,larch_dynamic,0.003,,0.05659499396870401,1002,,single,0.9985989573044328,train
1.0,polynomial,0.0008659889717905462,train-single-polynomial-a1-noise0.003-k12-r2,0.23090618404280022,0.1054992196293106,0.002817796712704497,,,0.002567292159801322,synthetic,12.0,fixed_0,0.003,,0.056608383819403175,1002,,single,0.9985971673265304,train
1.0,polynomial,0.0008659889527170972,train-single-polynomial-a1-noise0.003-k12-r2,0.23090617191419266,0.1054992208474863,0.00281779674524096,,,0.002567291766506268,synthetic,12.0,fixed_1e-06,0.003,,0.05660835700828118,1002,,single,0.9985971709103739,train
1.0,polynomial,0.0008659887811064478,train-single-polynomial-a1-noise0.003-k12-r2,0.23090606275998107,0.10549923181163058,0.002817797038084167,,,0.002567288226937415,synthetic,12.0,fixed_1e-05,0.003,,0.056608115710617406,1002,,single,0.9985972031649104,train
1.0,polynomial,0.0008659870692588217,train-single-polynomial-a1-noise0.003-k12-r2,0.23090497153790374,0.10549934150133056,0.0028177999678051357,,,0.002567252839714532,synthetic,12.0,fixed_0.0001,0.003,,0.05660570297700067,1002,,single,0.9985975256954682,train
1.0,polynomial,0.0008659703757408556,train-single-polynomial-a1-noise0.003-k12-r2,0.2308940912807129,0.10550044321695894,0.002817829393716407,,,0.0025668998129570026,synthetic,12.0,fixed_0.001,0.003,,0.056581599913858,1002,,single,0.9986007495214443,train
1.0,polynomial,0.0008658455576476065,train-single-polynomial-a1-noise0.003-k12-r2,0.230788459319872,0.10551193751233119,0.0028181363968186914,,,0.0025634534909458394,synthetic,12.0,fixed_0.01,0.003,,0.0563429855039195,1002,,single,0.9986328405077487,train
1.0,polynomial,0.0008684442624776694,train-single-polynomial-a1-noise0.003-k12-r2,0.2300248399472015,0.10567017126591692,0.0028223626892240707,,,0.0025368064169571875,synthetic,12.0,fixed_0.1,0.003,,0.054187686052204365,1002,,single,0.9989396760687154,train
1.0,polynomial,0.0010518535239500539,train-single-polynomial-a1-noise0.003-k12-r2,0.23681589276075596,0.10906558797831079,0.002913051455302746,,,0.0026683775253562216,synthetic,12.0,fixed_1,0.003,,0.047420201408125966,1002,,single,1.0010465521431657,train
1.0,polynomial,0.0008658553569233211,train-single-polynomial-a1-noise0.003-k12-r2,0.2307995677780643,0.10551065747026524,0.0028181022079560797,,,0.0025638175986236193,synthetic,12.0,frozen_initial,0.003,,0.05636848984055774,1002,,single,0.9986293949896863,train
1.0,polynomial,,train-single-polynomial-a1-noise0.003-k12-r2,0.20713419844069939,0.09591792427172992,0.002561888255211596,,,0.0022730985236971294,synthetic,12.0,rexafs_direct,0.003,,0.04966381494209159,1002,,single,0.9983167480450831,train
0.3,bump,0.0005987387978902356,train-single-bump-a0.3-noise0-k10-r0,0.10142543786604036,0.06771667771754837,0.0006012552670233392,,,0.0005442599967801966,synthetic,10.0,larch_dynamic,0.0,,0.0781770313157864,1000,,single,1.0107482160385377,train
0.3,bump,0.0005985311549950258,train-single-bump-a0.3-noise0-k10-r0,0.10135777817288516,0.0676924629070405,0.0006010402641193491,,,0.0005437980756243855,synthetic,10.0,fixed_0,0.0,,0.0781487819819018,1000,,single,1.0107467811079895,train
0.3,bump,0.0005985315839181539,train-single-bump-a0.3-noise0-k10-r0,0.10135791782669144,0.06769251292577885,0.0006010407082349038,,,0.0005437990287487648,synthetic,10.0,fixed_1e-06,0.0,,0.07814884029606452,1000,,single,1.0107467840773818,train
0.3,bump,0.0005985354442094013,train-single-bump-a0.3-noise0-k10-r0,0.10135917470886055,0.06769296309262703,0.0006010447052589402,,,0.0005438076068515759,synthetic,10.0,fixed_1e-05,0.0,,0.07814936512145626,1000,,single,1.0107468108017736,train
0.3,bump,0.0005985740452096239,train-single-bump-a0.3-noise0-k10-r0,0.10137174330456425,0.0676974645563232,0.0006010846736810168,,,0.000543893386098708,synthetic,10.0,fixed_0.0001,0.0,,0.07815461316102891,1000,,single,1.0107470780257806,train
0.3,bump,0.0005989598640379967,train-single-bump-a0.3-noise0-k10-r0,0.10149740656080192,0.0677424587124724,0.0006014841760529852,,,0.000544750999795692,synthetic,10.0,fixed_0.001,0.0,,0.07820707212692216,1000,,single,1.010749748275943,train
0.3,bump,0.0006027989405921357,train-single-bump-a0.3-noise0-k10-r0,0.10275163990540766,0.06819034862922203,0.0006054609832527657,,,0.0005533082826837559,synthetic,10.0,fixed_0.01,0.0,,0.07872950910407284,1000,,single,1.0107762532930773,train
0.3,bump,0.0006392991879061469,train-single-bump-a0.3-noise0-k10-r0,0.11495661839049381,0.07246291186501747,0.0006433970019087219,,,0.0006362865779614394,synthetic,10.0,fixed_0.1,0.0,,0.08373262106406572,1000,,single,1.0110229303641416,train
0.3,bump,0.0008679651519004762,train-single-bump-a0.3-noise0-k10-r0,0.1951569408218123,0.09954109993680171,0.0008838237881653923,,,0.0011698868228014192,synthetic,10.0,fixed_1,0.0,,0.11589892837851715,1000,,single,1.012438649742794,train
0.3,bump,0.0005988761169601014,train-single-bump-a0.3-noise0-k10-r0,0.10147012359219522,0.0677326918561891,0.0006013974562967815,,,0.0005445648054902019,synthetic,10.0,frozen_initial,0.0,,0.07819568451105957,1000,,single,1.0107491687656547,train
0.3,bump,,train-single-bump-a0.3-noise0-k10-r0,0.10176700647219634,0.06796393109264595,0.0006034506256717183,,,0.0005481846872618189,synthetic,10.0,rexafs_direct,0.0,,0.07813858609377196,1000,,single,1.008777311961095,train
0.3,bump,0.00038646473636709696,train-single-bump-a0.3-noise0-k12-r0,0.09112817570734891,0.04882084378766245,0.00039118928164502285,,,0.0004621800833035278,synthetic,12.0,larch_dynamic,0.0,,0.03834881024184268,1000,,single,1.007502614888089,train
0.3,bump,0.0003864199302099104,train-single-bump-a0.3-noise0-k12-r0,0.09119570704041165,0.04881654316290678,0.00039115482180823437,,,0.0004626016867425025,synthetic,12.0,fixed_0,0.0,,0.038364829180241276,1000,,single,1.0075001225362716,train
0.3,bump,0.0003864200196385847,train-single-bump-a0.3-noise0-k12-r0,0.0911955720447132,0.04881655174234513,0.00039115489055314057,,,0.00046260084414763625,synthetic,12.0,fixed_1e-06,0.0,,0.03836479715488989,1000,,single,1.0075001275174689,train
0.3,bump,0.0003864208245168821,train-single-bump-a0.3-noise0-k12-r0,0.09119435709346967,0.04881662896013914,0.0003911555092801233,,,0.0004625932608283666,synthetic,12.0,fixed_1e-05,0.0,,0.03836450893236484,1000,,single,1.0075001723483281,train
0.3,bump,0.00038642887446702794,train-single-bump-a0.3-noise0-k12-r0,0.09118220858754023,0.04881740131885116,0.00039116169799843054,,,0.00046251743116842054,synthetic,12.0,fixed_0.0001,0.0,,0.038361627259861815,1000,,single,1.0075006206363104,train
0.3,bump,0.00038650949052842067,train-single-bump-a0.3-noise0-k12-r0,0.09106082417452004,0.04882514296000543,0.0003912237298439895,,,0.00046175948768360103,synthetic,12.0,fixed_0.001,0.0,,0.0383328657837709,1000,,single,1.0075051014551384,train
0.3,bump,0.00038732714803829817,train-single-bump-a0.3-noise0-k12-r0,0.08985704401806978,0.048904342792697245,0.00039185833840978704,,,0.0004542152087723653,synthetic,12.0,fixed_0.01,0.0,,0.038050765668471515,1000,,single,1.0075497045176875,train
0.3,bump,0.0003965046859005612,train-single-bump-a0.3-noise0-k12-r0,0.07882809789429097,0.04985396496324692,0.00039946742473257195,,,0.00038213909549953047,synthetic,12.0,fixed_0.1,0.0,,0.03576922897716011,1000,,single,1.007976132137392,train
0.3,bump,0.0005122689498848217,train-single-bump-a0.3-noise0-k12-r0,0.06538187224977814,0.06398715866964913,0.0005127131915899366,,,0.00012220722742329414,synthetic,12.0,fixed_1,0.0,,0.044258056679847564,1000,,single,1.0109012385417047,train
0.3,bump,0.00038649536997403897,train-single-bump-a0.3-noise0-k12-r0,0.0910820494202736,0.04882378604939564,0.0003912128572566781,,,0.0004618920576265296,synthetic,12.0,frozen_initial,0.0,,0.0383378908879733,1000,,single,1.007504317723134,train
0.3,bump,,train-single-bump-a0.3-noise0-k12-r0,0.08729188016038682,0.048322440433759176,0.00038719569950148425,,,0.00043858904822821577,synthetic,12.0,rexafs_direct,0.0,,0.037845306704195066,1000,,single,1.0052799222790447,train
0.3,bump,0.0006133974797624985,train-single-bump-a0.3-noise0.0003-k10-r0,0.1155830373403682,0.0729681887183755,0.0006478833467742167,,,0.0005895806936103601,synthetic,10.0,larch_dynamic,0.0003,,0.08251613923232225,1000,,single,1.0121212275035338,train
0.3,bump,0.0006131914703915655,train-single-bump-a0.3-noise0.0003-k10-r0,0.11552621395970489,0.07294670925993417,0.0006476926310162092,,,0.0005891719096843403,synthetic,10.0,fixed_0,0.0003,,0.08248973701825034,1000,,single,1.012119840542545,train
0.3,bump,0.0006131918959389653,train-single-bump-a0.3-noise0.0003-k10-r0,0.11552633123883703,0.072946753626223,0.0006476930249437574,,,0.0005891727531527628,synthetic,10.0,fixed_1e-06,0.0003,,0.08248979151932516,1000,,single,1.012119843412345,train
0.3,bump,0.0006131957258492703,train-single-bump-a0.3-noise0.0003-k10-r0,0.11552738675161128,0.07294715292166142,0.000647696570281384,,,0.000589180344376292,synthetic,10.0,fixed_1e-05,0.0003,,0.08249028202757654,1000,,single,1.012119869240424,train
0.3,bump,0.0006132340229084123,train-single-bump-a0.3-noise0.0003-k10-r0,0.11553794184346548,0.07295114571385256,0.0006477320222175386,,,0.0005892562559277908,synthetic,10.0,fixed_0.0001,0.0003,,0.08249518691105569,1000,,single,1.0121201275020115,train
0.3,bump,0.0006136167891671525,train-single-bump-a0.3-noise0.0003-k10-r0,0.11564348912077414,0.07299105741685587,0.0006480863975716679,,,0.0005900153031593491,synthetic,10.0,fixed_0.001,0.0003,,0.08254421587748267,1000,,single,1.012122708197191,train
0.3,bump,0.0006174240579939995,train-single-bump-a0.3-noise0.0003-k10-r0,0.11669847174168439,0.07338854680966608,0.0006516156993488447,,,0.0005975979476197892,synthetic,10.0,fixed_0.01,0.0003,,0.08303251063969519,1000,,single,1.0121483245312668,train
0.3,bump,0.0006535066103151525,train-single-bump-a0.3-noise0.0003-k10-r0,0.12709873127837376,0.07719719969663452,0.0006854326656522578,,,0.0006718776907178749,synthetic,10.0,fixed_0.1,0.0003,,0.08771104123804917,1000,,single,1.012386753634759,train
0.3,bump,0.0008770262589840156,train-single-bump-a0.3-noise0.0003-k10-r0,0.19917463625564008,0.10187952709345738,0.0009045866444052408,,,0.0011672380173827974,synthetic,10.0,fixed_1,0.0003,,0.11796299879157068,1000,,single,1.013756539578505,train
0.3,bump,0.0006135312546508234,train-single-bump-a0.3-noise0.0003-k10-r0,0.11561989479548933,0.07298213778269712,0.0006480072002867651,,,0.0005898456303337269,synthetic,10.0,frozen_initial,0.0003,,0.08253325867087127,1000,,single,1.012122131589951,train
0.3,bump,,train-single-bump-a0.3-noise0.0003-k10-r0,0.1130952437178535,0.07207991289762965,0.0006399963603803978,,,0.0005764329380413874,synthetic,10.0,rexafs_direct,0.0003,,0.0829427992024206,1000,,single,1.0103636557153977,train
0.3,bump,0.0005760738359281984,train-single-bump-a0.3-noise0.0003-k10-r1,0.11514866928754848,0.07303156663346388,0.0006484460782392599,,,0.0006257891687198194,synthetic,10.0,larch_dynamic,0.0003,,0.07822634971467675,1001,,single,1.0117234462891465,train
0.3,bump,0.0005758785038522958,train-single-bump-a0.3-noise0.0003-k10-r1,0.11508760322572435,0.07300990905480392,0.0006482537809547624,,,0.0006253777078203742,synthetic,10.0,fixed_0,0.0003,,0.07819737333037681,1001,,single,1.0117220398876134,train
0.3,bump,0.0005758789073173581,train-single-bump-a0.3-noise0.0003-k10-r1,0.11508772926851782,0.07300995378918698,0.0006482541781506133,,,0.0006253785567968789,synthetic,10.0,fixed_1e-06,0.0003,,0.07819743314884292,1001,,single,1.0117220427978306,train
0.3,bump,0.0005758825384933479,train-single-bump-a0.3-noise0.0003-k10-r1,0.11508886365280926,0.07301035639770996,0.0006482577529050631,,,0.0006253861975819835,synthetic,10.0,fixed_1e-05,0.0003,,0.07819797151281477,1001,,single,1.0117220689897628,train
0.3,bump,0.0005759188486188107,train-single-bump-a0.3-noise0.0003-k10-r1,0.11510020736081578,0.07301438232394153,0.0006482934990378175,,,0.0006254626046616574,synthetic,10.0,fixed_0.0001,0.0003,,0.07820335490291705,1001,,single,1.011722330889654,train
0.3,bump,0.0005762817862421889,train-single-bump-a0.3-noise0.0003-k10-r1,0.11521363091903396,0.07305462566438758,0.0006486508189953432,,,0.0006262265984411418,synthetic,10.0,fixed_0.001,0.0003,,0.07825716388235485,1001,,single,1.011724947938744,train
0.3,bump,0.0005798947709628321,train-single-bump-a0.3-noise0.0003-k10-r1,0.1163463971342543,0.0734554601159804,0.0006522098214944001,,,0.0006338578862598188,synthetic,10.0,fixed_0.01,0.0003,,0.07879275775063735,1001,,single,1.0117509249183823,train
0.3,bump,0.0006143758302140279,train-single-bump-a0.3-noise0.0003-k10-r1,0.1274355038410122,0.07729957106172167,0.0006863416193181147,,,0.000708578667964365,synthetic,10.0,fixed_0.1,0.0003,,0.0838983189930224,1001,,single,1.0119926912775519,train
0.3,bump,0.0008335968137204441,train-single-bump-a0.3-noise0.0003-k10-r1,0.2024738161175794,0.10228452756165979,0.0009081826368972134,,,0.001208012866854699,synthetic,10.0,fixed_1,0.0003,,0.11616119300128704,1001,,single,1.0133804503868342,train
0.3,bump,0.0005762031134278656,train-single-bump-a0.3-noise0.0003-k10-r1,0.11518903866810253,0.07304590190311619,0.0006485733608625836,,,0.0006260609488101778,synthetic,10.0,frozen_initial,0.0003,,0.0782454999862481,1001,,single,1.0117243807681102,train
0.3,bump,,train-single-bump-a0.3-noise0.0003-k10-r1,0.11227159196053317,0.07174322741996786,0.0006370069355651584,,,0.0006142241291844323,synthetic,10.0,rexafs_direct,0.0003,,0.0776929111643051,1001,,single,1.0099504417449963,train
0.3,bump,0.0006129876566140639,train-single-bump-a0.3-noise0.0003-k10-r2,0.1163451211323569,0.0752992609457893,0.000668580898718369,,,0.0006278147254954725,synthetic,10.0,larch_dynamic,0.0003,,0.08169930716670541,1002,,single,1.0087910156805082,train
0.3,bump,0.0006127816666465029,train-single-bump-a0.3-noise0.0003-k10-r2,0.11628592168689808,0.07527747103820338,0.000668387426487516,,,0.000627415334336466,synthetic,10.0,fixed_0,0.0003,,0.081671191476941,1002,,single,1.008789595553546,train
0.3,bump,0.0006127820921206503,train-single-bump-a0.3-noise0.0003-k10-r2,0.11628604386920478,0.07527751604659895,0.0006683878261163193,,,0.0006274161583264413,synthetic,10.0,fixed_1e-06,0.0003,,0.08167124951517916,1002,,single,1.0087895984923367,train
0.3,bump,0.0006127859213765333,train-single-bump-a0.3-noise0.0003-k10-r2,0.11628714350962084,0.0752779211213238,0.0006683914227681348,,,0.0006274235742364356,synthetic,10.0,fixed_1e-05,0.0003,,0.0816717718572492,1002,,single,1.008789624941481,train
0.3,bump,0.0006128242119956651,train-single-bump-a0.3-noise0.0003-k10-r2,0.11629813986393824,0.07528197170658943,0.0006684273878480468,,,0.0006274977332492918,synthetic,10.0,fixed_0.0001,0.0003,,0.08167699505306943,1002,,single,1.0087898894130258,train
0.3,bump,0.0006132069248934992,train-single-bump-a0.3-noise0.0003-k10-r2,0.11640809831027628,0.07532246142560617,0.0006687868953968466,,,0.0006282393137125571,synthetic,10.0,fixed_0.001,0.0003,,0.08172920453871294,1002,,single,1.0087925321570461,train
0.3,bump,0.0006170147399015272,train-single-bump-a0.3-noise0.0003-k10-r2,0.11750704241112939,0.07572573886468228,0.0006723675891415632,,,0.0006356530732159983,synthetic,10.0,fixed_0.01,0.0003,,0.08224904556146719,1002,,single,1.0088187639458555,train
0.3,bump,0.0006531901058713522,train-single-bump-a0.3-noise0.0003-k10-r2,0.12832865475327263,0.07959250763370365,0.0007067005654052963,,,0.0007087447024389421,synthetic,10.0,fixed_0.1,0.0003,,0.08721867118704434,1002,,single,1.0090628792836567,train
0.3,bump,0.0008793096355196934,train-single-bump-a0.3-noise0.0003-k10-r2,0.20293387671482907,0.10472029267090131,0.0009298097552161564,,,0.0012068719524084847,synthetic,10.0,fixed_1,0.0003,,0.11901989726017653,1002,,single,1.0104627382373659,train
0.3,bump,0.0006131227263655772,train-single-bump-a0.3-noise0.0003-k10-r2,0.11638389911362695,0.07531355283608217,0.0006687077961770741,,,0.0006280761059453161,synthetic,10.0,frozen_initial,0.0003,,0.08171771761474161,1002,,single,1.0087919508407834,train
0.3,bump,,train-single-bump-a0.3-noise0.0003-k10-r2,0.11442498715074419,0.07443764288314454,0.0006609306061200162,,,0.0006209171419688984,synthetic,10.0,rexafs_direct,0.0003,,0.08161953110494866,1002,,single,1.007104047776066,train
0.3,bump,0.00039858985045179013,train-single-bump-a0.3-noise0.0003-k12-r0,0.11052293832353925,0.05765622865698814,0.0004619850236260794,,,0.0004882246222061364,synthetic,12.0,larch_dynamic,0.0003,,0.04536462265499851,1000,,single,1.0085669989768142,train
0.3,bump,0.0003985462607132214,train-single-bump-a0.3-noise0.0003-k12-r0,0.1105710938865675,0.05765249162386849,0.0004619550797089297,,,0.0004885720637124064,synthetic,12.0,fixed_0,0.0003,,0.04538036407414057,1000,,single,1.008564591410835,train
0.3,bump,0.00039854634768963034,train-single-bump-a0.3-noise0.0003-k12-r0,0.1105709976025604,0.057652499079960486,0.0004619551394527408,,,0.0004885713692359341,synthetic,12.0,fixed_1e-06,0.0003,,0.04538033260725431,1000,,single,1.0085645962224832,train
0.3,bump,0.00039854713049503493,train-single-bump-a0.3-noise0.0003-k12-r0,0.11057013105646588,0.057652566187030484,0.0004619556771650061,,,0.0004885651189884711,synthetic,12.0,fixed_1e-05,0.0003,,0.045380049409765734,1000,,single,1.0085646395274164,train
0.3,bump,0.0003985549595748562,train-single-bump-a0.3-noise0.0003-k12-r0,0.11056146665056117,0.057653237398309375,0.0004619610554140827,,,0.000488502621074592,synthetic,12.0,fixed_0.0001,0.0003,,0.04537721789337893,1000,,single,1.0085650725566446,train
0.3,bump,0.0003986333532083996,train-single-bump-a0.3-noise0.0003-k12-r0,0.11047492805347597,0.05765996359843927,0.0004620149507832095,,,0.0004878780977467104,synthetic,12.0,fixed_0.001,0.0003,,0.04534894855532989,1000,,single,1.0085694008581523,train
0.3,bump,0.00039942743173215957,train-single-bump-a0.3-noise0.0003-k12-r0,0.10962006612199675,0.05772861770640386,0.000462565059079032,,,0.0004816783978380518,synthetic,12.0,fixed_0.01,0.0003,,0.04507082394619488,1000,,single,1.0086124857101948,train
0.3,bump,0.00040825092089196433,train-single-bump-a0.3-noise0.0003-k12-r0,0.10210122870969966,0.05853879902278758,0.00046905684051027496,,,0.0004242001816710391,synthetic,12.0,fixed_0.1,0.0003,,0.042732050997238244,1000,,single,1.009024396618891,train
0.3,bump,0.0005173687261151077,train-single-bump-a0.3-noise0.0003-k12-r0,0.09800537987752676,0.07052616730368115,0.000565108641806715,,,0.0002938580370486198,synthetic,12.0,fixed_1,0.0003,,0.04614731156840521,1000,,single,1.0118497920238387,train
0.3,bump,0.00039861962349549076,train-single-bump-a0.3-noise0.0003-k12-r0,0.11049005554304135,0.057658784894171214,0.0004620055061190021,,,0.0004879873083910773,synthetic,12.0,frozen_initial,0.0003,,0.045353888720988195,1000,,single,1.0085686438129864,train
0.3,bump,,train-single-bump-a0.3-noise0.0003-k12-r0,0.10241142475654816,0.05539576563478746,0.00044387249550825763,,,0.00045297814761389467,synthetic,12.0,rexafs_direct,0.0003,,0.0456445174836877,1000,,single,1.0065083387375418,train
0.3,bump,0.00039458196573430597,train-single-bump-a0.3-noise0.0003-k12-r1,0.13453064031473455,0.06251904002853474,0.0005009495219760914,,,0.0005970907431417324,synthetic,12.0,larch_dynamic,0.0003,,0.04576982917840312,1001,,single,1.0084881732867568,train
0.3,bump,0.00039453990224482005,train-single-bump-a0.3-noise0.0003-k12-r1,0.13458961268853462,0.06251618894306121,0.0005009266769371331,,,0.0005974992674189223,synthetic,12.0,fixed_0,0.0003,,0.04578273485918084,1001,,single,1.008485485983544,train
0.3,bump,0.0003945399861504411,train-single-bump-a0.3-noise0.0003-k12-r1,0.13458949479051385,0.0625161946275217,0.0005009267224853016,,,0.0005974984508269422,synthetic,12.0,fixed_1e-06,0.0003,,0.04578270905524947,1001,,single,1.0084854913547008,train
0.3,bump,0.00039454074132253664,train-single-bump-a0.3-noise0.0003-k12-r1,0.13458843371957221,0.06251624579017541,0.0005009271324389238,,,0.0005974911015478814,synthetic,12.0,fixed_1e-05,0.0003,,0.04578247682563441,1001,,single,1.0084855396951407,train
0.3,bump,0.00039454829447191223,train-single-bump-a0.3-noise0.0003-k12-r1,0.13457782409229616,0.0625167575932373,0.0005009312333895956,,,0.0005974176133621815,synthetic,12.0,fixed_0.0001,0.0003,,0.04578015509667545,1001,,single,1.0084860230772787,train
0.3,bump,0.00039462396866031844,train-single-bump-a0.3-noise0.0003-k12-r1,0.1344718359578261,0.06252189326564589,0.0005009723842555867,,,0.0005966831915342616,synthetic,12.0,fixed_0.001,0.0003,,0.04575699449813564,1001,,single,1.00849085467686,train
0.3,bump,0.0003953947952519531,train-single-bump-a0.3-noise0.0003-k12-r1,0.1334227428966138,0.06257499502263265,0.0005013978754302188,,,0.0005893848753855936,synthetic,12.0,fixed_0.01,0.0003,,0.0455310357036833,1001,,single,1.0085389495236792,train
0.3,bump,0.0004043384466954651,train-single-bump-a0.3-noise0.0003-k12-r1,0.12398547687186286,0.06326246199987953,0.0005069063773756899,,,0.0005209032515657868,synthetic,12.0,fixed_0.1,0.0003,,0.04381272287115516,1001,,single,1.0089987637093365,train
0.3,bump,0.0005267848619765216,train-single-bump-a0.3-noise0.0003-k12-r1,0.1062483409881377,0.07561950050828486,0.0006059202542842361,,,0.0002792913449746481,synthetic,12.0,fixed_1,0.0003,,0.05476311748101175,1001,,single,1.0121531272912352,train
0.3,bump,0.00039461181786704433,train-single-bump-a0.3-noise0.0003-k12-r1,0.13448881651250086,0.06252106767184884,0.0005009657689777802,,,0.0005968008900095011,synthetic,12.0,frozen_initial,0.0003,,0.04576070105582263,1001,,single,1.0084900802660208,train
0.3,bump,,train-single-bump-a0.3-noise0.0003-k12-r1,0.12651517349671676,0.059839032840764056,0.0004794752907819871,,,0.0005674927534724489,synthetic,12.0,rexafs_direct,0.0003,,0.04636582763229302,1001,,single,1.0064319688356804,train
0.3,bump,0.0003910009434564074,train-single-bump-a0.3-noise0.0003-k12-r2,0.11088817274585742,0.05844875595517701,0.00046833534779931556,,,0.0004790094686132519,synthetic,12.0,larch_dynamic,0.0003,,0.04174074883141064,1002,,single,1.0051247961554466,train
0.3,bump,0.0003909644497862013,train-single-bump-a0.3-noise0.0003-k12-r2,0.11093576634679357,0.058445238271911115,0.00046830716147800106,,,0.0004793591674712431,synthetic,12.0,fixed_0,0.0003,,0.041758452726954456,1002,,single,1.005122424297695,train
0.3,bump,0.00039096452258224006,train-single-bump-a0.3-noise0.0003-k12-r2,0.11093567118820996,0.058445245289835225,0.00046830721771088193,,,0.0004793584684799138,synthetic,12.0,fixed_1e-06,0.0003,,0.041758417339164876,1002,,single,1.0051224290378584,train
0.3,bump,0.0003909651777709182,train-single-bump-a0.3-noise0.0003-k12-r2,0.11093481477222916,0.05844530845386712,0.0004683077238285633,,,0.0004793521776080122,synthetic,12.0,fixed_1e-05,0.0003,,0.041758098853859144,1002,,single,1.0051224716995524,train
0.3,bump,0.00039097173074908347,train-single-bump-a0.3-noise0.0003-k12-r2,0.11092625163801638,0.05844594022947372,0.0004683127860894039,,,0.00047928927325136835,synthetic,12.0,fixed_0.0001,0.0003,,0.04175491446189759,1002,,single,1.0051228982966869,train
0.3,bump,0.0003910373700396045,train-single-bump-a0.3-noise0.0003-k12-r2,0.11084072279186204,0.0584522715513192,0.0004683635173970266,,,0.0004786606655573976,synthetic,12.0,fixed_0.001,0.0003,,0.041723116625104625,1002,,single,1.005127162308183,train
0.3,bump,0.0003917045731838312,train-single-bump-a0.3-noise0.0003-k12-r2,0.1099956613422648,0.05851692553162601,0.0004688815736645855,,,0.0004724181220362744,synthetic,12.0,fixed_0.01,0.0003,,0.041409737171970565,1002,,single,1.0051696073347465,train
0.3,bump,0.00039932633387115715,train-single-bump-a0.3-noise0.0003-k12-r2,0.10254478733190497,0.05928273087991276,0.00047501778149784544,,,0.0004143054969547157,synthetic,12.0,fixed_0.1,0.0003,,0.038725875204800454,1002,,single,1.0055754138083741,train
0.3,bump,0.000501409785755182,train-single-bump-a0.3-noise0.0003-k12-r2,0.09717729149417949,0.0707658265245496,0.0005670289715506844,,,0.00027123081677192783,synthetic,12.0,fixed_1,0.0003,,0.0410365715538337,1002,,single,1.0083598368294688,train
0.3,bump,0.00039102576368699003,train-single-bump-a0.3-noise0.0003-k12-r2,0.11085581363239838,0.0584511516489975,0.00046835454389819393,,,0.0004787716200120134,synthetic,12.0,frozen_initial,0.0003,,0.041728726029729483,1002,,single,1.005126409543135,train
0.3,bump,,train-single-bump-a0.3-noise0.0003-k12-r2,0.10196460305709194,0.05604879998386136,0.0004491050973660792,,,0.00043986051321887975,synthetic,12.0,rexafs_direct,0.0003,,0.04104982745988442,1002,,single,1.003155949170746,train
0.3,bump,0.0009407527506848812,train-single-bump-a0.3-noise0.003-k10-r0,0.5427247759935923,0.28548334993342894,0.0025348019657860377,,,0.002607910154836779,synthetic,10.0,larch_dynamic,0.003,,0.16893589678926077,1000,,single,1.024478329388518,train
0.3,bump,0.0009406203674631325,train-single-bump-a0.3-noise0.003-k10-r0,0.5427172243140317,0.28547996410433135,0.002534771903065202,,,0.002607851436868566,synthetic,10.0,fixed_0,0.003,,0.16892550810943024,1000,,single,1.0244773754534982,train
0.3,bump,0.0009406206409359574,train-single-bump-a0.3-noise0.003-k10-r0,0.5427172398991689,0.28547997109721357,0.0025347719651548878,,,0.0026078515580360223,synthetic,10.0,fixed_1e-06,0.003,,0.16892552955422624,1000,,single,1.0244773774269609,train
0.3,bump,0.0009406231021782237,train-single-bump-a0.3-noise0.003-k10-r0,0.5427173801655881,0.2854800340331904,0.0025347725239623906,,,0.002607852648545294,synthetic,10.0,fixed_1e-05,0.003,,0.1689257225565555,1000,,single,1.024477395188247,train
0.3,bump,0.0009406477130695802,train-single-bump-a0.3-noise0.003-k10-r0,0.542718782847733,0.2854806633755909,0.0025347781118832072,,,0.0026078635538639384,synthetic,10.0,fixed_0.0001,0.003,,0.1689276524968092,1000,,single,1.024477572788076,train
0.3,bump,0.0009408936685276511,train-single-bump-a0.3-noise0.003-k10-r0,0.5427328114677006,0.28548695506885297,0.0025348339757241376,,,0.0026079726296621337,synthetic,10.0,fixed_0.001,0.003,,0.1689469436136179,1000,,single,1.024479347488351,train
0.3,bump,0.0009433379639539405,train-single-bump-a0.3-noise0.003-k10-r0,0.5428732668027966,0.2855496980182499,0.002535391069339256,,,0.0026090655503783044,synthetic,10.0,fixed_0.01,0.003,,0.16913902712501108,1000,,single,1.0244969656751517,train
0.3,bump,0.0009663369472639753,train-single-bump-a0.3-noise0.003-k10-r0,0.5442854103858342,0.28615902000239163,0.0025408012292086816,,,0.0026201251338855286,synthetic,10.0,fixed_0.1,0.003,,0.17097836620397702,1000,,single,1.02466116307037,train
0.3,bump,0.0011063696327120735,train-single-bump-a0.3-noise0.003-k10-r0,0.5560138427021792,0.2905495549915054,0.00257978471712086,,,0.0027137674392373645,synthetic,10.0,fixed_1,0.003,,0.1832299872466168,1000,,single,1.025617548099807,train
0.3,bump,0.0009408341690959966,train-single-bump-a0.3-noise0.003-k10-r0,0.5427294160270079,0.2854854326708832,0.002534820458377618,,,0.002607946227880511,synthetic,10.0,frozen_initial,0.003,,0.16894227624781671,1000,,single,1.0244789181998633,train
0.3,bump,,train-single-bump-a0.3-noise0.003-k10-r0,0.48310229336039323,0.2526674093692717,0.002243429769577255,,,0.0022663502347621237,synthetic,10.0,rexafs_direct,0.003,,0.17147016755538225,1000,,single,1.0246462686279068,train
0.3,bump,0.0005637431526397536,train-single-bump-a0.3-noise0.003-k10-r1,0.5392815902141663,0.31324244834832055,0.0027812745437732415,,,0.002807203024769763,synthetic,10.0,larch_dynamic,0.003,,0.13094651112420375,1001,,single,1.0205005178111624,train
0.3,bump,0.0005637014778563891,train-single-bump-a0.3-noise0.003-k10-r1,0.5392667763768382,0.313238919713192,0.0027812432130800073,,,0.0028070991279404004,synthetic,10.0,fixed_0,0.003,,0.1309266445675224,1001,,single,1.0204993689041344,train
0.3,bump,0.0005637015637263385,train-single-bump-a0.3-noise0.003-k10-r1,0.5392668069564837,0.3132389270004268,0.002781243277783245,,,0.0028070993423151298,synthetic,10.0,fixed_1e-06,0.003,,0.13092668558898307,1001,,single,1.0204993712819026,train
0.3,bump,0.0005637023365712406,train-single-bump-a0.3-noise0.003-k10-r1,0.5392670821730718,0.31323899258551213,0.0027812438601121387,,,0.0028071012716881327,synthetic,10.0,fixed_1e-05,0.003,,0.13092705478027156,1001,,single,1.0204993926817765,train
0.3,bump,0.0005637100659636131,train-single-bump-a0.3-noise0.003-k10-r1,0.5392698343144727,0.3132396484275604,0.0027812496833228917,,,0.002807120565397909,synthetic,10.0,fixed_0.0001,0.003,,0.13093074650235073,1001,,single,1.0204996066646668,train
0.3,bump,0.0005637874541782326,train-single-bump-a0.3-noise0.003-k10-r1,0.5392973532807533,0.31324620596530517,0.002781307907592608,,,0.002807313500560526,synthetic,10.0,fixed_0.001,0.003,,0.1309676446640927,1001,,single,1.0205017449040192,train
0.3,bump,0.0005645705604121049,train-single-bump-a0.3-noise0.003-k10-r1,0.5395722857039003,0.31331169069826675,0.0027818893454588755,,,0.0028092425448532523,synthetic,10.0,fixed_0.01,0.003,,0.1313347258229681,1001,,single,1.0205229695463054,train
0.3,bump,0.0005731422626003472,train-single-bump-a0.3-noise0.003-k10-r1,0.5422852936395474,0.3139554649112231,0.0027876054061009574,,,0.0028284048905837748,synthetic,10.0,fixed_0.1,0.003,,0.13482135692651212,1001,,single,1.0207205394981775,train
0.3,bump,0.0006619877999738992,train-single-bump-a0.3-noise0.003-k10-r1,0.5630992521422099,0.3188422873302078,0.002830995421935429,,,0.002978925382569631,synthetic,10.0,fixed_1,0.003,,0.15694258152483176,1001,,single,1.021856656183126,train
0.3,bump,0.0005637738349699607,train-single-bump-a0.3-noise0.003-k10-r1,0.5392925150729524,0.3132450531005245,0.0027812976713251936,,,0.002807279577937638,synthetic,10.0,frozen_initial,0.003,,0.13096115954238893,1001,,single,1.0205013691565854,train
0.3,bump,,train-single-bump-a0.3-noise0.003-k10-r1,0.47247866109691394,0.27384452746757637,0.0024314610526548256,,,0.0024690125502024878,synthetic,10.0,rexafs_direct,0.003,,0.13144899681612685,1001,,single,1.0205125527463597,train
0.3,bump,0.0008904033463306784,train-single-bump-a0.3-noise0.003-k10-r2,0.5555576331658085,0.3203956814146444,0.002844787982446537,,,0.002806515437489786,synthetic,10.0,larch_dynamic,0.003,,0.1737423237321387,1002,,single,0.991176211879282,train
0.3,bump,0.0008902445090567565,train-single-bump-a0.3-noise0.003-k10-r2,0.5555449522120299,0.32039057660620646,0.0028447426569364266,,,0.0028064284145814062,synthetic,10.0,fixed_0,0.003,,0.17372503106042858,1002,,single,0.991174925563477,train
0.3,bump,0.0008902448369089746,train-single-bump-a0.3-noise0.003-k10-r2,0.5555449783783593,0.3203905871505552,0.0028447427505595255,,,0.00280642859399297,synthetic,10.0,fixed_1e-06,0.003,,0.173725066752874,1002,,single,0.9911749282270182,train
0.3,bump,0.0008902477875713449,train-single-bump-a0.3-noise0.003-k10-r2,0.5555452138760312,0.3203906820496118,0.002844743593166687,,,0.0028064302087061096,synthetic,10.0,fixed_1e-05,0.003,,0.17372538798377024,1002,,single,0.9911749521987507,train
0.3,bump,0.000890277292748251,train-single-bump-a0.3-noise0.003-k10-r2,0.5555475689074041,0.32039163101876406,0.002844752019048173,,,0.002806446356515693,synthetic,10.0,fixed_0.0001,0.003,,0.1737286001582786,1002,,single,0.991175191898153,train
0.3,bump,0.0008905721996187932,train-single-bump-a0.3-noise0.003-k10-r2,0.5555711246842329,0.32040111857069903,0.002844836258865664,,,0.0028066079025653554,synthetic,10.0,fixed_0.001,0.003,,0.17376070849458614,1002,,single,0.9911775870868508,train
0.3,bump,0.0008935068050164742,train-single-bump-a0.3-noise0.003-k10-r2,0.5558072067142156,0.3204957779132188,0.0028456767376100643,,,0.0028082299582926065,synthetic,10.0,fixed_0.01,0.003,,0.17408045114647314,1002,,single,0.9912013598209088,train
0.3,bump,0.0009214380000060847,train-single-bump-a0.3-noise0.003-k10-r2,0.5582011731187296,0.3214189333554711,0.002853873419589217,,,0.0028249342992489055,synthetic,10.0,fixed_0.1,0.003,,0.1771447802442423,1002,,single,0.9914224195591815,train
0.3,bump,0.0010995840361146857,train-single-bump-a0.3-noise0.003-k10-r2,0.578650682152075,0.3281598114138927,0.002913725564933579,,,0.0029751450080781564,synthetic,10.0,fixed_1,0.003,,0.19752574444789353,1002,,single,0.9926795346884507,train
0.3,bump,0.0008905013465002136,train-single-bump-a0.3-noise0.003-k10-r2,0.5555654624452384,0.3203988387121098,0.0028448160160387706,,,0.002806569065748701,synthetic,10.0,frozen_initial,0.003,,0.17375299388476514,1002,,single,0.9911770117327103,train
0.3,bump,,train-single-bump-a0.3-noise0.003-k10-r2,0.49920879637916454,0.2874044907780125,0.002551859743728387,,,0.0025536881000731834,synthetic,10.0,rexafs_direct,0.003,,0.16934297205819196,1002,,single,0.9920445689079621,train
0.3,bump,0.0008304993701216993,train-single-bump-a0.3-noise0.003-k12-r0,0.7254126022523898,0.31334848116816527,0.002510783463429414,,,0.0025883442617497363,synthetic,12.0,larch_dynamic,0.003,,0.1648595048003701,1000,,single,1.0181464556175528,train
0.3,bump,0.0008304803776804035,train-single-bump-a0.3-noise0.003-k12-r0,0.7254123293166853,0.31334776319908836,0.0025107777105217288,,,0.0025883447814858654,synthetic,12.0,fixed_0,0.003,,0.16486697208451773,1000,,single,1.0181448112819762,train
0.3,bump,0.0008304804155329186,train-single-bump-a0.3-noise0.003-k12-r0,0.7254123298549928,0.31334776463255265,0.0025107777220077215,,,0.002588344780398324,synthetic,12.0,fixed_1e-06,0.003,,0.1648669571634454,1000,,single,1.0181448145676752,train
0.3,bump,0.0008304807562173483,train-single-bump-a0.3-noise0.003-k12-r0,0.7254123347005481,0.31334777753397275,0.002510777825383593,,,0.0025883447706163245,synthetic,12.0,fixed_1e-05,0.003,,0.16486682287505405,1000,,single,1.0181448441391143,train
0.3,bump,0.000830484163222794,train-single-bump-a0.3-noise0.003-k12-r0,0.7254123832270798,0.3133479065572843,0.0025107788592153056,,,0.00258834467333694,synthetic,12.0,fixed_0.0001,0.003,,0.16486548010144303,1000,,single,1.0181451398398182,train
0.3,bump,0.0008305182497400128,train-single-bump-a0.3-noise0.003-k12-r0,0.7254128755979603,0.31334919770555103,0.0025107892048653146,,,0.0025883437546237683,synthetic,12.0,fixed_0.001,0.003,,0.16485206340433042,1000,,single,1.0181480954853985,train
0.3,bump,0.0008308607381573093,train-single-bump-a0.3-noise0.003-k12-r0,0.7254185032133851,0.3133621995866683,0.002510893385705703,,,0.0025883399260512854,synthetic,12.0,fixed_0.01,0.003,,0.1647189934475636,1000,,single,1.0181775164427491,train
0.3,bump,0.0008344257961118071,train-single-bump-a0.3-noise0.003-k12-r0,0.7255389457611238,0.31350021299138064,0.0025119992527997182,,,0.0025887910676723495,synthetic,12.0,fixed_0.1,0.003,,0.16349145278206623,1000,,single,1.0184587769526428,train
0.3,bump,0.0008724608791749848,train-single-bump-a0.3-noise0.003-k12-r0,0.7296057302886884,0.3151123001401887,0.0025249165062669917,,,0.002615556249428913,synthetic,12.0,fixed_1,0.003,,0.1573717910405299,1000,,single,1.0203867733632355,train
0.3,bump,0.0008305160401834796,train-single-bump-a0.3-noise0.003-k12-r0,0.7254128433034663,0.31334911399468324,0.002510788534110947,,,0.002588343811175451,synthetic,12.0,frozen_initial,0.003,,0.16485293213755153,1000,,single,1.018147904048026,train
0.3,bump,,train-single-bump-a0.3-noise0.003-k12-r0,0.6523870999970803,0.2776072420948736,0.0022243978020304754,,,0.0023764302411368875,synthetic,12.0,rexafs_direct,0.003,,0.169006934561079,1000,,single,1.0175722601394261,train
0.3,bump,0.0005785504176712678,train-single-bump-a0.3-noise0.003-k12-r1,0.8428803148452612,0.3608055919782788,0.002891045491826557,,,0.0027333999261279517,synthetic,12.0,larch_dynamic,0.003,,0.21414695782131826,1001,,single,1.0173581976647792,train
0.3,bump,0.0005785561648624047,train-single-bump-a0.3-noise0.003-k12-r1,0.8429187638688633,0.36080675933261414,0.002891054845546575,,,0.0027337312581046554,synthetic,12.0,fixed_0,0.003,,0.21414655306083488,1001,,single,1.0173537570091051,train
0.3,bump,0.0005785561525351972,train-single-bump-a0.3-noise0.003-k12-r1,0.8429186869807435,0.36080675699335,0.002891054826802634,,,0.002733730595205321,synthetic,12.0,fixed_1e-06,0.003,,0.21414655388273415,1001,,single,1.0173537658898293,train
0.3,bump,0.0005785560416343047,train-single-bump-a0.3-noise0.003-k12-r1,0.842917994995291,0.36080673594127877,0.0028910546581176213,,,0.0027337246291709826,synthetic,12.0,fixed_1e-05,0.003,,0.21414656128285875,1001,,single,1.0173538458164932,train
0.3,bump,0.0005785549361295582,train-single-bump-a0.3-noise0.003-k12-r1,0.8429110758871055,0.3608065255259381,0.0028910529721118184,,,0.0027336649745495325,synthetic,12.0,fixed_0.0001,0.003,,0.2141466355871427,1001,,single,1.0173546450461943,train
0.3,bump,0.0005785442314956043,train-single-bump-a0.3-noise0.003-k12-r1,0.8428419593742623,0.36080443190779005,0.0028910361964701895,,,0.002733069000147834,synthetic,12.0,fixed_0.001,0.003,,0.21414740889876574,1001,,single,1.0173626336725836,train
0.3,bump,0.0005784719124240221,train-single-bump-a0.3-noise0.003-k12-r1,0.8421582009001745,0.3607845400576632,0.0028908768080213635,,,0.0027271661079183948,synthetic,12.0,fixed_0.01,0.003,,0.21415814067872407,1001,,single,1.017442154577928,train
0.3,bump,0.0005809175449757576,train-single-bump-a0.3-noise0.003-k12-r1,0.8360136789599917,0.36068143056134805,0.0028900506172662476,,,0.002673506835252481,synthetic,12.0,fixed_0.1,0.003,,0.2145387813782046,1001,,single,1.0182024478568883,train
0.3,bump,0.0007310741691111023,train-single-bump-a0.3-noise0.003-k12-r1,0.8139541467232201,0.36421112635997605,0.0029183331920184623,,,0.0024607729050191824,synthetic,12.0,fixed_1,0.003,,0.23014431420812131,1001,,single,1.0234201260369398,train
0.3,bump,0.0005785435226719186,train-single-bump-a0.3-noise0.003-k12-r1,0.8428372375197231,0.3608042894266606,0.0028910350548043283,,,0.0027330282800569925,synthetic,12.0,frozen_initial,0.003,,0.21414746379327557,1001,,single,1.0173631797625309,train
0.3,bump,,train-single-bump-a0.3-noise0.003-k12-r1,0.7621417356972148,0.319535144539655,0.0025603556586704193,,,0.0025380750569893675,synthetic,12.0,rexafs_direct,0.003,,0.2238524999648563,1001,,single,1.0168373763492033,train
0.3,bump,0.0006256258064659622,train-single-bump-a0.3-noise0.003-k12-r2,0.7500410014263788,0.344593957186669,0.002761145693371538,,,0.0023751478189721668,synthetic,12.0,larch_dynamic,0.003,,0.15981910345760506,1002,,single,0.9837244262868067,train
0.3,bump,0.0006256306163671167,train-single-bump-a0.3-noise0.003-k12-r2,0.7500410469606715,0.34459355130638664,0.002761142441153761,,,0.002375149139777846,synthetic,12.0,fixed_0,0.003,,0.15982625328173933,1002,,single,0.9837231401502012,train
0.3,bump,0.0006256306065919049,train-single-bump-a0.3-noise0.003-k12-r2,0.7500410468620232,0.3445935521167539,0.002761142447647032,,,0.002375149137044467,synthetic,12.0,fixed_1e-06,0.003,,0.1598262389889399,1002,,single,0.9837231427211854,train
0.3,bump,0.0006256305186267175,train-single-bump-a0.3-noise0.003-k12-r2,0.750041045974645,0.3445935594102102,0.0027611425060876838,,,0.002375149112448353,synthetic,12.0,fixed_1e-05,0.003,,0.15982611035467736,1002,,single,0.9837231658602137,train
0.3,bump,0.0006256296392833145,train-single-bump-a0.3-noise0.003-k12-r2,0.7500410371439875,0.34459363234983925,0.0027611430905347943,,,0.002375148866850276,synthetic,12.0,fixed_0.0001,0.003,,0.15982482409955015,1002,,single,0.9837233972400152,train
0.3,bump,0.0006256208764001624,train-single-bump-a0.3-noise0.003-k12-r2,0.7500409531391262,0.3445943622479443,0.002761148939026816,,,0.0023751464470298574,synthetic,12.0,fixed_0.001,0.003,,0.15981197027587374,1002,,single,0.9837257099856019,train
0.3,bump,0.000625536277935947,train-single-bump-a0.3-noise0.003-k12-r2,0.7500405393469676,0.3446017108034989,0.002761207821175208,,,0.002375125832482406,synthetic,12.0,fixed_0.01,0.003,,0.15968429976365006,1002,,single,0.9837487326880405,train
0.3,bump,0.0006249691511596337,train-single-bump-a0.3-noise0.003-k12-r2,0.7500753475126165,0.34467958512367225,0.0027618318087387927,,,0.002375247432045693,synthetic,12.0,fixed_0.1,0.003,,0.15848955338668072,1002,,single,0.9839689488471816,train
0.3,bump,0.0006329273675205479,train-single-bump-a0.3-noise0.003-k12-r2,0.7522082485586932,0.3455879923171041,0.0027691106496983086,,,0.0023916053054537163,synthetic,12.0,fixed_1,0.003,,0.1516325603907138,1002,,single,0.9854872214191979,train
0.3,bump,0.0006256221959645585,train-single-bump-a0.3-noise0.003-k12-r2,0.7500409653222024,0.34459425198091664,0.0027611480554845425,,,0.0023751468081914104,synthetic,12.0,frozen_initial,0.003,,0.15981391008073348,1002,,single,0.9837253609026688,train
0.3,bump,,train-single-bump-a0.3-noise0.003-k12-r2,0.6660886303991173,0.3066759581459355,0.002457318195619242,,,0.0020692457582053886,synthetic,12.0,rexafs_direct,0.003,,0.16195065769010258,1002,,single,0.9840456793126671,train
1.0,bump,0.0015683660125529089,train-single-bump-a1-noise0-k10-r0,0.11859436542897829,0.05457305070550954,0.0016151773969716498,,,0.0024798884979499863,synthetic,10.0,larch_dynamic,0.0,,0.06003564008934454,1000,,single,1.007405783380953,train
1.0,bump,0.001567744864290713,train-single-bump-a1-noise0-k10-r0,0.11852719079949472,0.05455071436562313,0.0016145163169907946,,,0.002478441173444648,synthetic,10.0,fixed_0,0.0,,0.0600077115324549,1000,,single,1.007404716667915,train
1.0,bump,0.0015677461466294808,train-single-bump-a1-noise0-k10-r0,0.11852732930664428,0.054550760475204824,0.0016145176816781848,,,0.0024784441564368047,synthetic,10.0,fixed_1e-06,0.0,,0.06000776912496586,1000,,single,1.0074047188808788,train
1.0,bump,0.001567757687604426,train-single-bump-a1-noise0-k10-r0,0.11852857586218231,0.05455117545878998,0.0016145299637862617,,,0.0024784710031767144,synthetic,10.0,fixed_1e-05,0.0,,0.06000828745402934,1000,,single,1.0074047387974239,train
1.0,bump,0.0015678730896018906,train-single-bump-a1-noise0-k10-r0,0.11854104051732127,0.054555325016182675,0.001614652776625593,,,0.002478739451021339,synthetic,10.0,fixed_0.0001,0.0,,0.06001347038158399,1000,,single,1.00740493794805,train
1.0,bump,0.0015690263347140543,train-single-bump-a1-noise0-k10-r0,0.1186655971390047,0.054596792757456505,0.0016158800812666766,,,0.0024814219764236894,synthetic,10.0,fixed_0.001,0.0,,0.060065263385259714,1000,,single,1.0074069279684268,train
1.0,bump,0.0015804817498013349,train-single-bump-a1-noise0-k10-r0,0.11990223255255841,0.05500870295396042,0.001628071227452831,,,0.0025080533080219457,synthetic,10.0,fixed_0.01,0.0,,0.06057958956973061,1000,,single,1.0074266806950147,train
1.0,bump,0.0016877666876126964,train-single-bump-a1-noise0-k10-r0,0.13143407302038526,0.05886659682401364,0.001742251814725669,,,0.002756271755285326,synthetic,10.0,fixed_0.1,0.0,,0.06538468008494003,1000,,single,1.0076104873347063,train
1.0,bump,0.0023202936443099537,train-single-bump-a1-noise0-k10-r0,0.19824826973925633,0.08161137799614275,0.0024154202737610812,,,0.004192249288489715,synthetic,10.0,fixed_1,0.0,,0.09343518845891315,1000,,single,1.0086636524177544,train
1.0,bump,0.0015785433000446998,train-single-bump-a1-noise0-k10-r0,0.1196930503683373,0.05493900044265583,0.0016260082692836264,,,0.0025035487040730537,synthetic,10.0,frozen_initial,0.0,,0.06049257517283813,1000,,single,1.0074233400441588,train
1.0,bump,,train-single-bump-a1-noise0-k10-r0,0.18381611609940388,0.07495755219164048,0.002218489574379568,,,0.003902611651057127,synthetic,10.0,rexafs_direct,0.0,,0.08699065089327626,1000,,single,1.0060008678156915,train
1.0,bump,0.0008289116290863364,train-single-bump-a1-noise0-k12-r0,0.06545165274355057,0.03145406317253288,0.0008401119564692832,,,0.0011665139196512502,synthetic,12.0,larch_dynamic,0.0,,0.02273006204954725,1000,,single,1.0062663617446495,train
1.0,bump,0.0008287980308162601,train-single-bump-a1-noise0-k12-r0,0.06551374791954884,0.031450818356832166,0.0008400252901314001,,,0.0011677410741321452,synthetic,12.0,fixed_0,0.0,,0.022753273882871107,1000,,single,1.006264108182201,train
1.0,bump,0.000828798257549192,train-single-bump-a1-noise0-k12-r0,0.06551362351435588,0.03145082482713892,0.0008400254629479306,,,0.0011677386162949014,synthetic,12.0,fixed_1e-06,0.0,,0.02275322740668239,1000,,single,1.0062641126946879,train
1.0,bump,0.0008288002982233106,train-single-bump-a1-noise0-k12-r0,0.06551250387778032,0.03145088306318842,0.0008400270183845433,,,0.0011677164958829166,synthetic,12.0,fixed_1e-05,0.0,,0.022752809126219648,1000,,single,1.0062641533070698,train
1.0,bump,0.0008288207106745729,train-single-bump-a1-noise0-k12-r0,0.0655013085034214,0.03145146567491686,0.0008400425794609093,,,0.0011674953037597974,synthetic,12.0,fixed_0.0001,0.0,,0.022748626837277807,1000,,single,1.0062645594121618,train
1.0,bump,0.0008290254058105584,train-single-bump-a1-noise0-k12-r0,0.06538945390989535,0.03145731689822245,0.0008401988607855836,,,0.001165284581666301,synthetic,12.0,fixed_0.001,0.0,,0.022706855538476615,1000,,single,1.0062686185960743,train
1.0,bump,0.0008311286680918372,train-single-bump-a1-noise0-k12-r0,0.06428084608005359,0.03151830957381658,0.0008418279245965962,,,0.0011432970246282167,synthetic,12.0,fixed_0.01,0.0,,0.022294329131506252,1000,,single,1.0063090245921296,train
1.0,bump,0.0008570841740260035,train-single-bump-a1-noise0-k12-r0,0.05421863910761183,0.03234752804039354,0.0008639756625366908,,,0.0009352020240410078,synthetic,12.0,fixed_0.1,0.0,,0.018719084296080497,1000,,single,1.006695324333281,train
1.0,bump,0.0012427779127903529,train-single-bump-a1-noise0-k12-r0,0.060364195844616185,0.04692638426023415,0.001253364828405413,,,0.0006952872361704716,synthetic,12.0,fixed_1,0.0,,0.029162028165949528,1000,,single,1.009345041033413,train
1.0,bump,0.0008309510400958747,train-single-bump-a1-noise0-k12-r0,0.06437176512650293,0.03151310065163144,0.0008416887986024745,,,0.0011451056481246616,synthetic,12.0,frozen_initial,0.0,,0.022328057430178325,1000,,single,1.0063056985560774,train
1.0,bump,,train-single-bump-a1-noise0-k12-r0,0.035666239818665395,0.03635035392291863,0.0009708878240952205,,,0.0002899462468049675,synthetic,12.0,rexafs_direct,0.0,,0.017427853917077348,1000,,single,1.0054984627636891,train
1.0,bump,0.0015872023804402624,train-single-bump-a1-noise0.0003-k10-r0,0.11961127922120458,0.05510357124449612,0.0016308790074208129,,,0.002487710157550753,synthetic,10.0,larch_dynamic,0.0003,,0.06081767329511662,1000,,single,1.0078176869529396,train
1.0,bump,0.0015865869848801994,train-single-bump-a1-noise0.0003-k10-r0,0.11954571260551422,0.05508182269185609,0.0016302353239509154,,,0.002486289250981465,synthetic,10.0,fixed_0,0.0003,,0.06079031076960324,1000,,single,1.0078166344982746,train
1.0,bump,0.0015865882553293036,train-single-bump-a1-noise0.0003-k10-r0,0.11954584779761031,0.05508186758694223,0.001630236652693352,,,0.002486292179605479,synthetic,10.0,fixed_1e-06,0.0003,,0.06079036719469384,1000,,single,1.0078166366813592,train
1.0,bump,0.0015865996892990139,train-single-bump-a1-noise0.0003-k10-r0,0.11954706451785489,0.055082271640236456,0.0016302486113018515,,,0.002486318537032037,synthetic,10.0,fixed_1e-05,0.0003,,0.06079087501701902,1000,,single,1.0078166563290167,train
1.0,bump,0.001586714021247076,train-single-bump-a1-noise0.0003-k10-r0,0.11955923085543403,0.055086311905864896,0.0016303681894752622,,,0.002486582092229755,synthetic,10.0,fixed_0.0001,0.0003,,0.060795952887179684,1000,,single,1.0078168527909233,train
1.0,bump,0.0015878565665247665,train-single-bump-a1-noise0.0003-k10-r0,0.11968080781761317,0.055126687854086594,0.001631563180741206,,,0.002489215739344076,synthetic,10.0,fixed_0.001,0.0003,,0.0608466963114603,1000,,single,1.0078188159447958,train
1.0,bump,0.001599205061923933,train-single-bump-a1-noise0.0003-k10-r0,0.12088799333177606,0.055527791376481804,0.0016434344859888167,,,0.0025153630486160353,synthetic,10.0,fixed_0.01,0.0003,,0.06135062513113105,1000,,single,1.0078383020664727,train
1.0,bump,0.001705438190253578,train-single-bump-a1-noise0.0003-k10-r0,0.1321557609929719,0.05928764416809386,0.0017547133895216818,,,0.0027591669800645048,synthetic,10.0,fixed_0.1,0.0003,,0.06606066141416637,1000,,single,1.008019634315886,train
1.0,bump,0.0023307088982953083,train-single-bump-a1-noise0.0003-k10-r0,0.19766916435092619,0.08153673868294259,0.002413211202982595,,,0.004171643216579807,synthetic,10.0,fixed_1,0.0003,,0.09360837917900315,1000,,single,1.009059019368461,train
1.0,bump,0.0015972171963749985,train-single-bump-a1-noise0.0003-k10-r0,0.1206765875853012,0.05545752357230662,0.001641354797065963,,,0.00251078447486048,synthetic,10.0,frozen_initial,0.0003,,0.0612623655838377,1000,,single,1.0078348904878724,train
1.0,bump,,train-single-bump-a1-noise0.0003-k10-r0,0.1828940091358994,0.07482059491513396,0.002214436103032367,,,0.0038739757214162934,synthetic,10.0,rexafs_direct,0.0003,,0.0872251185187542,1000,,single,1.0064666191258373,train
1.0,bump,0.001538793929469769,train-single-bump-a1-noise0.0003-k10-r1,0.1205247399403446,0.055044268817324035,0.0016291238565044608,,,0.0025148936997970344,synthetic,10.0,larch_dynamic,0.0003,,0.060573133441559804,1001,,single,1.0076983524987477,train
1.0,bump,0.0015381811846319829,train-single-bump-a1-noise0.0003-k10-r1,0.12045859823494999,0.055022406110882965,0.0016284767944688273,,,0.0025134668968942128,synthetic,10.0,fixed_0,0.0003,,0.060545292598355754,1001,,single,1.0076972943017939,train
1.0,bump,0.0015381824495927599,train-single-bump-a1-noise0.0003-k10-r1,0.1204587346166654,0.055022451242823636,0.0016284781302213552,,,0.0025134698376758054,synthetic,10.0,fixed_1e-06,0.0003,,0.060545350012639006,1001,,single,1.007697296497015,train
1.0,bump,0.0015381938341643992,train-single-bump-a1-noise0.0003-k10-r1,0.12045996204359236,0.05502285742761876,0.0016284901519150595,,,0.002513496304529017,synthetic,10.0,fixed_1e-05,0.0003,,0.060545866737643166,1001,,single,1.00769731625383,train
1.0,bump,0.0015383076722941568,train-single-bump-a1-noise0.0003-k10-r1,0.12047223543621707,0.05502691900722933,0.0016286103609101253,,,0.002513760953965805,synthetic,10.0,fixed_0.0001,0.0003,,0.0605510336228248,1001,,single,1.0076975138072155,train
1.0,bump,0.0015394452957452388,train-single-bump-a1-noise0.0003-k10-r1,0.12059488178689436,0.05506750799670277,0.0016298116574752963,,,0.0025164055412236447,synthetic,10.0,fixed_0.001,0.0003,,0.06060266602594793,1001,,single,1.007699487867268,train
1.0,bump,0.0015507461740390627,train-single-bump-a1-noise0.0003-k10-r1,0.12181264653250212,0.05547073199827316,0.0016417457217219045,,,0.0025426620189022767,synthetic,10.0,fixed_0.01,0.0003,,0.061115369169548954,1001,,single,1.007719082182612,train
1.0,bump,0.0016566350499701364,train-single-bump-a1-noise0.0003-k10-r1,0.13317606961247438,0.05925077622014408,0.0017536222231780128,,,0.0027875277282528896,synthetic,10.0,fixed_0.1,0.0003,,0.06590305351574825,1001,,single,1.0079014156087234,train
1.0,bump,0.00228211172935228,train-single-bump-a1-noise0.0003-k10-r1,0.19917982304644966,0.08162441492827625,0.0024158061227806185,,,0.004207137742153598,synthetic,10.0,fixed_1,0.0003,,0.09380280529997824,1001,,single,1.0089461926109626,train
1.0,bump,0.0015488445603654914,train-single-bump-a1-noise0.0003-k10-r1,0.12160780421808864,0.05540287809708544,0.0016397374761487156,,,0.0025382456011669168,synthetic,10.0,frozen_initial,0.0003,,0.06102912127204563,1001,,single,1.0077157869804503,train
1.0,bump,,train-single-bump-a1-noise0.0003-k10-r1,0.18504065663003336,0.07507318637143036,0.0022219119543106782,,,0.003926406505359091,synthetic,10.0,rexafs_direct,0.0003,,0.08748327006390388,1001,,single,1.0063503053034197,train
1.0,bump,0.0015857492710566617,train-single-bump-a1-noise0.0003-k10-r2,0.12005559391413705,0.05557867610775447,0.0016449405016273064,,,0.0025022292012762035,synthetic,10.0,larch_dynamic,0.0003,,0.06102571181161874,1002,,single,1.0068186232722713,train
1.0,bump,0.001585132292381284,train-single-bump-a1-noise0.0003-k10-r2,0.11998931619059254,0.05555675970347559,0.001644291850317612,,,0.0025007984094855837,synthetic,10.0,fixed_0,0.0003,,0.06099793589014824,1002,,single,1.0068175610015708,train
1.0,bump,0.0015851335660105577,train-single-bump-a1-noise0.0003-k10-r2,0.1199894528451664,0.05555680494542437,0.0016442931893260078,,,0.002500801358291335,synthetic,10.0,fixed_1e-06,0.0003,,0.06099799316641634,1002,,single,1.0068175632053677,train
1.0,bump,0.0015851450285946506,train-single-bump-a1-noise0.0003-k10-r2,0.11999068272773195,0.0555572121201919,0.0016443052403195407,,,0.002500827897356469,synthetic,10.0,fixed_1e-05,0.0003,,0.060998508649286715,1002,,single,1.0068175830393318,train
1.0,bump,0.0015852596467559104,train-single-bump-a1-noise0.0003-k10-r2,0.12000298067877163,0.05556128359956478,0.0016444257423140292,,,0.0025010932689244697,synthetic,10.0,fixed_0.0001,0.0003,,0.06100366311740076,1002,,single,1.006817781364221,train
1.0,bump,0.001586405060481324,train-single-bump-a1-noise0.0003-k10-r2,0.1201258728064148,0.05560197156513798,0.0016456299682364025,,,0.0025037450783073865,synthetic,10.0,fixed_0.001,0.0003,,0.06105517177121838,1002,,single,1.0068197631327471,train
1.0,bump,0.0015977828536516156,train-single-bump-a1-noise0.0003-k10-r2,0.12134611375571248,0.05600618315338469,0.0016575932617024975,,,0.0025300738461858947,synthetic,10.0,fixed_0.01,0.0003,,0.0615666787243461,1002,,single,1.0068394338908506,train
1.0,bump,0.001704355226752574,train-single-bump-a1-noise0.0003-k10-r2,0.13273545597215286,0.05979584416206021,0.001769754387464513,,,0.002775659639812332,synthetic,10.0,fixed_0.1,0.0003,,0.06634581934989185,1002,,single,1.0070224720105532,train
1.0,bump,0.0023330844583564067,train-single-bump-a1-noise0.0003-k10-r2,0.19894820877729627,0.08223488152014867,0.0024338738655227173,,,0.004200421842802169,synthetic,10.0,fixed_1,0.0003,,0.09425653185607544,1002,,single,1.0080708789661217,train
1.0,bump,0.0015958255848811012,train-single-bump-a1-noise0.0003-k10-r2,0.12113626431716001,0.055936642887633656,0.0016555351054519597,,,0.00252554624722939,synthetic,10.0,frozen_initial,0.0003,,0.06147870538690914,1002,,single,1.0068360519283381,train
1.0,bump,,train-single-bump-a1-noise0.0003-k10-r2,0.18563872861769998,0.07594537796521417,0.002247725870335095,,,0.0039353770542453126,synthetic,10.0,rexafs_direct,0.0003,,0.08803746833150389,1002,,single,1.0055043500018905,train
1.0,bump,0.0008409371761073228,train-single-bump-a1-noise0.0003-k12-r0,0.06720357744075722,0.03266904548846234,0.0008725631270831458,,,0.001157796948653687,synthetic,12.0,larch_dynamic,0.0003,,0.02456526793820992,1000,,single,1.0065856770230275,train
1.0,bump,0.0008408240418915189,train-single-bump-a1-noise0.0003-k12-r0,0.0672607990938373,0.03266584902985032,0.0008724777523230208,,,0.0011589698054519297,synthetic,12.0,fixed_0,0.0003,,0.024587869399015815,1000,,single,1.0065834488445675,train
1.0,bump,0.000840824267578687,train-single-bump-a1-noise0.0003-k12-r0,0.06726068443866949,0.0326658554047731,0.0008724779225919242,,,0.0011589674561923195,synthetic,12.0,fixed_1e-06,0.0003,,0.02458782414647065,1000,,single,1.0065834533061948,train
1.0,bump,0.0008408262988337509,train-single-bump-a1-noise0.0003-k12-r0,0.0672596525527391,0.032665912782004015,0.0008724794550902047,,,0.0011589463129840379,synthetic,12.0,fixed_1e-05,0.0003,,0.02458741687848061,1000,,single,1.0065834934607967,train
1.0,bump,0.0008408466168510997,train-single-bump-a1-noise0.0003-k12-r0,0.06724933475368437,0.032666486789551905,0.0008724947863560396,,,0.0011587348939185935,synthetic,12.0,fixed_0.0001,0.0003,,0.024583344690085347,1000,,single,1.0065838949882722,train
1.0,bump,0.0008410503435447831,train-single-bump-a1-noise0.0003-k12-r0,0.06714626275014032,0.032672250382194755,0.0008726487271383453,,,0.0011566220036622551,synthetic,12.0,fixed_0.001,0.0003,,0.024542671959148853,1000,,single,1.006587908416986,train
1.0,bump,0.0008431415438444749,train-single-bump-a1-noise0.0003-k12-r0,0.06612616538265374,0.0327322099793084,0.0008742501982794171,,,0.0011356230606178624,synthetic,12.0,fixed_0.01,0.0003,,0.024140879270787056,1000,,single,1.0066278589498894,train
1.0,bump,0.0008687700232736119,train-single-bump-a1-noise0.0003-k12-r0,0.05701606434897118,0.0335374859067237,0.0008957584508434054,,,0.0009386346842060572,synthetic,12.0,fixed_0.1,0.0003,,0.020638119621774993,1000,,single,1.0070098036777373,train
1.0,bump,0.0012464414433947953,train-single-bump-a1-noise0.0003-k12-r0,0.0651164463392768,0.04759737038499364,0.0012712863116472884,,,0.0007722682043332417,synthetic,12.0,fixed_1,0.0003,,0.028673797162770753,1000,,single,1.0096296070780555,train
1.0,bump,0.0008429670272130945,train-single-bump-a1-noise0.0003-k12-r0,0.06620879639278587,0.03272715362216184,0.0008741151471710208,,,0.0011373301268100475,synthetic,12.0,frozen_initial,0.0003,,0.024173373882591487,1000,,single,1.006624606877367,train
1.0,bump,,train-single-bump-a1-noise0.0003-k12-r0,0.041251554478772746,0.03709953937135206,0.0009908979464564977,,,0.000398598344621597,synthetic,12.0,rexafs_direct,0.0003,,0.017954704872046038,1000,,single,1.0058400916520926,train
1.0,bump,0.0008377424548094879,train-single-bump-a1-noise0.0003-k12-r1,0.07357383221093146,0.03381683614504339,0.00090321966416798,,,0.0012697957394509215,synthetic,12.0,larch_dynamic,0.0003,,0.023319164640463807,1001,,single,1.0065620290672093,train
1.0,bump,0.000837634205810797,train-single-bump-a1-noise0.0003-k12-r1,0.07363505800330265,0.0338141076028266,0.0009031467870669363,,,0.001271028616345678,synthetic,12.0,fixed_0,0.0003,,0.023341583172529972,1001,,single,1.0065597172163816,train
1.0,bump,0.0008376344217045317,train-single-bump-a1-noise0.0003-k12-r1,0.07363493534219191,0.03381411304091643,0.0009031469323138085,,,0.0012710261468248415,synthetic,12.0,fixed_1e-06,0.0003,,0.02334153828427695,1001,,single,1.0065597218458582,train
1.0,bump,0.0008376363648281683,train-single-bump-a1-noise0.0003-k12-r1,0.07363383140286654,0.033814161986925814,0.0009031482396211498,,,0.0012710039212721267,synthetic,12.0,fixed_1e-05,0.0003,,0.023341134295783217,1001,,single,1.006559763511116,train
1.0,bump,0.0008376558021295096,train-single-bump-a1-noise0.0003-k12-r1,0.07362279303830425,0.033814651698396064,0.0009031613194086202,,,0.0012707816786310514,synthetic,12.0,fixed_0.0001,0.0003,,0.023337094977563345,1001,,single,1.006560180144462,train
1.0,bump,0.00083785078174057,train-single-bump-a1-noise0.0003-k12-r1,0.07351251229468629,0.03381957395253819,0.0009032927887369197,,,0.0012685605409556953,synthetic,12.0,fixed_0.001,0.0003,,0.023296758497842948,1001,,single,1.0065643445625965,train
1.0,bump,0.0008398604573321164,train-single-bump-a1-noise0.0003-k12-r1,0.07242001047524978,0.03387128175367626,0.0009046738612470291,,,0.0012464778428012122,synthetic,12.0,fixed_0.01,0.0003,,0.02289909353437386,1001,,single,1.0066057980939356,train
1.0,bump,0.0008652073388791809,train-single-bump-a1-noise0.0003-k12-r1,0.06254550338976378,0.03460946976162872,0.0009243902510883474,,,0.0010383922292698145,synthetic,12.0,fixed_0.1,0.0003,,0.019524457322613764,1001,,single,1.007002113804864,train
1.0,bump,0.0012574290276087749,train-single-bump-a1-noise0.0003-k12-r1,0.06417939280886993,0.048771410091517926,0.0013026439390994404,,,0.0007263250132375145,synthetic,12.0,fixed_1,0.0003,,0.0313681581836599,1001,,single,1.0097206076582677,train
1.0,bump,0.000839721196648099,train-single-bump-a1-noise0.0003-k12-r1,0.07249328114864306,0.03386764498264998,0.0009045767261072742,,,0.0012479634505570718,synthetic,12.0,frozen_initial,0.0003,,0.02292565072163451,1001,,single,1.006603006373367,train
1.0,bump,,train-single-bump-a1-noise0.0003-k12-r1,0.04151296252430997,0.03803377889208594,0.0010158507097058588,,,0.0003916381716076826,synthetic,12.0,rexafs_direct,0.0003,,0.0196610112514113,1001,,single,1.005877616215149,train
1.0,bump,0.0008339774684768544,train-single-bump-a1-noise0.0003-k12-r2,0.06738175310348361,0.03276818792957965,0.0008752111395106447,,,0.001162570930208272,synthetic,12.0,larch_dynamic,0.0003,,0.024180022758763093,1002,,single,1.0055530162767732,train
1.0,bump,0.0008338745833493765,train-single-bump-a1-noise0.0003-k12-r2,0.06743869484828151,0.03276507341665767,0.0008751279534519795,,,0.0011637344663408843,synthetic,12.0,fixed_0,0.0003,,0.02420328483182848,1002,,single,1.0055507987106076,train
1.0,bump,0.0008338747885238832,train-single-bump-a1-noise0.0003-k12-r2,0.06743858075659384,0.03276507962733937,0.00087512811933414,,,0.0011637321357059697,synthetic,12.0,fixed_1e-06,0.0003,,0.024203238258127778,1002,,single,1.0055508031507991,train
1.0,bump,0.0008338766351618382,train-single-bump-a1-noise0.0003-k12-r2,0.06743755394245987,0.0327651355262163,0.0008751296123468108,,,0.001163711160131438,synthetic,12.0,fixed_1e-05,0.0003,,0.02420281909970353,1002,,single,1.0055508431124272,train
1.0,bump,0.0008338951071281893,train-single-bump-a1-noise0.0003-k12-r2,0.0674272868507944,0.032765694747797225,0.0008751445486917233,,,0.0011635014173871185,synthetic,12.0,fixed_0.0001,0.0003,,0.02419862798791274,1002,,single,1.0055512427102797,train
1.0,bump,0.0008340803853375927,train-single-bump-a1-noise0.0003-k12-r2,0.06732472093595879,0.032771310238575393,0.0008752945337959785,,,0.0011614052901147245,synthetic,12.0,fixed_0.001,0.0003,,0.024156764135542644,1002,,single,1.0055552368519893,train
1.0,bump,0.0008359883097934119,train-single-bump-a1-noise0.0003-k12-r2,0.06630958468774904,0.03282976507349181,0.0008768558139859923,,,0.0011405739572173368,synthetic,12.0,fixed_0.01,0.0003,,0.023742871413858783,1002,,single,1.0055949954372443,train
1.0,bump,0.0008599085390188891,train-single-bump-a1-noise0.0003-k12-r2,0.0572377318330162,0.033618055086904686,0.0008979103868658421,,,0.0009452616144058175,synthetic,12.0,fixed_0.1,0.0003,,0.020100824051550864,1002,,single,1.005975108834568,train
1.0,bump,0.0012291728012044725,train-single-bump-a1-noise0.0003-k12-r2,0.06470051648932688,0.04750520280349693,0.0012688245919391056,,,0.0007692904266009693,synthetic,12.0,fixed_1,0.0003,,0.027680657837036382,1002,,single,1.0085826205197401,train
1.0,bump,0.0008358205086436877,train-single-bump-a1-noise0.0003-k12-r2,0.06639604280706263,0.03282458078718481,0.000876717345995756,,,0.0011423543156137183,synthetic,12.0,frozen_initial,0.0003,,0.023778089064767156,1002,,single,1.005591592754697,train
1.0,bump,,train-single-bump-a1-noise0.0003-k12-r2,0.041099824241615,0.03719981160293783,0.0009935761346509763,,,0.0004001733922247028,synthetic,12.0,rexafs_direct,0.0003,,0.01705833201112128,1002,,single,1.0048323892085689,train
1.0,bump,0.0018447251286696509,train-single-bump-a1-noise0.003-k10-r0,0.19825629481398682,0.09908337400539494,0.002932532157177816,,,0.0035397045080900603,synthetic,10.0,larch_dynamic,0.003,,0.07707363075229398,1000,,single,1.0115248187153258,train
1.0,bump,0.0018441940635165117,train-single-bump-a1-noise0.003-k10-r0,0.19822228921958135,0.09907309943698667,0.0029322280647651297,,,0.0035388426628018685,synthetic,10.0,fixed_0,0.003,,0.07705369089110035,1000,,single,1.011523894971566,train
1.0,bump,0.0018441951597618163,train-single-bump-a1-noise0.003-k10-r0,0.19822235932990231,0.09907312064094335,0.002932228692330405,,,0.003538844439310311,synthetic,10.0,fixed_1e-06,0.003,,0.07705373200755483,1000,,single,1.0115238968857523,train
1.0,bump,0.0018442050259072373,train-single-bump-a1-noise0.003-k10-r0,0.19822299032035723,0.09907331147591869,0.0029322343403990893,,,0.0035388604278136166,synthetic,10.0,fixed_1e-05,0.003,,0.07705410205351787,1000,,single,1.0115239141133678,train
1.0,bump,0.0018443036806046178,train-single-bump-a1-noise0.003-k10-r0,0.19822929997624728,0.09907521974694808,0.0029322908187559733,,,0.003539020305475694,synthetic,10.0,fixed_0.0001,0.003,,0.07705780229525208,1000,,single,1.011524086376744,train
1.0,bump,0.0018452895523165065,train-single-bump-a1-noise0.003-k10-r0,0.19829237167704353,0.09909429458772231,0.0029328553694136896,,,0.0035406183453925086,synthetic,10.0,fixed_0.001,0.003,,0.07709478294213179,1000,,single,1.0115258077321472,train
1.0,bump,0.0018550811715623268,train-single-bump-a1-noise0.003-k10-r0,0.19892059758185887,0.09928425595081335,0.0029384775821358305,,,0.0035565250706076942,synthetic,10.0,fixed_0.01,0.003,,0.07746242141073381,1000,,single,1.0115428944096363,train
1.0,bump,0.0019466935929265314,train-single-bump-a1-noise0.003-k10-r0,0.204950962874735,0.10110554325399301,0.0029923815154409604,,,0.0037082776630054355,synthetic,10.0,fixed_0.1,0.003,,0.08093117701673402,1000,,single,1.0117019571465669,train
1.0,bump,0.002486111631131057,train-single-bump-a1-noise0.003-k10-r0,0.24490730502933222,0.11322849847335426,0.0033511799150480206,,,0.004680735926994842,synthetic,10.0,fixed_1,0.003,,0.10213863032325107,1000,,single,1.0126173219248567,train
1.0,bump,0.0018529698721268157,train-single-bump-a1-noise0.003-k10-r0,0.1987848616552578,0.09924321749797252,0.0029372629829778527,,,0.0035530898465828157,synthetic,10.0,frozen_initial,0.003,,0.07738309670790072,1000,,single,1.0115392116127122,train
1.0,bump,,train-single-bump-a1-noise0.003-k10-r0,0.22099643875919092,0.10145848369500993,0.0030028273566654854,,,0.004216001765431461,synthetic,10.0,rexafs_direct,0.003,,0.09714807160411254,1000,,single,1.0106677944739275,train
1.0,bump,0.0013291008486930823,train-single-bump-a1-noise0.003-k10-r1,0.20311082473597458,0.1060173326405979,0.003137753839204574,,,0.003811629448866821,synthetic,10.0,larch_dynamic,0.003,,0.07237942126294786,1001,,single,1.010331474330638,train
1.0,bump,0.0013285904815352981,train-single-bump-a1-noise0.003-k10-r1,0.20307160284370213,0.10600726324603012,0.0031374558192423982,,,0.0038106957932850394,synthetic,10.0,fixed_0,0.003,,0.07235515238324397,1001,,single,1.0103304930067531,train
1.0,bump,0.0013285915348399658,train-single-bump-a1-noise0.003-k10-r1,0.20307168373181558,0.10600728403173507,0.0031374564344288387,,,0.0038106977179397446,synthetic,10.0,fixed_1e-06,0.003,,0.07235520244877038,1001,,single,1.0103304950422327,train
1.0,bump,0.001328601014535347,train-single-bump-a1-noise0.003-k10-r1,0.20307241172177082,0.10600747110244886,0.003137461971088136,,,0.0038107150397547534,synthetic,10.0,fixed_1e-05,0.003,,0.07235565303554047,1001,,single,1.010330513361428,train
1.0,bump,0.001328695806201405,train-single-bump-a1-noise0.003-k10-r1,0.20307969130514214,0.10600934174090496,0.0031375173356483557,,,0.003810888249702478,synthetic,10.0,fixed_0.0001,0.003,,0.07236015860207956,1001,,single,1.0103306965397174,train
1.0,bump,0.0013296431946888821,train-single-bump-a1-noise0.003-k10-r1,0.20315245555349037,0.10602804126217492,0.0031380707781204,,,0.0038126195304269595,synthetic,10.0,fixed_0.001,0.003,,0.07240518418512873,1001,,single,1.0103325269568435,train
1.0,bump,0.0013390643892866366,train-single-bump-a1-noise0.003-k10-r1,0.2038769377144745,0.10621434870256674,0.0031435848471108316,,,0.0038298504981286274,synthetic,10.0,fixed_0.01,0.003,,0.07285244941999072,1001,,single,1.0103506955709776,train
1.0,bump,0.0014281582097772705,train-single-bump-a1-noise0.003-k10-r1,0.2108064478278055,0.10800781537675076,0.0031966653840592913,,,0.003994068712318022,synthetic,10.0,fixed_0.1,0.003,,0.07704301921569111,1001,,single,1.0105197700749058,train
1.0,bump,0.001973863977868933,train-single-bump-a1-noise0.003-k10-r1,0.25592121064827933,0.12017092402685399,0.003556652189168827,,,0.005042247030487916,synthetic,10.0,fixed_1,0.003,,0.10184073302356347,1001,,single,1.0114890543498403,train
1.0,bump,0.0013376749756742548,train-single-bump-a1-noise0.003-k10-r1,0.20376999180940966,0.10618683231868259,0.003142770455378621,,,0.003827307671777316,synthetic,10.0,frozen_initial,0.003,,0.07278654287598252,1001,,single,1.0103480199295722,train
1.0,bump,,train-single-bump-a1-noise0.003-k10-r1,0.2358967847871261,0.10808486774670376,0.003198945873141764,,,0.00471366662293729,synthetic,10.0,rexafs_direct,0.003,,0.09762163484741603,1001,,single,1.0095009961251615,train
1.0,bump,0.0018082402269906828,train-single-bump-a1-noise0.003-k10-r2,0.2036659726305447,0.10925223243913082,0.0032334959127832278,,,0.0037234222462396473,synthetic,10.0,larch_dynamic,0.003,,0.0803914410908084,1002,,single,1.0015341821025838,train
1.0,bump,0.0018076796385308005,train-single-bump-a1-noise0.003-k10-r2,0.20362736099939144,0.10924116866327357,0.0032331684625040375,,,0.0037224828473560907,synthetic,10.0,fixed_0,0.003,,0.08036840468599862,1002,,single,1.0015331600045627,train
1.0,bump,0.0018076807949469393,train-single-bump-a1-noise0.003-k10-r2,0.20362744058441007,0.10924119149772377,0.003233169138326396,,,0.0037224847825111083,synthetic,10.0,fixed_1e-06,0.003,,0.08036845217625764,1002,,single,1.0015331621257633,train
1.0,bump,0.0018076912026364041,train-single-bump-a1-noise0.003-k10-r2,0.20362815684701013,0.1092413970071317,0.0032331752207085656,,,0.0037225021988386057,synthetic,10.0,fixed_1e-05,0.003,,0.0803688795860727,1002,,single,1.0015331812165187,train
1.0,bump,0.0018077952729058,train-single-bump-a1-noise0.003-k10-r2,0.2036353192053421,0.10924345202102735,0.0032332360421570977,,,0.0037226763548240936,synthetic,10.0,fixed_0.0001,0.003,,0.08037315342734669,1002,,single,1.0015333721097626,train
1.0,bump,0.0018088353136525557,train-single-bump-a1-noise0.003-k10-r2,0.20370691602772806,0.1092639941445264,0.003233844019412034,,,0.0037244171862959893,synthetic,10.0,fixed_0.001,0.003,,0.08041586617401601,1002,,single,1.0015352796117,train
1.0,bump,0.0018191698667799237,train-single-bump-a1-noise0.003-k10-r2,0.20442019854361584,0.1094686129303186,0.0032399000421839846,,,0.003741752505654569,synthetic,10.0,fixed_0.01,0.003,,0.08084043817803327,1002,,single,1.0015542126533707,train
1.0,bump,0.0019162634923099299,train-single-bump-a1-noise0.003-k10-r2,0.211278234794923,0.11143425249435379,0.003298076313317427,,,0.003907731721388885,synthetic,10.0,fixed_0.1,0.003,,0.08484185622757763,1002,,single,1.0017303340932104,train
1.0,bump,0.0024972924901476286,train-single-bump-a1-noise0.003-k10-r2,0.2569118716816618,0.12461992145969257,0.0036883274391284254,,,0.00498644713506012,synthetic,10.0,fixed_1,0.003,,0.10915318737870754,1002,,single,1.0027359179014543,train
1.0,bump,0.0018171525521250788,train-single-bump-a1-noise0.003-k10-r2,0.20428070242989166,0.10942860016740327,0.0032387157999725687,,,0.003738363348410368,synthetic,10.0,frozen_initial,0.003,,0.0807575401409805,1002,,single,1.001550519912111,train
1.0,bump,,train-single-bump-a1-noise0.003-k10-r2,0.24421634556471983,0.11536529521089818,0.003414421858604151,,,0.004816866629874976,synthetic,10.0,rexafs_direct,0.003,,0.1047161235659499,1002,,single,1.0010352902057562,train
1.0,bump,0.0011545943998485732,train-single-bump-a1-noise0.003-k12-r0,0.22293671720744845,0.09769388336603346,0.0026093226506072164,,,0.0027196566708730173,synthetic,12.0,larch_dynamic,0.003,,0.05630060896946442,1000,,single,1.0094595145396814,train
1.0,bump,0.0011545063065508717,train-single-bump-a1-noise0.003-k12-r0,0.22294592788249115,0.09769263360316593,0.0026092892704768977,,,0.0027199342146800413,synthetic,12.0,fixed_0,0.003,,0.05631427549360368,1000,,single,1.0094575148059015,train
1.0,bump,0.0011545064816858833,train-single-bump-a1-noise0.003-k12-r0,0.22294590939853554,0.09769263609815752,0.002609289337116055,,,0.0027199336580402164,synthetic,12.0,fixed_1e-06,0.003,,0.056314248134804144,1000,,single,1.00945751880975,train
1.0,bump,0.0011545080579434565,train-single-bump-a1-noise0.003-k12-r0,0.22294574304729842,0.09769265855381606,0.002609289936888082,,,0.002719928648386973,synthetic,12.0,fixed_1e-05,0.003,,0.05631400190860658,1000,,single,1.009457554844298,train
1.0,bump,0.0011545238235928402,train-single-bump-a1-noise0.003-k12-r0,0.222944079958452,0.0976928831718212,0.002609295936248824,,,0.0027198785620622303,synthetic,12.0,fixed_0.0001,0.003,,0.05631153993814558,1000,,single,1.009457915173219,train
1.0,bump,0.0011546817869499302,train-single-bump-a1-noise0.003-k12-r0,0.22292749139073786,0.09769513548602278,0.002609356093694305,,,0.0027193787189010456,synthetic,12.0,fixed_0.001,0.003,,0.05628694937102237,1000,,single,1.009461516805162,train
1.0,bump,0.001156291733824534,train-single-bump-a1-noise0.003-k12-r0,0.22276580510479255,0.097718265733715,0.0026099738834385344,,,0.0027144816200558755,synthetic,12.0,fixed_0.01,0.003,,0.056043944338689554,1000,,single,1.0094973681696542,train
1.0,bump,0.001175072746550418,train-single-bump-a1-noise0.003-k12-r0,0.22153784361228154,0.09800437510622896,0.002617615627635094,,,0.002674991423825471,synthetic,12.0,fixed_0.1,0.003,,0.053891121084496424,1000,,single,1.0098401177778544,train
1.0,bump,0.001442896234891452,train-single-bump-a1-noise0.003-k12-r0,0.228766754053174,0.10301858020923661,0.0027515408898856177,,,0.002779421382169965,synthetic,12.0,fixed_1,0.003,,0.04966862192681481,1000,,single,1.0121907014798681,train
1.0,bump,0.0011562303891722793,train-single-bump-a1-noise0.003-k12-r0,0.22277173047233315,0.09771737878981646,0.002609950193902153,,,0.00271466192405944,synthetic,12.0,frozen_initial,0.003,,0.05605296059221012,1000,,single,1.0094960293799076,train
1.0,bump,,train-single-bump-a1-noise0.003-k12-r0,0.2006656349277582,0.08914249210681933,0.0023809220779401467,,,0.002455668915804039,synthetic,12.0,rexafs_direct,0.003,,0.04992699868168238,1000,,single,1.0089457989024513,train
1.0,bump,0.000977875450899386,train-single-bump-a1-noise0.003-k12-r1,0.26448808540622276,0.11251963999526302,0.0030053063217659885,,,0.003115416039791696,synthetic,12.0,larch_dynamic,0.003,,0.06496966180074383,1001,,single,1.0092230345996114,train
1.0,bump,0.0009778283069745086,train-single-bump-a1-noise0.003-k12-r1,0.26452297762833654,0.11251985380428284,0.0030053120324276907,,,0.0031163761359700518,synthetic,12.0,fixed_0,0.003,,0.06497640126187891,1001,,single,1.009220198524038,train
1.0,bump,0.0009778283990123729,train-single-bump-a1-noise0.003-k12-r1,0.2645229077171075,0.11251985336720605,0.0030053120207537316,,,0.0031163742111746423,synthetic,12.0,fixed_1e-06,0.003,,0.0649763877741286,1001,,single,1.009220204206396,train
1.0,bump,0.0009778292274550495,train-single-bump-a1-noise0.003-k12-r1,0.26452227852427046,0.11251984943495671,0.003005311915726612,,,0.003116356888194078,synthetic,12.0,fixed_1e-05,0.003,,0.06497626638903449,1001,,single,1.0092202553475118,train
1.0,bump,0.000977837520770241,train-single-bump-a1-noise0.003-k12-r1,0.264515987402846,0.11251981024011681,0.0030053108688649246,,,0.0031161836758223974,synthetic,12.0,fixed_0.0001,0.003,,0.06497505299535561,1001,,single,1.0092207667351345,train
1.0,bump,0.000977921341989212,train-single-bump-a1-noise0.003-k12-r1,0.2644531568266883,0.11251943104687778,0.0030053007409278068,,,0.003114453294470757,synthetic,12.0,fixed_0.001,0.003,,0.06496296475594183,1001,,single,1.0092258782613113,train
1.0,bump,0.0009788474346833914,train-single-bump-a1-noise0.003-k12-r1,0.26383286732287387,0.11251690300844791,0.003005233219116723,,,0.0030973230566071117,synthetic,12.0,fixed_0.01,0.003,,0.06484662061257764,1001,,single,1.0092767596101957,train
1.0,bump,0.0009959974663534322,train-single-bump-a1-noise0.003-k12-r1,0.2583858088325696,0.11260707161794996,0.003007641547939787,,,0.0029427314189635397,synthetic,12.0,fixed_0.1,0.003,,0.0641059484269082,1001,,single,1.0097632190491241,train
1.0,bump,0.001425491829464885,train-single-bump-a1-noise0.003-k12-r1,0.2476390143361909,0.1186430037942759,0.003168856293454675,,,0.002516831217169472,synthetic,12.0,fixed_1,0.003,,0.07642175127703182,1001,,single,1.0131007072819707,train
1.0,bump,0.0009789511805878984,train-single-bump-a1-noise0.003-k12-r1,0.26377016813902787,0.11251677255987302,0.0030052297349434107,,,0.0030955866894954286,synthetic,12.0,frozen_initial,0.003,,0.06483516940263939,1001,,single,1.0092819458865543,train
1.0,bump,,train-single-bump-a1-noise0.003-k12-r1,0.22094032802843844,0.10211908295518386,0.002727516063782995,,,0.002328064141603913,synthetic,12.0,rexafs_direct,0.003,,0.07056450043622611,1001,,single,1.0093480024008092,train
1.0,bump,0.0009889988290186042,train-single-bump-a1-noise0.003-k12-r2,0.23051729827706474,0.10665998015767901,0.002848799664314624,,,0.0025569982232294237,synthetic,12.0,larch_dynamic,0.003,,0.055846007455102445,1002,,single,0.9991329066235641,train
1.0,bump,0.0009889780305767475,train-single-bump-a1-noise0.003-k12-r2,0.23052609168594054,0.10665904628928996,0.0028487747214639945,,,0.0025572818269711636,synthetic,12.0,fixed_0,0.003,,0.055860546768747125,1002,,single,0.9991310134663731,train
1.0,bump,0.0009889780709588238,train-single-bump-a1-noise0.003-k12-r2,0.23052607404180858,0.1066590481520476,0.002848774771216707,,,0.00255728125791958,synthetic,12.0,fixed_1e-06,0.003,,0.055860517663665586,1002,,single,0.999131017255805,train
1.0,bump,0.0009889784344478889,train-single-bump-a1-noise0.003-k12-r2,0.23052591524839697,0.10665906491749225,0.002848775219007837,,,0.0025572761365545847,synthetic,12.0,fixed_1e-05,0.003,,0.05586025572064583,1002,,single,0.9991310513606375,train
1.0,bump,0.0009889820732573574,train-single-bump-a1-noise0.003-k12-r2,0.23052432768664974,0.10665923262308741,0.0028487796982852804,,,0.0025572249326719972,synthetic,12.0,fixed_0.0001,0.003,,0.055857636556973664,1002,,single,0.9991313923932919,train
1.0,bump,0.0009890188524309285,train-single-bump-a1-noise0.003-k12-r2,0.23050848926324574,0.10666091478761754,0.002848824627505609,,,0.0025567138694342936,synthetic,12.0,fixed_0.001,0.003,,0.05583147154997838,1002,,single,0.9991348011552241,train
1.0,bump,0.0009894253684576797,train-single-bump-a1-noise0.003-k12-r2,0.23035379577529028,0.10667824214240787,0.0028492874267901872,,,0.0025517001671191766,synthetic,12.0,fixed_0.01,0.003,,0.055572472977059875,1002,,single,0.9991687330432432,train
1.0,bump,0.0009969966633032257,train-single-bump-a1-noise0.003-k12-r2,0.2291487470511733,0.10689726420822925,0.0028551373246306615,,,0.0025106477799376713,synthetic,12.0,fixed_0.1,0.003,,0.0532364460954657,1002,,single,0.9994931693462153,train
1.0,bump,0.0012068305186429056,train-single-bump-a1-noise0.003-k12-r2,0.2344228900758237,0.11093635687415432,0.0029630181419138873,,,0.0025856883750527246,synthetic,12.0,fixed_1,0.003,,0.046354074705179736,1002,,single,1.0017208358966656,train
1.0,bump,0.0009893806850821438,train-single-bump-a1-noise0.003-k12-r2,0.2303692773446837,0.10667643209286666,0.002849239081867211,,,0.002552203801311764,synthetic,12.0,frozen_initial,0.003,,0.05559868446574486,1002,,single,0.9991652831201515,train
1.0,bump,,train-single-bump-a1-noise0.003-k12-r2,0.20450604435984704,0.09737577139091848,0.0026008261434207133,,,0.0021879755561973846,synthetic,12.0,rexafs_direct,0.003,,0.048272985294766556,1002,,single,0.9988576802535061,train
0.3,polynomial,0.0006619968393728433,train-double-polynomial-a0.3-noise0-k10-r0,0.2406087683006682,0.05940648831527272,0.0007072006847002656,,,0.0017314600381276503,synthetic,10.0,larch_dynamic,0.0,,0.09531108100887276,1000,,double,0.9947837128802695,train
0.3,polynomial,0.0006621899971361668,train-double-polynomial-a0.3-noise0-k10-r0,0.240672848091082,0.059423866144412064,0.0007074075579394433,,,0.0017319049636808075,synthetic,10.0,fixed_0,0.0,,0.09533746021009518,1000,,double,0.9947806084266488,train
0.3,polynomial,0.0006621895983092015,train-double-polynomial-a0.3-noise0-k10-r0,0.24067271575699692,0.05942383026297312,0.000707407130791182,,,0.0017319040447850312,synthetic,10.0,fixed_1e-06,0.0,,0.09533740573723416,1000,,double,0.9947806148342024,train
0.3,polynomial,0.000662186008902486,train-double-polynomial-a0.3-noise0-k10-r0,0.24067152476053677,0.059423507333217045,0.0007074032864948587,,,0.0017318957747961394,synthetic,10.0,fixed_1e-05,0.0,,0.09533691548561736,1000,,double,0.9947806725014177,train
0.3,polynomial,0.0006621501176815935,train-double-polynomial-a0.3-noise0-k10-r0,0.24065961569748592,0.059420278289900264,0.0007073648465582573,,,0.001731813081109883,synthetic,10.0,fixed_0.0001,0.0,,0.09533201333964025,1000,,double,0.9947812491310594,train
0.3,polynomial,0.000661791490348483,train-double-polynomial-a0.3-noise0-k10-r0,0.24054061528981524,0.059388013302615096,0.0007069807501111012,,,0.0017309867652252034,synthetic,10.0,fixed_0.001,0.0,,0.09528302891684519,1000,,double,0.9947870111614129,train
0.3,polynomial,0.0006582334904179493,train-double-polynomial-a0.3-noise0-k10-r0,0.2393595659943897,0.059067888911715265,0.0007031698500755337,,,0.0017227852402001023,synthetic,10.0,fixed_0.01,0.0,,0.09479686071380272,1000,,double,0.9948442080069709,train
0.3,polynomial,0.0006252815191932129,train-double-polynomial-a0.3-noise0-k10-r0,0.22838186247417452,0.05610141404152252,0.0006678556425059357,,,0.001646502729572719,synthetic,10.0,fixed_0.1,0.0,,0.09027707508641182,1000,,double,0.9953767797678343,train
0.3,polynomial,0.0004447035510333392,train-double-polynomial-a0.3-noise0-k10-r0,0.16607645920786163,0.039756698634733856,0.00047328103870899243,,,0.0012109116908504741,synthetic,10.0,fixed_1,0.0,,0.0645820718772942,1000,,double,0.9984487646870189,train
0.3,polynomial,0.0006619692890724384,train-double-polynomial-a0.3-noise0-k10-r0,0.24059961378067238,0.05940400954164335,0.0007071711763004658,,,0.0017313964406220112,synthetic,10.0,frozen_initial,0.0,,0.09530731463000106,1000,,double,0.9947841544160622,train
0.3,polynomial,,train-double-polynomial-a0.3-noise0-k10-r0,0.23570708279853747,0.059129191928808125,0.000703899627863983,,,0.0016956722097019674,synthetic,10.0,rexafs_direct,0.0,,0.09355767623294603,1000,,double,0.9921322693459649,train
0.3,polynomial,0.00023923276545637445,train-double-polynomial-a0.3-noise0-k12-r0,0.04065435682924521,0.02253578255606324,0.00024192896465298562,,,0.00020094028548585854,synthetic,12.0,larch_dynamic,0.0,,0.01767153073936681,1000,,double,0.9993227739471257,train
0.3,polynomial,0.00023916535466825698,train-double-polynomial-a0.3-noise0-k12-r0,0.04062160041385367,0.022529146873141972,0.0002418577284358756,,,0.00020074818017787037,synthetic,12.0,fixed_0,0.0,,0.01765785547868383,1000,,double,0.9993239886766029,train
0.3,polynomial,0.00023916548929849162,train-double-polynomial-a0.3-noise0-k12-r0,0.04062166582766607,0.0225291601256524,0.0002418578707058908,,,0.00020074856386309914,synthetic,12.0,fixed_1e-06,0.0,,0.01765788278973751,1000,,double,0.9993239862503316,train
0.3,polynomial,0.00023916670098132596,train-double-polynomial-a0.3-noise0-k12-r0,0.04062225455030837,0.02252927939925014,0.0002418591511468047,,,0.0002007520170170166,synthetic,12.0,fixed_1e-05,0.0,,0.017658128588464547,1000,,double,0.9993239644136984,train
0.3,polynomial,0.0002391788175205163,train-double-polynomial-a0.3-noise0-k12-r0,0.04062814159455653,0.022530472107642325,0.00024187195525980754,,,0.000200786547398739,synthetic,12.0,fixed_0.0001,0.0,,0.017660586492115413,1000,,double,0.9993237460574884,train
0.3,polynomial,0.00023929995457896606,train-double-polynomial-a0.3-noise0-k12-r0,0.04068699388559717,0.022542396487097258,0.0002419999673565024,,,0.0002011317358496258,synthetic,12.0,fixed_0.001,0.0,,0.0176851571976271,1000,,double,0.999321563501015,train
0.3,polynomial,0.0002405084769578344,train-double-polynomial-a0.3-noise0-k12-r0,0.04127369192767246,0.02266136817921148,0.00024327716721519836,,,0.00020457203609170558,synthetic,12.0,fixed_0.01,0.0,,0.017930029124745037,1000,,double,0.9992998380369985,train
0.3,polynomial,0.0002522971721115291,train-double-polynomial-a0.3-noise0-k12-r0,0.04695188185124552,0.02382255625789927,0.0002557428993878201,,,0.00023779017592948288,synthetic,12.0,fixed_0.1,0.0,,0.02029426743812426,1000,,double,0.9990921496152102,train
0.3,polynomial,0.0003412530418326602,train-double-polynomial-a0.3-noise0-k12-r0,0.08748292559834149,0.03259649908098629,0.00034993403288111134,,,0.00047253735085703877,synthetic,12.0,fixed_1,0.0,,0.03705435465615778,1000,,double,0.9976687766492928,train
0.3,polynomial,0.00023929809789568414,train-double-polynomial-a0.3-noise0-k12-r0,0.040686091908551145,0.022542213719436363,0.00024199800528614326,,,0.00020112644557392822,synthetic,12.0,frozen_initial,0.0,,0.017684780634462032,1000,,double,0.9993215969465593,train
0.3,polynomial,,train-double-polynomial-a0.3-noise0-k12-r0,0.04151938897746334,0.023813675282361703,0.00025564755922328103,,,0.00020652789841370635,synthetic,12.0,rexafs_direct,0.0,,0.018346691366946652,1000,,double,0.9967291862009667,train
0.3,polynomial,0.0006862177296240087,train-double-polynomial-a0.3-noise0.0003-k10-r0,0.24511438239736752,0.06272495708909089,0.0007467051808513587,,,0.001743426795769695,synthetic,10.0,larch_dynamic,0.0003,,0.0974199551879183,1000,,double,0.9962013691905932,train
0.3,polynomial,0.0006864201472545305,train-double-polynomial-a0.3-noise0.0003-k10-r0,0.24517996437622203,0.06274203498625318,0.000746908483569781,,,0.001743887976793621,synthetic,10.0,fixed_0,0.0003,,0.09744725271831038,1000,,double,0.9961981272595335,train
0.3,polynomial,0.0006864197293140151,train-double-polynomial-a0.3-noise0.0003-k10-r0,0.24517982893878176,0.06274199972340136,0.00074690806378545,,,0.0017438870243253574,synthetic,10.0,fixed_1e-06,0.0003,,0.09744719634866422,1000,,double,0.9961981339507989,train
0.3,polynomial,0.0006864159678833507,train-double-polynomial-a0.3-noise0.0003-k10-r0,0.24517861001157382,0.06274168236070934,0.0007469042857618796,,,0.0017438784521784838,synthetic,10.0,fixed_1e-05,0.0003,,0.09744668902585528,1000,,double,0.9961981941714402,train
0.3,polynomial,0.0006863783565565422,train-double-polynomial-a0.3-noise0.0003-k10-r0,0.24516642167788122,0.06273850899616548,0.0007468665086496169,,,0.0017437927371859146,synthetic,10.0,fixed_0.0001,0.0003,,0.09744161618417761,1000,,double,0.9961987963333591,train
0.3,polynomial,0.0006860025411991026,train-double-polynomial-a0.3-noise0.0003-k10-r0,0.24504463217587738,0.06270680158253997,0.0007464890498019059,,,0.0017429362349963532,synthetic,10.0,fixed_0.001,0.0003,,0.09739092640104251,1000,,double,0.9962048134944823,train
0.3,polynomial,0.0006822739549136943,train-double-polynomial-a0.3-noise0.0003-k10-r0,0.2438360500940123,0.0623923306476969,0.00074274545096706,,,0.0017344355014992264,synthetic,10.0,fixed_0.01,0.0003,,0.09688786300534966,1000,,double,0.9962645425791026,train
0.3,polynomial,0.0006477365137449975,train-double-polynomial-a0.3-noise0.0003-k10-r0,0.23261605647497827,0.05948935164234593,0.0007081871257996235,,,0.001655407107437409,synthetic,10.0,fixed_0.1,0.0003,,0.0922138133444305,1000,,double,0.9968206626738928,train
0.3,polynomial,0.0004581914971071188,train-double-polynomial-a0.3-noise0.0003-k10-r0,0.16962578832256475,0.04402912591031326,0.0005241418719329126,,,0.0012060304260133453,synthetic,10.0,fixed_1,0.0003,,0.06578874580730074,1000,,double,1.000026644712379,train
0.3,polynomial,0.0006861862573885786,train-double-polynomial-a0.3-noise0.0003-k10-r0,0.24510416921740483,0.06272230140574425,0.0007466735664413113,,,0.0017433549405682558,synthetic,10.0,frozen_initial,0.0003,,0.09741570629845606,1000,,double,0.996201871952951,train
0.3,polynomial,,train-double-polynomial-a0.3-noise0.0003-k10-r0,0.23841820732475832,0.06156333582284432,0.0007328767358759172,,,0.0016976266154520052,synthetic,10.0,rexafs_direct,0.0003,,0.0955542215004828,1000,,double,0.993635615912642,train
0.3,polynomial,0.0006311646232349688,train-double-polynomial-a0.3-noise0.0003-k10-r1,0.24846484458555648,0.06365992288411326,0.0007578354204794292,,,0.0017736242253860043,synthetic,10.0,larch_dynamic,0.0003,,0.0977596890537328,1001,,double,0.994287804669491,train
0.3,polynomial,0.0006313605216921117,train-double-polynomial-a0.3-noise0.0003-k10-r1,0.24852939342525338,0.06367638237719467,0.0007580313614466046,,,0.00177407499582128,synthetic,10.0,fixed_0,0.0003,,0.09778676530182541,1001,,double,0.9942846199160258,train
0.3,polynomial,0.0006313601171843229,train-double-polynomial-a0.3-noise0.0003-k10-r1,0.24852926012058338,0.06367634839053588,0.0007580309568546308,,,0.0017740740648373031,synthetic,10.0,fixed_1e-06,0.0003,,0.09778670938938863,1001,,double,0.9942846264893259,train
0.3,polynomial,0.0006313564766491043,train-double-polynomial-a0.3-noise0.0003-k10-r1,0.24852806038852548,0.06367604251357716,0.0007580273155622269,,,0.0017740656860511183,synthetic,10.0,fixed_1e-05,0.0003,,0.09778620618158383,1001,,double,0.9942846856483046,train
0.3,polynomial,0.0006313200742314076,train-double-polynomial-a0.3-noise0.0003-k10-r1,0.24851606398930012,0.06367298399965092,0.000757990905681688,,,0.001773981904539157,synthetic,10.0,fixed_0.0001,0.0003,,0.09778117448370251,1001,,double,0.9942852771943707,train
0.3,polynomial,0.0006309563433832022,train-double-polynomial-a0.3-noise0.0003-k10-r1,0.24839619209335856,0.06364242441567483,0.0007576271110975451,,,0.0017731447242271096,synthetic,10.0,fixed_0.001,0.0003,,0.09773089550765045,1001,,double,0.9942911882776848,train
0.3,polynomial,0.0006273481473367838,train-double-polynomial-a0.3-noise0.0003-k10-r1,0.24720661359958648,0.0633393645028505,0.0007540193540337521,,,0.0017648359264424763,synthetic,10.0,fixed_0.01,0.0003,,0.09723187763536036,1001,,double,0.9943498646196317,train
0.3,polynomial,0.000593972459510073,train-double-polynomial-a0.3-noise0.0003-k10-r1,0.23616062828129727,0.060544137114776235,0.0007207437510011646,,,0.0016876070548672176,synthetic,10.0,fixed_0.1,0.0003,,0.09259251180126933,1001,,double,0.9948962048370256,train
0.3,polynomial,0.00041360334731562826,train-double-polynomial-a0.3-noise0.0003-k10-r1,0.17400897369216276,0.04575209707808303,0.0005446528703797328,,,0.0012491545685093073,synthetic,10.0,fixed_1,0.0003,,0.06621062238758248,1001,,double,0.9980471519974043,train
0.3,polynomial,0.0006311379674191509,train-double-polynomial-a0.3-noise0.0003-k10-r1,0.2484560495281527,0.06365768372010328,0.0007578087644967929,,,0.0017735627679567204,synthetic,10.0,frozen_initial,0.0003,,0.09775600220635236,1001,,double,0.99428823657042,train
0.3,polynomial,,train-double-polynomial-a0.3-noise0.0003-k10-r1,0.24255882585076938,0.062465115221563894,0.0007436119102029802,,,0.0017344130006682163,synthetic,10.0,rexafs_direct,0.0003,,0.09605268568576238,1001,,double,0.9918713289989896,train
0.3,polynomial,0.0006897907394008895,train-double-polynomial-a0.3-noise0.0003-k10-r2,0.24696478552698933,0.06418449274457909,0.000764080128339045,,,0.0017614620640386959,synthetic,10.0,larch_dynamic,0.0003,,0.09900495441665148,1002,,double,0.9950591998956624,train
0.3,polynomial,0.0006899818921811847,train-double-polynomial-a0.3-noise0.0003-k10-r2,0.2470282072237708,0.06420088741280665,0.0007642752976029549,,,0.0017619052750557972,synthetic,10.0,fixed_0,0.0003,,0.09903135168857218,1002,,double,0.9950560566795978,train
0.3,polynomial,0.0006899814974780919,train-double-polynomial-a0.3-noise0.0003-k10-r2,0.24702807624789846,0.06420085356099091,0.0007642748946162115,,,0.0017619043596892525,synthetic,10.0,fixed_1e-06,0.0003,,0.09903129717813587,1002,,double,0.9950560631670244,train
0.3,polynomial,0.0006899779451860261,train-double-polynomial-a0.3-noise0.0003-k10-r2,0.24702689747489717,0.06420054889767078,0.0007642712677714893,,,0.0017618961214598008,synthetic,10.0,fixed_1e-05,0.0003,,0.09903080658825617,1002,,double,0.9950561215530767,train
0.3,polynomial,0.0006899424251276541,train-double-polynomial-a0.3-noise0.0003-k10-r2,0.2470151106514115,0.06419750251646285,0.0007642350023241082,,,0.0017618137454125462,synthetic,10.0,fixed_0.0001,0.0003,,0.09902590106279578,1002,,double,0.9950567053705768,train
0.3,polynomial,0.0006895875110220177,train-double-polynomial-a0.3-noise0.0003-k10-r2,0.24689733314658535,0.06416706391823493,0.0007638726480069523,,,0.0017609906104955506,synthetic,10.0,fixed_0.001,0.0003,,0.09897688316877463,1002,,double,0.9950625392283536,train
0.3,polynomial,0.0006860668011964336,train-double-polynomial-a0.3-noise0.0003-k10-r2,0.2457285627936217,0.0638651800337205,0.000760278890895851,,,0.0017528213470753699,synthetic,10.0,fixed_0.01,0.0003,,0.09849041227240522,1002,,double,0.9951204492576907,train
0.3,polynomial,0.0006535012408641094,train-double-polynomial-a0.3-noise0.0003-k10-r2,0.23487798220571157,0.06107860334504649,0.0007271062695528481,,,0.0016769020256940867,synthetic,10.0,fixed_0.1,0.0003,,0.09397051388169995,1002,,double,0.9956596792806944,train
0.3,polynomial,0.00047694444726338267,train-double-polynomial-a0.3-noise0.0003-k10-r2,0.1739331294340088,0.04621959912756139,0.0005502182181871181,,,0.0012465200127699646,synthetic,10.0,fixed_1,0.0003,,0.06840805080973071,1002,,double,0.9987711549785325,train
0.3,polynomial,0.0006897635196328091,train-double-polynomial-a0.3-noise0.0003-k10-r2,0.2469557422222071,0.06418215884781318,0.0007640523446164638,,,0.0017613988274846851,synthetic,10.0,frozen_initial,0.0003,,0.09900119256971036,1002,,double,0.9950596460191478,train
0.3,polynomial,,train-double-polynomial-a0.3-noise0.0003-k10-r2,0.24180299639790187,0.06327874566204093,0.0007532977209774644,,,0.0017257005453737702,synthetic,10.0,rexafs_direct,0.0003,,0.09658672753245566,1002,,double,0.9926594312954508,train
0.3,polynomial,0.0002564630049100463,train-double-polynomial-a0.3-noise0.0003-k12-r0,0.08053279361271277,0.032409424703371985,0.0003479257285155213,,,0.0003610916036196469,synthetic,12.0,larch_dynamic,0.0003,,0.02000305956724885,1000,,double,1.000664949916491,train
0.3,polynomial,0.0002564034193041899,train-double-polynomial-a0.3-noise0.0003-k12-r0,0.08051455298265904,0.03240503498975574,0.00034787860351031424,,,0.0003609682418791106,synthetic,12.0,fixed_0,0.0003,,0.01999406986753921,1000,,double,1.000666078902264,train
0.3,polynomial,0.000256403538294044,train-double-polynomial-a0.3-noise0.0003-k12-r0,0.08051458940234324,0.03240504375614223,0.0003478786976203279,,,0.00036096848821882944,synthetic,12.0,fixed_1e-06,0.0003,,0.01999408781622349,1000,,double,1.0006660766472744,train
0.3,polynomial,0.00025640460921355667,train-double-polynomial-a0.3-noise0.0003-k12-r0,0.08051491717991548,0.03240512265437691,0.00034787954461857094,,,0.00036097070527663837,synthetic,12.0,fixed_1e-05,0.0003,,0.019994249354727753,1000,,double,1.0006660563521863,train
0.3,polynomial,0.00025641531815540774,train-double-polynomial-a0.3-noise0.0003-k12-r0,0.08051819497471946,0.032405911627012104,0.0003478880144967435,,,0.0003609928758648591,synthetic,12.0,fixed_0.0001,0.0003,,0.01999586475995101,1000,,double,1.0006658534107384,train
0.3,polynomial,0.00025652238296095746,train-double-polynomial-a0.3-noise0.0003-k12-r0,0.08055097484854988,0.032413800423157675,0.00034797270329240033,,,0.00036121458273342873,synthetic,12.0,fixed_0.001,0.0003,,0.020012020823400763,1000,,double,1.000663824931163,train
0.3,polynomial,0.0002575905583515252,train-double-polynomial-a0.3-noise0.0003-k12-r0,0.08087894986556046,0.032492593821030584,0.0003488185760781116,,,0.00036343163311374383,synthetic,12.0,fixed_0.01,0.0003,,0.02017376900176702,1000,,double,1.0006436331999393,train
0.3,polynomial,0.0002680160048817105,train-double-polynomial-a0.3-noise0.0003-k12-r0,0.08416187083647854,0.03326972251153123,0.0003571613056472859,,,0.00038549923134753426,synthetic,12.0,fixed_0.1,0.0003,,0.021798329114160186,1000,,double,1.0004506096937889,train
0.3,polynomial,0.00034726064010908055,train-double-polynomial-a0.3-noise0.0003-k12-r0,0.11197725726585338,0.03956205879419967,0.00042471158477903144,,,0.000564795017948384,synthetic,12.0,fixed_1,0.0003,,0.03518224877774497,1000,,double,0.9991279503543481,train
0.3,polynomial,0.0002565192760699635,train-double-polynomial-a0.3-noise0.0003-k12-r0,0.08055002337367179,0.0324135714772174,0.0003479702454831738,,,0.0003612081477362455,synthetic,12.0,frozen_initial,0.0003,,0.020011551847347646,1000,,double,1.000663883783188,train
0.3,polynomial,,train-double-polynomial-a0.3-noise0.0003-k12-r0,0.07625721933447899,0.03149891638332561,0.000338151125187292,,,0.00035297633681664696,synthetic,12.0,rexafs_direct,0.0003,,0.019892274461334892,1000,,double,0.998163184883773,train
0.3,polynomial,0.0002395314628468285,train-double-polynomial-a0.3-noise0.0003-k12-r1,0.07723614978622237,0.03459891163810736,0.0003714305837795447,,,0.00028146777544564035,synthetic,12.0,larch_dynamic,0.0003,,0.026018449384189443,1001,,double,0.9983101371765009,train
0.3,polynomial,0.00023945772811697713,train-double-polynomial-a0.3-noise0.0003-k12-r1,0.07722310405550234,0.034594292552465704,0.00037138099639094836,,,0.00028137117045384785,synthetic,12.0,fixed_0,0.0003,,0.026006511405123712,1001,,double,0.9983115490959138,train
0.3,polynomial,0.00023945787536411387,train-double-polynomial-a0.3-noise0.0003-k12-r1,0.07722313008852663,0.034594301776577976,0.00037138109541479743,,,0.000281371363225713,synthetic,12.0,fixed_1e-06,0.0003,,0.02600653524477927,1001,,double,0.998311546275649,train
0.3,polynomial,0.00023945920059104743,train-double-polynomial-a0.3-noise0.0003-k12-r1,0.07722336438824755,0.034594384793878365,0.00037138198663255224,,,0.00028137309819360143,synthetic,12.0,fixed_1e-05,0.0003,,0.026006749801625536,1001,,double,0.9983115208933021,train
0.3,polynomial,0.00023947245266946586,train-double-polynomial-a0.3-noise0.0003-k12-r1,0.07722570763495755,0.03459521497258288,0.00037139089887129796,,,0.00028139045004820586,synthetic,12.0,fixed_0.0001,0.0003,,0.026008895373713134,1001,,double,0.998311267081637,train
0.3,polynomial,0.00023960495469486492,train-double-polynomial-a0.3-noise0.0003-k12-r1,0.07724916503997566,0.034603517347310535,0.0003714800275677177,,,0.00028156418583721475,synthetic,12.0,fixed_0.001,0.0003,,0.02603035145359233,1001,,double,0.9983087301331204,train
0.3,polynomial,0.00024092806247767913,train-double-polynomial-a0.3-noise0.0003-k12-r1,0.07748619298966274,0.03468659637500817,0.00037237190798523884,,,0.000283322829865445,synthetic,12.0,fixed_0.01,0.0003,,0.026244934057356412,1001,,double,0.9982834769408983,train
0.3,polynomial,0.0002539371522285706,train-double-polynomial-a0.3-noise0.0003-k12-r1,0.08006509138486703,0.03551979195085078,0.0003813165338270788,,,0.000302641083418724,synthetic,12.0,fixed_0.1,0.0003,,0.02838099527527814,1001,,double,0.9980420586640081,train
0.3,polynomial,0.00035518306279169157,train-double-polynomial-a0.3-noise0.0003-k12-r1,0.10915272307372827,0.04279720536284928,0.0004594419367384969,,,0.000508141451813704,synthetic,12.0,fixed_1,0.0003,,0.04546068573043137,1001,,double,0.9963870989266407,train
0.3,polynomial,0.00023960776200596026,train-double-polynomial-a0.3-noise0.0003-k12-r1,0.07724966258541395,0.03460369328380406,0.00037148191630327057,,,0.0002815678715132949,synthetic,12.0,frozen_initial,0.0003,,0.02603080610851141,1001,,double,0.9983086763988401,train
0.3,polynomial,,train-double-polynomial-a0.3-noise0.0003-k12-r1,0.07090413953103086,0.033412863813497506,0.00035869797413872314,,,0.00027154412194280565,synthetic,12.0,rexafs_direct,0.0003,,0.027210476713597633,1001,,double,0.9959124610048488,train
0.3,polynomial,0.00024425386426615863,train-double-polynomial-a0.3-noise0.0003-k12-r2,0.08233921269135147,0.03405578539219567,0.0003655999466573416,,,0.0003508871611654609,synthetic,12.0,larch_dynamic,0.0003,,0.019546437182592587,1002,,double,0.999729293029471,train
0.3,polynomial,0.0002441986240541492,train-double-polynomial-a0.3-noise0.0003-k12-r2,0.08232213270083417,0.03405179426864537,0.00036555710064629563,,,0.0003507651571606238,synthetic,12.0,fixed_0,0.0003,,0.019538211120277277,1002,,double,0.9997303856925239,train
0.3,polynomial,0.00024419873436172746,train-double-polynomial-a0.3-noise0.0003-k12-r2,0.08232216680228817,0.0340518022387426,0.00036555718620788496,,,0.00035076540077911357,synthetic,12.0,fixed_1e-06,0.0003,,0.019538227542805684,1002,,double,0.9997303835101554,train
0.3,polynomial,0.0002441997271411693,train-double-polynomial-a0.3-noise0.0003-k12-r2,0.08232247371559184,0.034051873970352226,0.00036555795627007406,,,0.0003507675933448964,synthetic,12.0,fixed_1e-05,0.0003,,0.01953837534598269,1002,,double,0.9997303638686084,train
0.3,polynomial,0.00024420965474090354,train-double-polynomial-a0.3-noise0.0003-k12-r2,0.08232554286694373,0.03405259127854829,0.0003655656568071546,,,0.00035078951894903745,synthetic,12.0,fixed_0.0001,0.0003,,0.01953985340725057,1002,,double,0.9997301674622003,train
0.3,polynomial,0.0002443089113281135,train-double-polynomial-a0.3-noise0.0003-k12-r2,0.08235623622155434,0.03405976357655067,0.0003656426537619123,,,0.0003510087696894422,synthetic,12.0,fixed_0.001,0.0003,,0.019554636967236163,1002,,double,0.9997282043020163,train
0.3,polynomial,0.0002452995224782376,train-double-polynomial-a0.3-noise0.0003-k12-r2,0.08266333915024623,0.034131406836693634,0.00036641176749060717,,,0.0003532006400076934,synthetic,12.0,fixed_0.01,0.0003,,0.01970275341622397,1002,,double,0.9997086626577223,train
0.3,polynomial,0.0002549978170363401,train-double-polynomial-a0.3-noise0.0003-k12-r2,0.08573821379255964,0.034838652129497175,0.0003740042760275527,,,0.0003749637498295068,synthetic,12.0,fixed_0.1,0.0003,,0.02119995436149918,1002,,double,0.9995218431010069,train
0.3,polynomial,0.00032984008646272015,train-double-polynomial-a0.3-noise0.0003-k12-r2,0.11193157596750382,0.04061219409578215,0.00043598512922442034,,,0.0005500262785594715,synthetic,12.0,fixed_1,0.0003,,0.033840766031953316,1002,,double,0.9982409395136466,train
0.3,polynomial,0.0002443081714172167,train-double-polynomial-a0.3-noise0.0003-k12-r2,0.08235600736421461,0.03405971010629337,0.00036564207974128726,,,0.000351007135025153,synthetic,12.0,frozen_initial,0.0003,,0.019554526723485264,1002,,double,0.999728218932951,train
0.3,polynomial,,train-double-polynomial-a0.3-noise0.0003-k12-r2,0.07736129732139146,0.03307387978244565,0.00035505887017318525,,,0.00033821909194679047,synthetic,12.0,rexafs_direct,0.0003,,0.02126264203614913,1002,,double,0.9973479371874447,train
0.3,polynomial,0.001055288455963004,train-double-polynomial-a0.3-noise0.003-k10-r0,0.548915528769762,0.2150812535802676,0.002560420824589494,,,0.0030667404512008042,synthetic,10.0,larch_dynamic,0.003,,0.1600504480309646,1000,,double,1.0089602770753925,train
0.3,polynomial,0.0010555333383563698,train-double-polynomial-a0.3-noise0.003-k10-r0,0.5489553056013652,0.215087728171089,0.0025604979009357294,,,0.0030670996683694997,synthetic,10.0,fixed_0,0.003,,0.1600760058183347,1000,,double,1.0089557967554628,train
0.3,polynomial,0.0010555328328208497,train-double-polynomial-a0.3-noise0.003-k10-r0,0.5489552234386487,0.21508771479989214,0.0025604977417591837,,,0.003067098926376631,synthetic,10.0,fixed_1e-06,0.003,,0.16007595303333322,1000,,double,1.0089558060001784,train
0.3,polynomial,0.0010555282830438215,train-double-polynomial-a0.3-noise0.003-k10-r0,0.5489544839824507,0.21508759446073797,0.002560496309189534,,,0.003067092248510625,synthetic,10.0,fixed_1e-05,0.003,,0.16007547797297225,1000,,double,1.0089558892015975,train
0.3,polynomial,0.001055482789223339,train-double-polynomial-a0.3-noise0.003-k10-r0,0.548947090229914,0.21508639121921153,0.0025604819852788714,,,0.003067025476672833,synthetic,10.0,fixed_0.0001,0.003,,0.16007072782598758,1000,,double,1.0089567211541302,train
0.3,polynomial,0.001055028245874735,train-double-polynomial-a0.3-noise0.003-k10-r0,0.5488732336018186,0.21507437379829167,0.002560338924671456,,,0.0030663584401741683,synthetic,10.0,fixed_0.001,0.003,,0.16002327199727914,1000,,double,1.0089650344920988,train
0.3,polynomial,0.0010505219891622096,train-double-polynomial-a0.3-noise0.003-k10-r0,0.5481426813927217,0.21495568374543625,0.002558925986640158,,,0.0030597556620292703,synthetic,10.0,fixed_0.01,0.003,,0.1595532395104339,1000,,double,1.0090475537281665,train
0.3,polynomial,0.001009089872850601,train-double-polynomial-a0.3-noise0.003-k10-r0,0.5415690213944317,0.21390323235211853,0.0025463971473319324,,,0.002999931775077273,synthetic,10.0,fixed_0.1,0.003,,0.15527002923306726,1000,,double,1.009815608828374,train
0.3,polynomial,0.0007950584660498072,train-double-polynomial-a0.3-noise0.003-k10-r0,0.5123449045766034,0.20973867202536253,0.0024968204091997737,,,0.002721421357095511,synthetic,10.0,fixed_1,0.003,,0.13452649786138407,1000,,double,1.0142275649404349,train
0.3,polynomial,0.001055205518586004,train-double-polynomial-a0.3-noise0.003-k10-r0,0.5489020342005533,0.21507905962946233,0.0025603947068445184,,,0.00306661856345541,synthetic,10.0,frozen_initial,0.003,,0.1600417789000992,1000,,double,1.008961792051993,train
0.3,polynomial,,train-double-polynomial-a0.3-noise0.003-k10-r0,0.49157943619928407,0.19011284126748862,0.0022631859806484444,,,0.0027279774658388006,synthetic,10.0,rexafs_direct,0.003,,0.15814775569431114,1000,,double,1.007190242885393,train
0.3,polynomial,0.0005148967039634609,train-double-polynomial-a0.3-noise0.003-k10-r1,0.5616635423807294,0.23798293610645258,0.0028330524179156777,,,0.0033325789982693982,synthetic,10.0,larch_dynamic,0.003,,0.15050470917335138,1001,,double,0.9898246312963144,train
0.3,polynomial,0.0005150295995332082,train-double-polynomial-a0.3-noise0.003-k10-r1,0.5617029167742634,0.2379878154884157,0.0028331105042015883,,,0.0033329037703122245,synthetic,10.0,fixed_0,0.003,,0.15053125013555077,1001,,double,0.9898207233205117,train
0.3,polynomial,0.0005150293246709015,train-double-polynomial-a0.3-noise0.003-k10-r1,0.561702835442597,0.23798780540952236,0.0028331103842180565,,,0.0033329030993736264,synthetic,10.0,fixed_1e-06,0.003,,0.15053119532504067,1001,,double,0.9898207313855881,train
0.3,polynomial,0.0005150268509554333,train-double-polynomial-a0.3-noise0.003-k10-r1,0.5617021034651987,0.23798771470063512,0.0028331093043799955,,,0.0033328970609870553,synthetic,10.0,fixed_1e-05,0.003,,0.15053070203495503,1001,,double,0.9898208039703378,train
0.3,polynomial,0.0005150021175442093,train-double-polynomial-a0.3-noise0.003-k10-r1,0.5616947844148622,0.23798680772135966,0.002833098507304073,,,0.003332836682851306,synthetic,10.0,fixed_0.0001,0.003,,0.15052576955720964,1001,,double,0.9898215297641194,train
0.3,polynomial,0.0005147551580833166,train-double-polynomial-a0.3-noise0.003-k10-r1,0.5616216662652981,0.23797774888006845,0.0028329906669158356,,,0.003332233474501847,synthetic,10.0,fixed_0.001,0.003,,0.15047648709067482,1001,,double,0.9898287823243118,train
0.3,polynomial,0.0005123227081569486,train-double-polynomial-a0.3-noise0.003-k10-r1,0.5608976555179522,0.23788824452801,0.00283192516816554,,,0.003326258197315807,synthetic,10.0,fixed_0.01,0.003,,0.14998785985420185,1001,,double,0.9899007741333886,train
0.3,polynomial,0.0004914127928232159,train-double-polynomial-a0.3-noise0.003-k10-r1,0.5543151210202009,0.237091477369654,0.0028224401052386475,,,0.0032717299692587593,synthetic,10.0,fixed_0.1,0.003,,0.1454901119185014,1001,,double,0.9905710304598485,train
0.3,polynomial,0.0004477599440409074,train-double-polynomial-a0.3-noise0.003-k10-r1,0.5224074841373184,0.23381316403124214,0.0027834136368622827,,,0.003000978078306342,synthetic,10.0,fixed_1,0.003,,0.1218343084146718,1001,,double,0.9944326377908018,train
0.3,polynomial,0.0005148786185496562,train-double-polynomial-a0.3-noise0.003-k10-r1,0.5616582283982832,0.23798227822831047,0.002833044586248031,,,0.0033325351093325276,synthetic,10.0,frozen_initial,0.003,,0.15050113185128258,1001,,double,0.9898251553323715,train
0.3,polynomial,,train-double-polynomial-a0.3-noise0.003-k10-r1,0.5045187091295866,0.20916508523037317,0.002489992182424295,,,0.003037271697753725,synthetic,10.0,rexafs_direct,0.003,,0.15174042781442768,1001,,double,0.9895298098925422,train
0.3,polynomial,0.0010371244578721178,train-double-polynomial-a0.3-noise0.003-k10-r2,0.5667310692751237,0.24074209007760142,0.0028658985872976215,,,0.003262956855224322,synthetic,10.0,larch_dynamic,0.003,,0.17646592196603442,1002,,double,0.9975385834680812,train
0.3,polynomial,0.0010372884132402755,train-double-polynomial-a0.3-noise0.003-k10-r2,0.566762706112744,0.24074723955907532,0.0028659598889656285,,,0.0032632248322398676,synthetic,10.0,fixed_0,0.003,,0.17648620325790212,1002,,double,0.9975350909560029,train
0.3,polynomial,0.0010372880745358776,train-double-polynomial-a0.3-noise0.003-k10-r2,0.5667626407681812,0.24074722892604974,0.002865959762385466,,,0.0032632242786450522,synthetic,10.0,fixed_1e-06,0.003,,0.17648616137293777,1002,,double,0.9975350981622645,train
0.3,polynomial,0.0010372850262293754,train-double-polynomial-a0.3-noise0.003-k10-r2,0.5667620526732422,0.24074713322994207,0.0028659586231773626,,,0.0032632192963426235,synthetic,10.0,fixed_1e-05,0.003,,0.17648578441182564,1002,,double,0.9975351630178726,train
0.3,polynomial,0.0010372545459495755,train-double-polynomial-a0.3-noise0.003-k10-r2,0.5667561723096468,0.2407461763724092,0.0028659472323289623,,,0.0032631694780966185,synthetic,10.0,fixed_0.0001,0.003,,0.1764820151348483,1002,,double,0.9975358115261919,train
0.3,polynomial,0.001036950021565058,train-double-polynomial-a0.3-noise0.003-k10-r2,0.5666974272420375,0.24073661814444822,0.0028658334470245245,,,0.003262671773545434,synthetic,10.0,fixed_0.001,0.003,,0.17644435577912715,1002,,double,0.99754229183056,train
0.3,polynomial,0.00103393239089158,train-double-polynomial-a0.3-noise0.003-k10-r2,0.5661157804793211,0.24064206066216462,0.002864707793613409,,,0.003257742101195024,synthetic,10.0,fixed_0.01,0.003,,0.17607107601914274,1002,,double,0.997606620513885,train
0.3,polynomial,0.0010063060283054589,train-double-polynomial-a0.3-noise0.003-k10-r2,0.5608310570993689,0.23978985754290222,0.00285456279688767,,,0.003212798100986249,synthetic,10.0,fixed_0.1,0.003,,0.17264413418117802,1002,,double,0.9982057748962945,train
0.3,polynomial,0.0008674163179032839,train-double-polynomial-a0.3-noise0.003-k10-r2,0.5352851856701278,0.23589668785173445,0.0028082168109637667,,,0.0029908464759136433,synthetic,10.0,fixed_1,0.003,,0.15486410519759586,1002,,double,1.001672667601826,train
0.3,polynomial,0.0010370998893202243,train-double-polynomial-a0.3-noise0.003-k10-r2,0.5667263367676508,0.24074132173808854,0.002865889440649755,,,0.0032629167072416366,synthetic,10.0,frozen_initial,0.003,,0.17646288957709225,1002,,double,0.9975391023721129,train
0.3,polynomial,,train-double-polynomial-a0.3-noise0.003-k10-r2,0.519064709916805,0.21639464257691898,0.0025760559786618957,,,0.00304503245409485,synthetic,10.0,rexafs_direct,0.003,,0.16800001467794098,1002,,double,0.9974042117358519,train
0.3,polynomial,0.000766699007841764,train-double-polynomial-a0.3-noise0.003-k12-r0,0.657234725836421,0.2325171219322211,0.0024961470245469485,,,0.002679340484604903,synthetic,12.0,larch_dynamic,0.003,,0.1304722152679567,1000,,double,1.0127445337845677,train
0.3,polynomial,0.0007666917457761363,train-double-polynomial-a0.3-noise0.003-k12-r0,0.6572330042835434,0.23251688718499555,0.002496144504459035,,,0.0026793258869501407,synthetic,12.0,fixed_0,0.003,,0.1304727653193404,1000,,double,1.0127448909332362,train
0.3,polynomial,0.0007666917602706325,train-double-polynomial-a0.3-noise0.003-k12-r0,0.6572330077221189,0.23251688765389875,0.002496144509492863,,,0.0026793259161086063,synthetic,12.0,fixed_1e-06,0.003,,0.13047276422026877,1000,,double,1.0127448902198002,train
0.3,polynomial,0.0007666918907263292,train-double-polynomial-a0.3-noise0.003-k12-r0,0.6572330386692407,0.2325168918741122,0.0024961445547982287,,,0.002679326178534216,synthetic,12.0,fixed_1e-05,0.003,,0.13047275432870467,1000,,double,1.0127448837986324,train
0.3,polynomial,0.0007666931952423657,train-double-polynomial-a0.3-noise0.003-k12-r0,0.6572333481291459,0.23251693407481316,0.002496145007836497,,,0.0026793288026924415,synthetic,12.0,fixed_0.0001,0.003,,0.13047265542014175,1000,,double,1.0127448195900104,train
0.3,polynomial,0.0007667062357319244,train-double-polynomial-a0.3-noise0.003-k12-r0,0.657236441597381,0.23251735593890255,0.002496149536684879,,,0.0026793550345149903,synthetic,12.0,fixed_0.001,0.003,,0.13047166704147523,1000,,double,1.012744177802426,train
0.3,polynomial,0.000766836175855705,train-double-polynomial-a0.3-noise0.003-k12-r0,0.6572672635729337,0.23252156032816082,0.0024961946721727512,,,0.0026796163800414993,synthetic,12.0,fixed_0.01,0.003,,0.13046185352122172,1000,,double,1.012737789666189,train
0.3,polynomial,0.000768090476324573,train-double-polynomial-a0.3-noise0.003-k12-r0,0.6575645859904777,0.23256221969798543,0.002496631163748787,,,0.0026821358856935025,synthetic,12.0,fixed_0.1,0.003,,0.13037032710435373,1000,,double,1.0126767504008491,train
0.3,polynomial,0.0007772233050173244,train-double-polynomial-a0.3-noise0.003-k12-r0,0.6597318695154705,0.23286324388151095,0.0024998627563892766,,,0.002700431573628504,synthetic,12.0,fixed_1,0.003,,0.1298543428833058,1000,,double,1.0122605136996956,train
0.3,polynomial,0.0007667057567521293,train-double-polynomial-a0.3-noise0.003-k12-r0,0.6572363279742036,0.23251734044347358,0.0024961493703364026,,,0.0026793540710248545,synthetic,12.0,frozen_initial,0.003,,0.13047170333354,1000,,double,1.012744201373214,train
0.3,polynomial,,train-double-polynomial-a0.3-noise0.003-k12-r0,0.5942646353882323,0.20582623928168203,0.002209611707246332,,,0.0024871950351907806,synthetic,12.0,rexafs_direct,0.003,,0.13203993281597207,1000,,double,1.0110539565209598,train
0.3,polynomial,0.0004250040997403056,train-double-polynomial-a0.3-noise0.003-k12-r1,0.7258028233445145,0.2647625957820998,0.0028423126872586333,,,0.002501528104584353,synthetic,12.0,larch_dynamic,0.003,,0.18549213558149422,1001,,double,0.9891964071388009,train
0.3,polynomial,0.0004249618654938524,train-double-polynomial-a0.3-noise0.003-k12-r1,0.7258147581896016,0.2647623041095947,0.0028423095560593066,,,0.0025016463779073614,synthetic,12.0,fixed_0,0.003,,0.18548511333930934,1001,,double,0.9891995928695428,train
0.3,polynomial,0.0004249619493678241,train-double-polynomial-a0.3-noise0.003-k12-r1,0.7258147343287151,0.2647623046905976,0.0028423095622965616,,,0.0025016461412854566,synthetic,12.0,fixed_1e-06,0.003,,0.1854851273751454,1001,,double,0.989199586503583,train
0.3,polynomial,0.00042496270425828404,train-double-polynomial-a0.3-noise0.003-k12-r1,0.7258145195838246,0.2647623099200883,0.0028423096184368476,,,0.0025016440117174485,synthetic,12.0,fixed_1e-05,0.003,,0.1854852536985091,1001,,double,0.9891995292098319,train
0.3,polynomial,0.0004249702551075189,train-double-polynomial-a0.3-noise0.003-k12-r1,0.7258123724445188,0.26476236224912053,0.0028423101802060495,,,0.002501622718951002,synthetic,12.0,fixed_0.0001,0.003,,0.18548651701152835,1001,,double,0.9891989562989133,train
0.3,polynomial,0.00042504595820712354,train-double-polynomial-a0.3-noise0.003-k12-r1,0.7257909319815882,0.2647628889576236,0.002842315834593356,,,0.0025014100823605775,synthetic,12.0,fixed_0.001,0.003,,0.18549915806995954,1001,,double,0.9891932298219406,train
0.3,polynomial,0.0004258222097316203,train-double-polynomial-a0.3-noise0.003-k12-r1,0.7255795970886024,0.2647684945881605,0.0028423760128626764,,,0.0024993126189885536,synthetic,12.0,fixed_0.01,0.003,,0.1856263504450284,1001,,double,0.9891362270756787,train
0.3,polynomial,0.0004352804820890686,train-double-polynomial-a0.3-noise0.003-k12-r1,0.723751290085385,0.2648553514826616,0.0028433084499106184,,,0.0024810336881662177,synthetic,12.0,fixed_0.1,0.003,,0.18696624797429887,1001,,double,0.9885912401031813,train
0.3,polynomial,0.0005785232577131895,train-double-polynomial-a0.3-noise0.003-k12-r1,0.7207184396417634,0.2670661914993065,0.0028670425374626995,,,0.0024458600968014074,synthetic,12.0,fixed_1,0.003,,0.20179454515205647,1001,,double,0.9848519994225831,train
0.3,polynomial,0.0004250827271450154,train-double-polynomial-a0.3-noise0.003-k12-r1,0.7257805744689063,0.26476314612594026,0.002842318595378984,,,0.0025013073511317946,synthetic,12.0,frozen_initial,0.003,,0.18550528180628523,1001,,double,0.9891904597901261,train
0.3,polynomial,,train-double-polynomial-a0.3-noise0.003-k12-r1,0.6520228621378419,0.23388895614404734,0.0025108741115569956,,,0.00230340655754585,synthetic,12.0,rexafs_direct,0.003,,0.19380389688264454,1001,,double,0.9885105276216185,train
0.3,polynomial,0.0005369300742004336,train-double-polynomial-a0.3-noise0.003-k12-r2,0.6806201010574896,0.25709637742989516,0.0027600133366974264,,,0.0024773261847561823,synthetic,12.0,larch_dynamic,0.003,,0.13437166661246486,1002,,double,1.0033879657476599,train
0.3,polynomial,0.0005369301615504102,train-double-polynomial-a0.3-noise0.003-k12-r2,0.6806201593265435,0.2570963829883087,0.002760013396368806,,,0.002477326719504948,synthetic,12.0,fixed_0,0.003,,0.13437161218170193,1002,,double,1.0033879588359325,train
0.3,polynomial,0.0005369301613061949,train-double-polynomial-a0.3-noise0.003-k12-r2,0.6806201592137394,0.25709638297777704,0.0027600133962557448,,,0.002477326718464823,synthetic,12.0,fixed_1e-06,0.003,,0.13437161228560568,1002,,double,1.0033879588486534,train
0.3,polynomial,0.0005369301591139366,train-double-polynomial-a0.3-noise0.003-k12-r2,0.680620158198565,0.2570963828830764,0.002760013395239103,,,0.002477326709103992,synthetic,12.0,fixed_1e-05,0.003,,0.1343716132207998,1002,,double,1.0033879589628576,train
0.3,polynomial,0.0005369301371919124,train-double-polynomial-a0.3-noise0.003-k12-r2,0.6806201480472724,0.25709638193609685,0.0027600133850729687,,,0.0024773266155004225,synthetic,12.0,fixed_0.0001,0.003,,0.1343716225724686,1002,,double,1.0033879601048317,train
0.3,polynomial,0.0005369299180679293,train-double-polynomial-a0.3-noise0.003-k12-r2,0.6806200465942985,0.25709637247347134,0.0027600132834886028,,,0.002477325680044757,synthetic,12.0,fixed_0.001,0.003,,0.1343717160579429,1002,,double,1.00338797151114,train
0.3,polynomial,0.0005369277370793743,train-double-polynomial-a0.3-noise0.003-k12-r2,0.680619038019122,0.25709627855852424,0.002760012275281061,,,0.0024773163831498233,synthetic,12.0,fixed_0.01,0.003,,0.13437264782526007,1002,,double,1.0033880842438856,train
0.3,polynomial,0.0005369069040129369,train-double-polynomial-a0.3-noise0.003-k12-r2,0.6806095211575732,0.25709540735236924,0.002760002922599274,,,0.002477228923030146,synthetic,12.0,fixed_0.1,0.003,,0.1343816702538281,1002,,double,1.0033890844731241,train
0.3,polynomial,0.0005367650254372205,train-double-polynomial-a0.3-noise0.003-k12-r2,0.6805531458739309,0.25709132939420576,0.002759959144390377,,,0.0024767298954021825,synthetic,12.0,fixed_1,0.003,,0.13445164802892234,1002,,double,1.0033904052929268,train
0.3,polynomial,0.0005369298939542701,train-double-polynomial-a0.3-noise0.003-k12-r2,0.6806200354303472,0.257096371432382,0.0027600132723121697,,,0.0024773255771097374,synthetic,12.0,frozen_initial,0.003,,0.13437172634782604,1002,,double,1.0033879727655064,train
0.3,polynomial,,train-double-polynomial-a0.3-noise0.003-k12-r2,0.6082337702659251,0.22898172798677435,0.0024581934192201937,,,0.0021987936715529162,synthetic,12.0,rexafs_direct,0.003,,0.13888184099508644,1002,,double,1.0029251653942897,train
1.0,polynomial,0.0022070445859600114,train-double-polynomial-a1-noise0-k10-r0,0.24088324669666475,0.05943157589501813,0.002358331127217249,,,0.005778184769286825,synthetic,10.0,larch_dynamic,0.0,,0.09528845059433319,1000,,double,0.9947888024659656,train
1.0,polynomial,0.002207691015076301,train-double-polynomial-a1-noise0-k10-r0,0.24094757280239879,0.05944902290226785,0.0023590234497689253,,,0.005779673420526633,synthetic,10.0,fixed_0,0.0,,0.09531493949527697,1000,,double,0.994785682077724,train
1.0,polynomial,0.0022076896825290403,train-double-polynomial-a1-noise0-k10-r0,0.24094744010956112,0.0594489869361717,0.0023590220225820674,,,0.005779670349011685,synthetic,10.0,fixed_1e-06,0.0,,0.09531488486745915,1000,,double,0.9947856885016926,train
1.0,polynomial,0.0022076776897059247,train-double-polynomial-a1-noise0-k10-r0,0.24094624588332295,0.05944866324403449,0.002359009178008601,,,0.005779642705590464,synthetic,10.0,fixed_1e-05,0.0,,0.09531439322092894,1000,,double,0.9947857463168854,train
1.0,polynomial,0.002207557771000726,train-double-polynomial-a1-noise0-k10-r0,0.24093430452597414,0.059445426577928284,0.002358880742403256,,,0.005779366292141343,synthetic,10.0,fixed_0.0001,0.0,,0.09530947712717537,1000,,double,0.9947863244260301,train
1.0,polynomial,0.0022063595360905792,train-double-polynomial-a1-noise0-k10-r0,0.2408149814123668,0.05941308543049201,0.0023575973987674816,,,0.005776604233032371,synthetic,10.0,fixed_0.001,0.0,,0.09526035332574498,1000,,double,0.9947921012403111,train
1.0,polynomial,0.0021944716851079525,train-double-polynomial-a1-noise0-k10-r0,0.23963072865033827,0.05909220615612611,0.002344864443778156,,,0.005749189631694719,synthetic,10.0,fixed_0.01,0.0,,0.09477280120020004,1000,,double,0.9948494448372254,train
1.0,polynomial,0.0020843768613009513,train-double-polynomial-a1-noise0-k10-r0,0.22862318711442217,0.05611880760567029,0.002226875676871667,,,0.005494203390145224,synthetic,10.0,fixed_0.1,0.0,,0.0902400957244972,1000,,double,0.9953833829042822,train
1.0,polynomial,0.0014812463061821826,train-double-polynomial-a1-noise0-k10-r0,0.16614585352452851,0.03974046017676333,0.001576959096799832,,,0.004038047304451611,synthetic,10.0,fixed_1,0.0,,0.06446931043333415,1000,,double,0.9984632412108344,train
1.0,polynomial,0.0022056718890586836,train-double-polynomial-a1-noise0-k10-r0,0.24074650028885772,0.05939452523314236,0.0023568609032181415,,,0.005775019035293743,synthetic,10.0,frozen_initial,0.0,,0.09523216043585131,1000,,double,0.9947954167148714,train
1.0,polynomial,,train-double-polynomial-a1-noise0-k10-r0,0.23043695637571773,0.057676433268611105,0.002288684522256392,,,0.005529858210775661,synthetic,10.0,rexafs_direct,0.0,,0.09126798077312566,1000,,double,0.9923746403637645,train
1.0,polynomial,0.0007975162134168884,train-double-polynomial-a1-noise0-k12-r0,0.04020803269489218,0.02253205149145846,0.0008062963681980319,,,0.0006584892345484829,synthetic,12.0,larch_dynamic,0.0,,0.01760612553065388,1000,,double,0.9993079694582404,train
1.0,polynomial,0.000797290612770245,train-double-polynomial-a1-noise0-k12-r0,0.040175137132739125,0.022525393442271273,0.0008060581137771709,,,0.000657844741601299,synthetic,12.0,fixed_0,0.0,,0.017592352570698994,1000,,double,0.9993091899530221,train
1.0,polynomial,0.0007972910632596594,train-double-polynomial-a1-noise0-k12-r0,0.0401752027871727,0.022525406737346355,0.0008060585895337062,,,0.0006578460285011294,synthetic,12.0,fixed_1e-06,0.0,,0.017592380065249935,1000,,double,0.9993091875156179,train
1.0,polynomial,0.0007972951176575253,train-double-polynomial-a1-noise0-k12-r0,0.04017579367534912,0.02252552639282075,0.0008060628713353199,,,0.0006578576105610048,synthetic,12.0,fixed_1e-05,0.0,,0.017592627515381175,1000,,double,0.9993091655790872,train
1.0,polynomial,0.0007973356606977181,train-double-polynomial-a1-noise0-k12-r0,0.04018170237719331,0.0225267229207869,0.0008061056883932307,,,0.0006579734272805425,synthetic,12.0,fixed_0.0001,0.0,,0.01759510193214258,1000,,double,0.9993089462238705,train
1.0,polynomial,0.0007977409969334211,train-double-polynomial-a1-noise0-k12-r0,0.040240771409561504,0.022538685513705043,0.0008065337628287868,,,0.0006591312067599979,synthetic,12.0,fixed_0.001,0.0,,0.017619837649272167,1000,,double,0.9993067536819513,train
1.0,polynomial,0.0008017848926454356,train-double-polynomial-a1-noise0-k12-r0,0.04082965263692196,0.022658041085352697,0.0008108048325971205,,,0.0006706700681830477,synthetic,12.0,fixed_0.01,0.0,,0.017866347877202496,1000,,double,0.9992849288204004,train
1.0,polynomial,0.0008412370021229143,train-double-polynomial-a1-noise0-k12-r0,0.04653061357196391,0.023823198170965697,0.0008524993017787705,,,0.0007820745438253951,synthetic,12.0,fixed_0.1,0.0,,0.020245878372028143,1000,,double,0.9990762900676703,train
1.0,polynomial,0.0011390876879423639,train-double-polynomial-a1-noise0-k12-r0,0.08724818591387248,0.03263361859856953,0.0011677750766352086,,,0.0015688473312184645,synthetic,12.0,fixed_1,0.0,,0.03709947875626053,1000,,double,0.9976463953656421,train
1.0,polynomial,0.0008040363817024964,train-double-polynomial-a1-noise0-k12-r0,0.04115717551744522,0.022724500706045363,0.0008131830515008288,,,0.0006770850257112707,synthetic,12.0,frozen_initial,0.0,,0.0180033833878907,1000,,double,0.9992728158537603,train
1.0,polynomial,,train-double-polynomial-a1-noise0-k12-r0,0.09306308958259872,0.033290264899184005,0.0011912727828949702,,,0.0017006665316959002,synthetic,12.0,rexafs_direct,0.0,,0.03953588981287055,1000,,double,0.9953031948245186,train
1.0,polynomial,0.0022295592994735595,train-double-polynomial-a1-noise0.0003-k10-r0,0.24117191377776923,0.05969434509212083,0.0023687581900616837,,,0.005776751669355132,synthetic,10.0,larch_dynamic,0.0003,,0.09577223278279981,1000,,double,0.995214099485021,train
1.0,polynomial,0.002230215513967401,train-double-polynomial-a1-noise0.0003-k10-r0,0.24123698344231229,0.059711911918407315,0.0023694552672065172,,,0.005778260188909431,synthetic,10.0,fixed_0,0.0003,,0.09579904013030892,1000,,double,0.9952109377275888,train
1.0,polynomial,0.0022302141612700953,train-double-polynomial-a1-noise0.0003-k10-r0,0.2412368492155657,0.05971187570525149,0.002369453830215973,,,0.005778257076413093,synthetic,10.0,fixed_1e-06,0.0003,,0.09579898484558774,1000,,double,0.9952109442366724,train
1.0,polynomial,0.002230201987097604,train-double-polynomial-a1-noise0.0003-k10-r0,0.24123564118428883,0.05971154978960774,0.0023694408974105426,,,0.005778229064162794,synthetic,10.0,fixed_1e-05,0.0003,,0.09579848728698424,1000,,double,0.9952110028178913,train
1.0,polynomial,0.0022300802550312216,train-double-polynomial-a1-noise0.0003-k10-r0,0.2412235617883736,0.059708290891690476,0.0023693115796146907,,,0.0057779489627007566,synthetic,10.0,fixed_0.0001,0.0003,,0.09579351207737659,1000,,double,0.9952115885867172,train
1.0,polynomial,0.002228863899720572,train-double-polynomial-a1-noise0.0003-k10-r0,0.24110285948337173,0.059675727752054604,0.002368019427006474,,,0.005775150051587401,synthetic,10.0,fixed_0.001,0.0003,,0.0957437976103406,1000,,double,0.9952174419402299,train
1.0,polynomial,0.002216796156545428,train-double-polynomial-a1-noise0.0003-k10-r0,0.23990493331122548,0.05935266088997716,0.0023551996653640183,,,0.005747369721384178,synthetic,10.0,fixed_0.01,0.0003,,0.09525038774591323,1000,,double,0.995275545208857,train
1.0,polynomial,0.0021050245928120248,train-double-polynomial-a1-noise0.0003-k10-r0,0.2287716595664592,0.05636037415194157,0.002236461387780161,,,0.005488985815119191,synthetic,10.0,fixed_0.1,0.0003,,0.09066364908339464,1000,,double,0.9958165477761001,train
1.0,polynomial,0.0014921825996065806,train-double-polynomial-a1-noise0.0003-k10-r0,0.16565308056227915,0.03995114849718636,0.0015853195149228923,,,0.004013661340816961,synthetic,10.0,fixed_1,0.0003,,0.06460855530251935,1000,,double,0.9989366052184303,train
1.0,polynomial,0.0022281209990497202,train-double-polynomial-a1-noise0.0003-k10-r0,0.24102913568810333,0.059655839498633845,0.002367230232266105,,,0.005773440484349592,synthetic,10.0,frozen_initial,0.0003,,0.09571343238853743,1000,,double,0.9952210172098962,train
1.0,polynomial,,train-double-polynomial-a1-noise0.0003-k10-r0,0.2301158167964584,0.05776769137492544,0.002292305776269783,,,0.005514768931458189,synthetic,10.0,rexafs_direct,0.0003,,0.09159883409138884,1000,,double,0.9928374691155695,train
1.0,polynomial,0.0021753817119609616,train-double-polynomial-a1-noise0.0003-k10-r1,0.2422126349727819,0.05981294472931212,0.002373464395674656,,,0.005805892036291304,synthetic,10.0,larch_dynamic,0.0003,,0.09592453386827113,1001,,double,0.9946400299796939,train
1.0,polynomial,0.0021760312037243305,train-double-polynomial-a1-noise0.0003-k10-r1,0.24227737133312435,0.05983035831819333,0.0023741553921370023,,,0.005807390208150192,synthetic,10.0,fixed_0,0.0003,,0.09595125893237502,1001,,double,0.9946368855245361,train
1.0,polynomial,0.0021760298647677512,train-double-polynomial-a1-noise0.0003-k10-r1,0.24227723778966814,0.05983032241937608,0.0023741539676198683,,,0.0058073871168745845,synthetic,10.0,fixed_1e-06,0.0003,,0.09595120381611519,1001,,double,0.9946368919982294,train
1.0,polynomial,0.002176017814261258,train-double-polynomial-a1-noise0.0003-k10-r1,0.24227603590799915,0.05982999933274944,0.0023741411470739396,,,0.005807359295611968,synthetic,10.0,fixed_1e-05,0.0003,,0.09595070777365375,1001,,double,0.9946369502609422,train
1.0,polynomial,0.0021758973188044156,train-double-polynomial-a1-noise0.0003-k10-r1,0.24226401800308953,0.05982676872325975,0.002374012951803922,,,0.0058070811039023645,synthetic,10.0,fixed_0.0001,0.0003,,0.09594574772356207,1001,,double,0.9946375328450141,train
1.0,polynomial,0.002174693324760031,train-double-polynomial-a1-noise0.0003-k10-r1,0.2421439300896016,0.0597944882975744,0.0023727320176952916,,,0.005804301277617324,synthetic,10.0,fixed_0.001,0.0003,,0.09589618465803675,1001,,double,0.994643354375195,train
1.0,polynomial,0.0021627487145606133,train-double-polynomial-a1-noise0.0003-k10-r1,0.24095209636886425,0.05947423164446613,0.0023600237692204774,,,0.005776710535187232,synthetic,10.0,fixed_0.01,0.0003,,0.09540426959945841,1001,,double,0.9947011418210153,train
1.0,polynomial,0.0020521638802879,train-double-polynomial-a1-noise0.0003-k10-r1,0.22987496278914735,0.05650845765089883,0.002242337555789488,,,0.005520104856052839,synthetic,10.0,fixed_0.1,0.0003,,0.09083070327786767,1001,,double,0.9952392104250397,train
1.0,polynomial,0.0014485471941299997,train-double-polynomial-a1-noise0.0003-k10-r1,0.16704696147284023,0.04026622339263673,0.0015978221437385556,,,0.0040556515720249296,synthetic,10.0,fixed_1,0.0003,,0.06481209509499906,1001,,double,0.9983427574039471,train
1.0,polynomial,0.00217402741709108,train-double-polynomial-a1-noise0.0003-k10-r1,0.24207750795601787,0.05977663450361272,0.0023720235532569077,,,0.005802763706075681,synthetic,10.0,frozen_initial,0.0003,,0.09586877056458065,1001,,double,0.9946465744205473,train
1.0,polynomial,,train-double-polynomial-a1-noise0.0003-k10-r1,0.23175925966514493,0.05801717772879826,0.002302205756630282,,,0.005558899768507059,synthetic,10.0,rexafs_direct,0.0003,,0.09192832641791403,1001,,double,0.9922941243427074,train
1.0,polynomial,0.00223373351328343,train-double-polynomial-a1-noise0.0003-k10-r2,0.24168645580500014,0.059966904950612514,0.002379573760549775,,,0.005793555778739242,synthetic,10.0,larch_dynamic,0.0003,,0.0962309609933316,1002,,double,0.9948714486589402,train
1.0,polynomial,0.0022343781459467685,train-double-polynomial-a1-noise0.0003-k10-r2,0.24175087244837012,0.05998429597455784,0.0023802638616027385,,,0.005795046433167644,synthetic,10.0,fixed_0,0.0003,,0.0962574991116429,1002,,double,0.9948683165536036,train
1.0,polynomial,0.002234376817061832,train-double-polynomial-a1-noise0.0003-k10-r2,0.241750739569362,0.05998426012426541,0.0023802624390111392,,,0.0057950433575083,synthetic,10.0,fixed_1e-06,0.0003,,0.09625744438249911,1002,,double,0.9948683230015332,train
1.0,polynomial,0.002234364857199146,train-double-polynomial-a1-noise0.0003-k10-r2,0.24174954366763313,0.05998393747435364,0.00238024963579469,,,0.005795015676788801,synthetic,10.0,fixed_1e-05,0.0003,,0.0962569518240475,1002,,double,0.994868381032374,train
1.0,polynomial,0.0022342452681150494,train-double-polynomial-a1-noise0.0003-k10-r2,0.24173758555810484,0.05998071123098499,0.002380121613778688,,,0.005794738890417443,synthetic,10.0,fixed_0.0001,0.0003,,0.0962520266122172,1002,,double,0.994868961297881,train
1.0,polynomial,0.0022330503312390964,train-double-polynomial-a1-noise0.0003-k10-r2,0.24161809519973143,0.05994847436301171,0.002378842408103246,,,0.005791973108309758,synthetic,10.0,fixed_0.001,0.0003,,0.09620281174509904,1002,,double,0.9948747596603843,train
1.0,polynomial,0.002221195640407667,train-double-polynomial-a1-noise0.0003-k10-r2,0.24043219746123165,0.05962864302462344,0.00236615103673337,,,0.005764521894010185,synthetic,10.0,fixed_0.01,0.0003,,0.09571436037644758,1002,,double,0.9949323172124312,train
1.0,polynomial,0.0021114480809321864,train-double-polynomial-a1-noise0.0003-k10-r2,0.22941073425142255,0.05666617461984067,0.0022485959938595623,,,0.0055092262771181556,synthetic,10.0,fixed_0.1,0.0003,,0.09117371442336349,1002,,double,0.9954682527581321,train
1.0,polynomial,0.001512115970967697,train-double-polynomial-a1-noise0.0003-k10-r2,0.1669243234797165,0.04040775283208329,0.0016034382371609142,,,0.0040528905140848675,synthetic,10.0,fixed_1,0.0003,,0.06537863012284652,1002,,double,0.9985599582982744,train
1.0,polynomial,0.002232365733403011,train-double-polynomial-a1-noise0.0003-k10-r2,0.2415496335071836,0.05993000522277727,0.0023781095258323,,,0.005790388445315119,synthetic,10.0,frozen_initial,0.0003,,0.09617461411493716,1002,,double,0.9948780819077144,train
1.0,polynomial,,train-double-polynomial-a1-noise0.0003-k10-r2,0.23151245222346448,0.05824920755875857,0.0023114130368041236,,,0.005551050376099949,synthetic,10.0,rexafs_direct,0.0003,,0.09207410656720845,1002,,double,0.9925276207723239,train
1.0,polynomial,0.0008080421976841305,train-double-polynomial-a1-noise0.0003-k12-r0,0.046594263716116004,0.023620928712028096,0.0008452612067388851,,,0.0007553306314062271,synthetic,12.0,larch_dynamic,0.0003,,0.017295850685971198,1000,,double,0.9997106222673646,train
1.0,polynomial,0.0008078229336020204,train-double-polynomial-a1-noise0.0003-k12-r0,0.04656489978029533,0.023614667362275955,0.0008450371479767666,,,0.0007547401375791813,synthetic,12.0,fixed_0,0.0003,,0.017282947926746894,1000,,double,0.9997118170207167,train
1.0,polynomial,0.0008078233713992872,train-double-polynomial-a1-noise0.0003-k12-r0,0.04656495838450733,0.023614679865189732,0.0008450375953862699,,,0.000754741316596476,synthetic,12.0,fixed_1e-06,0.0003,,0.017282973682957566,1000,,double,0.9997118146347035,train
1.0,polynomial,0.0008078273115705587,train-double-polynomial-a1-noise0.0003-k12-r0,0.04656548582140611,0.023614792391315212,0.0008450416220682761,,,0.0007547519277244706,synthetic,12.0,fixed_1e-05,0.0003,,0.01728320548822021,1000,,double,0.9997117931606357,train
1.0,polynomial,0.0008078667123574278,train-double-polynomial-a1-noise0.0003-k12-r0,0.04657076009041266,0.02361591762898987,0.0008450818880445358,,,0.0007548580364994645,synthetic,12.0,fixed_0.0001,0.0003,,0.01728552347855417,1000,,double,0.9997115784298457,train
1.0,polynomial,0.000808260627826706,train-double-polynomial-a1-noise0.0003-k12-r0,0.04662349277671108,0.02362716765108883,0.0008454844635474357,,,0.0007559188735368867,synthetic,12.0,fixed_0.001,0.0003,,0.017308697150899464,1000,,double,0.9997094321109954,train
1.0,polynomial,0.0008121904971144775,train-double-polynomial-a1-noise0.0003-k12-r0,0.04714979983643232,0.02373943073030612,0.000849501732595926,,,0.0007665018195267005,synthetic,12.0,fixed_0.01,0.0003,,0.017539805196813616,1000,,double,0.9996880673692721,train
1.0,polynomial,0.0008505243413138686,train-double-polynomial-a1-noise0.0003-k12-r0,0.05229559343987423,0.024836965633561622,0.0008887763812803105,,,0.0008695255022821937,synthetic,12.0,fixed_0.1,0.0003,,0.019783986044560626,1000,,double,0.9994838280912398,train
1.0,polynomial,0.001140043025962495,train-double-polynomial-a1-noise0.0003-k12-r0,0.09050632326466265,0.03321487762778239,0.0011885750931989155,,,0.0016189640269676823,synthetic,12.0,fixed_1,0.0003,,0.036000423685185357,1000,,double,0.9980841474771553,train
1.0,polynomial,0.0008143040964698276,train-double-polynomial-a1-noise0.0003-k12-r0,0.047433017981120464,0.023799829934439142,0.0008516630830150377,,,0.0007721930794157623,synthetic,12.0,frozen_initial,0.0003,,0.01766403648421943,1000,,double,0.9996766122372414,train
1.0,polynomial,,train-double-polynomial-a1-noise0.0003-k12-r0,0.09489942106819922,0.033547062591218035,0.0012004621390673176,,,0.0017283098111598575,synthetic,12.0,rexafs_direct,0.0003,,0.03766747453779108,1000,,double,0.9957878278525962,train
1.0,polynomial,0.0007958627610184617,train-double-polynomial-a1-noise0.0003-k12-r1,0.042344490718038794,0.023842464322321948,0.0008531887298085968,,,0.0006432464642757291,synthetic,12.0,larch_dynamic,0.0003,,0.018697052721343897,1001,,double,0.9990041784203224,train
1.0,polynomial,0.0007956298338355367,train-double-polynomial-a1-noise0.0003-k12-r1,0.04231521102082376,0.023836026876763217,0.0008529583695603768,,,0.0006426377269755384,synthetic,12.0,fixed_0,0.0003,,0.01868302233076444,1001,,double,0.9990054580788037,train
1.0,polynomial,0.0007956302989208471,train-double-polynomial-a1-noise0.0003-k12-r1,0.04231526944738475,0.02383603973114021,0.0008529588295467871,,,0.0006426389422398977,synthetic,12.0,fixed_1e-06,0.0003,,0.01868305034068414,1001,,double,0.99900545552322,train
1.0,polynomial,0.0007956344846931759,train-double-polynomial-a1-noise0.0003-k12-r1,0.04231579528648897,0.023836155420718506,0.0008529629694311138,,,0.000642649879610012,synthetic,12.0,fixed_1e-05,0.0003,,0.01868330242925395,1001,,double,0.9990054325229725,train
1.0,polynomial,0.0007956763415418771,train-double-polynomial-a1-noise0.0003-k12-r1,0.04232105367078356,0.023837312297856093,0.0008530043676071675,,,0.000642759252284656,synthetic,12.0,fixed_0.0001,0.0003,,0.018685823240271966,1001,,double,0.999005202531121,train
1.0,polynomial,0.0007960948230181168,train-double-polynomial-a1-noise0.0003-k12-r1,0.04237363681893921,0.023848879217595733,0.000853418283107975,,,0.0006438528759954779,synthetic,12.0,fixed_0.001,0.0003,,0.018711023889644112,1001,,double,0.9990029036715808,train
1.0,polynomial,0.0008002708669894639,train-double-polynomial-a1-noise0.0003-k12-r1,0.042899356724616845,0.023964360649184755,0.0008575507190257532,,,0.0006547779401145891,synthetic,12.0,fixed_0.01,0.0003,,0.01896227981359254,1001,,double,0.9989800204915612,train
1.0,polynomial,0.0008410976104075159,train-double-polynomial-a1-noise0.0003-k12-r1,0.04811112656715625,0.025098210097176294,0.0008981248625894449,,,0.0007622423770951548,synthetic,12.0,fixed_0.1,0.0003,,0.021396731773927348,1001,,double,0.9987612627823103,train
1.0,polynomial,0.0011518630254415635,train-double-polynomial-a1-noise0.0003-k12-r1,0.0883194545884584,0.03391114670090339,0.0012134906773461863,,,0.0015614370157015257,synthetic,12.0,fixed_1,0.0003,,0.03886269151789342,1001,,double,0.9972618920488414,train
1.0,polynomial,0.0008027901409278454,train-double-polynomial-a1-noise0.0003-k12-r1,0.04321733945590882,0.024034074374791044,0.0008600453841826839,,,0.000661378187054122,synthetic,12.0,frozen_initial,0.0003,,0.019113657442128604,1001,,double,0.9989662652897177,train
1.0,polynomial,,train-double-polynomial-a1-noise0.0003-k12-r1,0.09320117087244498,0.03427947295501496,0.0012266710182980403,,,0.0016856530146563242,synthetic,12.0,rexafs_direct,0.0003,,0.04108287985989681,1001,,double,0.9950044530817996,train
1.0,polynomial,0.0007991792472303609,train-double-polynomial-a1-noise0.0003-k12-r2,0.04682974780210519,0.02377492700680298,0.0008507719462218277,,,0.0007557056892997837,synthetic,12.0,larch_dynamic,0.0003,,0.017054690395709268,1002,,double,0.9994299251705859,train
1.0,polynomial,0.0007989654347282655,train-double-polynomial-a1-noise0.0003-k12-r2,0.04680090280090829,0.02376878691989493,0.0008505522267801135,,,0.0007551222573794662,synthetic,12.0,fixed_0,0.0003,,0.017041977477395564,1002,,double,0.9994311090577925,train
1.0,polynomial,0.0007989658616262176,train-double-polynomial-a1-noise0.0003-k12-r2,0.046800960367724194,0.023768799180154884,0.000850552665506391,,,0.0007551234222205962,synthetic,12.0,fixed_1e-06,0.0003,,0.017042002853274063,1002,,double,0.9994311066935735,train
1.0,polynomial,0.0007989697037183061,train-double-polynomial-a1-noise0.0003-k12-r2,0.046801478468227915,0.023768909522766776,0.0008505566140526322,,,0.0007551339057649875,synthetic,12.0,fixed_1e-05,0.0003,,0.01704223123565201,1002,,double,0.999431085415564,train
1.0,polynomial,0.0007990081237803701,train-double-polynomial-a1-noise0.0003-k12-r2,0.046806659379477776,0.02377001292607184,0.000850596098698665,,,0.0007552387387563291,synthetic,12.0,fixed_0.0001,0.0003,,0.01704451500029232,1002,,double,0.9994308726452961,train
1.0,polynomial,0.0007993922392136159,train-double-polynomial-a1-noise0.0003-k12-r2,0.04685845911214101,0.02378104469495809,0.0008509908641371851,,,0.0007562868232064923,synthetic,12.0,fixed_0.001,0.0003,,0.017067346733922257,1002,,double,0.9994287459222588,train
1.0,polynomial,0.0008032248235736612,train-double-polynomial-a1-noise0.0003-k12-r2,0.0473754988121466,0.023891134282307453,0.000854930356042299,,,0.0007667427713039647,synthetic,12.0,fixed_0.01,0.0003,,0.017295066765726064,1002,,double,0.9994075762066074,train
1.0,polynomial,0.0008406524323379383,train-double-polynomial-a1-noise0.0003-k12-r2,0.052434564861440325,0.02496783830117887,0.0008934595836347953,,,0.0008685507638364231,synthetic,12.0,fixed_0.1,0.0003,,0.019508120018446477,1002,,double,0.9992051981134071,train
1.0,polynomial,0.0011248974856586799,train-double-polynomial-a1-noise0.0003-k12-r2,0.0901275742484178,0.033207486341552635,0.0011883106003166043,,,0.00160986317450445,synthetic,12.0,fixed_1,0.0003,,0.03554068711496487,1002,,double,0.9978180442249556,train
1.0,polynomial,0.0008053963942485128,train-double-polynomial-a1-noise0.0003-k12-r2,0.04766860328362829,0.02395352624576195,0.0008571630161956443,,,0.0007726657173401083,synthetic,12.0,frozen_initial,0.0003,,0.017424019797243298,1002,,double,0.999395621078543,train
1.0,polynomial,,train-double-polynomial-a1-noise0.0003-k12-r2,0.09577500710275372,0.03383673150156891,0.001210827772684138,,,0.0017432497511265896,synthetic,12.0,rexafs_direct,0.0003,,0.038267811641879194,1002,,double,0.9955212372560699,train
1.0,polynomial,0.0024937478978263,train-double-polynomial-a1-noise0.003-k10-r0,0.28169851107600136,0.08559293934663692,0.0033964519717221997,,,0.0062620234226375875,synthetic,10.0,larch_dynamic,0.003,,0.10548118442916324,1000,,double,0.9990417730519738,train
1.0,polynomial,0.002494474012402454,train-double-polynomial-a1-noise0.003-k10-r0,0.281760494631184,0.08560639637323082,0.003396985966054644,,,0.006263576081164798,synthetic,10.0,fixed_0,0.003,,0.10550932745506092,1000,,double,0.9990382385763658,train
1.0,polynomial,0.002494472515868594,train-double-polynomial-a1-noise0.003-k10-r0,0.2817603667648275,0.0856063686307085,0.0033969848651911223,,,0.006263572877612686,synthetic,10.0,fixed_1e-06,0.003,,0.10550926941387044,1000,,double,0.9990382458514795,train
1.0,polynomial,0.0024944590471772713,train-double-polynomial-a1-noise0.003-k10-r0,0.2817592159777259,0.0856061189505851,0.0033969749575217057,,,0.006263544045883804,synthetic,10.0,fixed_1e-05,0.003,,0.10550874704747218,1000,,double,0.9990383113269333,train
1.0,polynomial,0.0024943243710479606,train-double-polynomial-a1-noise0.003-k10-r0,0.2817477090808564,0.08560362239455585,0.003396875890557622,,,0.006263255751615463,synthetic,10.0,fixed_0.0001,0.003,,0.10550352379875047,1000,,double,0.9990389660329431,train
1.0,polynomial,0.002492978687603044,train-double-polynomial-a1-noise0.003-k10-r0,0.2816327374869536,0.08557868134108855,0.003395886193383154,,,0.006260375110254407,synthetic,10.0,fixed_0.001,0.003,,0.1054513328221406,1000,,double,0.9990455082395149,train
1.0,polynomial,0.002479628825332458,train-double-polynomial-a1-noise0.003-k10-r0,0.2804926830879487,0.08533170075315638,0.0033860856454493793,,,0.00623179707865713,synthetic,10.0,fixed_0.01,0.003,,0.10493354270165055,1000,,double,0.9991104485535723,train
1.0,polynomial,0.002356071418146949,train-double-polynomial-a1-noise0.003-k10-r0,0.26998776556480636,0.08308567833444096,0.003296960218389513,,,0.005967228807685709,synthetic,10.0,fixed_0.1,0.003,,0.10013840541633375,1000,,double,0.9997150316224364,train
1.0,polynomial,0.0016828096292842451,train-double-polynomial-a1-noise0.003-k10-r0,0.21456815981658905,0.07240101877805573,0.002872977430854937,,,0.004516651825886112,synthetic,10.0,fixed_1,0.003,,0.07380942249132061,1000,,double,1.003196881286854,train
1.0,polynomial,0.0024916055176050144,train-double-polynomial-a1-noise0.003-k10-r0,0.2815154274210454,0.08555323933707737,0.003394876617764557,,,0.006257435618429227,synthetic,10.0,frozen_initial,0.003,,0.10539807525758349,1000,,double,0.9990521848001604,train
1.0,polynomial,,train-double-polynomial-a1-noise0.003-k10-r0,0.2586840355365237,0.07802021745989837,0.0030959553842717577,,,0.005765912720050506,synthetic,10.0,rexafs_direct,0.003,,0.09998645176796056,1000,,double,0.9970352300731188,train
1.0,polynomial,0.001925884943535858,train-double-polynomial-a1-noise0.003-k10-r1,0.29012166661049327,0.09107892973354471,0.0036141440267993346,,,0.0065747463359019185,synthetic,10.0,larch_dynamic,0.003,,0.10531740311504519,1001,,double,0.9933010777607668,train
1.0,polynomial,0.0019265451380700391,train-double-polynomial-a1-noise0.003-k10-r1,0.29018160286052275,0.09109080098856195,0.0036146150954157173,,,0.006576204568659679,synthetic,10.0,fixed_0,0.003,,0.10534525091104602,1001,,double,0.993297716545883,train
1.0,polynomial,0.0019265437760503032,train-double-polynomial-a1-noise0.003-k10-r1,0.2901814791802796,0.09109077650434702,0.0036146141238465584,,,0.006576201558714449,synthetic,10.0,fixed_1e-06,0.003,,0.1053451934664889,1001,,double,0.9932977234671035,train
1.0,polynomial,0.0019265315179849702,train-double-polynomial-a1-noise0.003-k10-r1,0.29018036606769854,0.09109055614870451,0.0036146053798150743,,,0.006576174469433832,synthetic,10.0,fixed_1e-05,0.003,,0.1053446764696086,1001,,double,0.9932977857575536,train
1.0,polynomial,0.0019264089477431608,train-double-polynomial-a1-noise0.003-k10-r1,0.29016923586508275,0.09108835281139863,0.003614517948195198,,,0.006575903598268099,synthetic,10.0,fixed_0.0001,0.003,,0.10533950689849773,1001,,double,0.9932984086159374,train
1.0,polynomial,0.0019251842861302132,train-double-polynomial-a1-noise0.003-k10-r1,0.29005802612160186,0.09106634133659802,0.0036136445009510953,,,0.006573197049999188,synthetic,10.0,fixed_0.001,0.003,,0.10528785094012474,1001,,double,0.9933046325891769,train
1.0,polynomial,0.0019130409722386975,train-double-polynomial-a1-noise0.003-k10-r1,0.28895508522805397,0.0908483975112326,0.0036049961738690074,,,0.006546346252686324,synthetic,10.0,fixed_0.01,0.003,,0.1047752367915224,1001,,double,0.9933664146751381,train
1.0,polynomial,0.0018012135705751595,train-double-polynomial-a1-noise0.003-k10-r1,0.27877472540161824,0.08886856172053376,0.003526433418268659,,,0.006297771082644994,synthetic,10.0,fixed_0.1,0.003,,0.10001589896836797,1001,,double,0.9939416581118847,train
1.0,polynomial,0.001227084786437855,train-double-polynomial-a1-noise0.003-k10-r1,0.22418396296019977,0.07947626419118023,0.0031537334303247616,,,0.004932486656171401,synthetic,10.0,fixed_1,0.003,,0.07326864596195112,1001,,double,0.9972584031419547,train
1.0,polynomial,0.0019246690686639011,train-double-polynomial-a1-noise0.003-k10-r1,0.2900112387561642,0.0910570828001648,0.0036132771087974453,,,0.006572058325591271,synthetic,10.0,frozen_initial,0.003,,0.10526611692535853,1001,,double,0.9933072513955256,train
1.0,polynomial,,train-double-polynomial-a1-noise0.003-k10-r1,0.27218972757462434,0.0835014366011246,0.0033134581094003443,,,0.006226790443436957,synthetic,10.0,rexafs_direct,0.003,,0.10190967634995503,1001,,double,0.9915781227212206,train
1.0,polynomial,0.0025135462435841496,train-double-polynomial-a1-noise0.003-k10-r2,0.28776361182330673,0.09240295767207629,0.0036666833756845135,,,0.006462747008670162,synthetic,10.0,larch_dynamic,0.003,,0.11056228982462767,1002,,double,0.9956152645488989,train
1.0,polynomial,0.002514167435958905,train-double-polynomial-a1-noise0.003-k10-r2,0.28782003577193643,0.09241483551835,0.0036671547058515115,,,0.006464131461092334,synthetic,10.0,fixed_0,0.003,,0.11058786525261365,1002,,double,0.9956120268365297,train
1.0,polynomial,0.0025141661550217077,train-double-polynomial-a1-noise0.003-k10-r2,0.2878199193806886,0.09241481103419676,0.0036671537342848003,,,0.006464128604363758,synthetic,10.0,fixed_1e-06,0.003,,0.11058781250968379,1002,,double,0.9956120335001175,train
1.0,polynomial,0.0025141546266912165,train-double-polynomial-a1-noise0.003-k10-r2,0.28781887186831384,0.09241459067905507,0.003667144990273189,,,0.006464102894015357,synthetic,10.0,fixed_1e-05,0.003,,0.11058733782711452,1002,,double,0.9956120934718194,train
1.0,polynomial,0.0025140393530098722,train-double-polynomial-a1-noise0.003-k10-r2,0.28780839762203003,0.09241238733964925,0.003667057558569986,,,0.006463845811215785,synthetic,10.0,fixed_0.0001,0.003,,0.11058259137699201,1002,,double,0.9956126931445659,train
1.0,polynomial,0.0025128875780489933,train-double-polynomial-a1-noise0.003-k10-r2,0.2877037428422386,0.09239037513376958,0.003666184082315605,,,0.0064612770502346685,synthetic,10.0,fixed_0.001,0.003,,0.11053516440806059,1002,,double,0.9956186854410564,train
1.0,polynomial,0.002501465275006777,train-double-polynomial-a1-noise0.003-k10-r2,0.2866658947800996,0.09217235384377123,0.0036575326813245326,,,0.006435794556969728,synthetic,10.0,fixed_0.01,0.003,,0.11006461942888214,1002,,double,0.9956781685892876,train
1.0,polynomial,0.002396099704534651,train-double-polynomial-a1-noise0.003-k10-r2,0.2770937213281786,0.09018551203811434,0.0035786919168895796,,,0.006200009067790419,synthetic,10.0,fixed_0.1,0.003,,0.10570513642579978,1002,,double,0.9962320814428244,train
1.0,polynomial,0.0018372897882122212,train-double-polynomial-a1-noise0.003-k10-r2,0.2260497347556696,0.08049866697747192,0.0031943038557115037,,,0.0049102531729202275,synthetic,10.0,fixed_1,0.003,,0.081622138217271,1002,,double,0.9994304120852746,train
1.0,polynomial,0.0025122280994193083,train-double-polynomial-a1-noise0.003-k10-r2,0.2876438202651811,0.09237777376977793,0.003665684041916215,,,0.006459806175478509,synthetic,10.0,frozen_initial,0.003,,0.11050800716835942,1002,,double,0.9956221169550655,train
1.0,polynomial,,train-double-polynomial-a1-noise0.003-k10-r2,0.273306608407614,0.08621699964671885,0.0034212155895260326,,,0.006188247659840144,synthetic,10.0,rexafs_direct,0.003,,0.10509486009048791,1002,,double,0.9939057693881352,train
1.0,polynomial,0.0011181316270114617,train-double-polynomial-a1-noise0.003-k12-r0,0.20380879758676193,0.0730893685721247,0.0026154605787196777,,,0.0028356935431440547,synthetic,12.0,larch_dynamic,0.003,,0.04033103792382278,1000,,double,1.0033344975348562,train
1.0,polynomial,0.0011179971959826532,train-double-polynomial-a1-noise0.003-k12-r0,0.20380076756013196,0.0730876335732669,0.0026153984927938406,,,0.002835488387366965,synthetic,12.0,fixed_0,0.003,,0.04032913628573657,1000,,double,1.0033354606299998,train
1.0,polynomial,0.0011179974642278646,train-double-polynomial-a1-noise0.003-k12-r0,0.20380078358833015,0.0730876370378219,0.0026153986167709274,,,0.0028354887969703345,synthetic,12.0,fixed_1e-06,0.003,,0.04032914007771018,1000,,double,1.0033354587064596,train
1.0,polynomial,0.0011179998784419786,train-double-polynomial-a1-noise0.003-k12-r0,0.2038009278421015,0.07308766821890694,0.0026153997325679347,,,0.0028354924833984235,synthetic,12.0,fixed_1e-05,0.003,,0.0403291742059439,1000,,double,1.0033354413945632,train
1.0,polynomial,0.0011180240200935486,train-double-polynomial-a1-noise0.003-k12-r0,0.2038023703778935,0.07308798002674276,0.0026154108904301336,,,0.0028355293475541693,synthetic,12.0,fixed_0.0001,0.003,,0.04032951553104214,1000,,double,1.0033352682836252,train
1.0,polynomial,0.0011182653879644514,train-double-polynomial-a1-noise0.003-k12-r0,0.20381679554617754,0.07309109780899332,0.0026155224584560816,,,0.002835897976628311,synthetic,12.0,fixed_0.001,0.003,,0.04033293305510817,1000,,double,1.0033335379723736,train
1.0,polynomial,0.001120674180941821,train-double-polynomial-a1-noise0.003-k12-r0,0.20396102487832657,0.07312224557209672,0.002616637063057322,,,0.002839582930015599,synthetic,12.0,fixed_0.01,0.003,,0.040367530394969174,1000,,double,1.003316314309144,train
1.0,polynomial,0.0011442557697462527,train-double-polynomial-a1-noise0.003-k12-r0,0.2053980167197343,0.0734303201720174,0.0026276613335789955,,,0.002876218786504394,synthetic,12.0,fixed_0.1,0.003,,0.040750861147868696,1000,,double,1.0031516703033534,train
1.0,polynomial,0.0013287413044966653,train-double-polynomial-a1-noise0.003-k12-r0,0.21792203073537084,0.07602624150454383,0.0027205548698527476,,,0.0031891892638362023,synthetic,12.0,fixed_1,0.003,,0.04570224849161522,1000,,double,1.002023916480754,train
1.0,polynomial,0.0011216746731212174,train-double-polynomial-a1-noise0.003-k12-r0,0.20402107389071705,0.07313520043216626,0.002617100645196238,,,0.0028411167255424936,synthetic,12.0,frozen_initial,0.003,,0.04038216081880527,1000,,double,1.0033091839539168,train
1.0,polynomial,,train-double-polynomial-a1-noise0.003-k12-r0,0.20002789189102682,0.06846782118172992,0.0024500811911506853,,,0.003016923869107475,synthetic,12.0,rexafs_direct,0.003,,0.043699169358125546,1000,,double,1.0000965084367208,train
1.0,polynomial,0.0008553669128979586,train-double-polynomial-a1-noise0.003-k12-r1,0.21624368243423414,0.0822089617214072,0.0029417999197467286,,,0.002462515448821037,synthetic,12.0,larch_dynamic,0.003,,0.0587057249420085,1001,,double,0.9962700592719128,train
1.0,polynomial,0.0008551085237633778,train-double-polynomial-a1-noise0.003-k12-r1,0.21624420776881156,0.08220690748509095,0.002941726410093964,,,0.0024625659130113435,synthetic,12.0,fixed_0,0.003,,0.058697648866755096,1001,,double,0.9962718712108999,train
1.0,polynomial,0.0008551090390983401,train-double-polynomial-a1-noise0.003-k12-r1,0.21624420669870226,0.08220691158673256,0.0029417265568688258,,,0.002462565811244741,synthetic,12.0,fixed_1e-06,0.003,,0.0586976649969496,1001,,double,0.9962718675915997,train
1.0,polynomial,0.0008551136771338619,train-double-polynomial-a1-noise0.003-k12-r1,0.21624419707014697,0.08220694850183777,0.0029417278778544123,,,0.0024625648954265745,synthetic,12.0,fixed_1e-05,0.003,,0.05869781016927984,1001,,double,0.9962718350179313,train
1.0,polynomial,0.0008551600581937157,train-double-polynomial-a1-noise0.003-k12-r1,0.21624410102196565,0.08220731767306981,0.0029417410884324084,,,0.002462555745083466,synthetic,12.0,fixed_0.0001,0.003,,0.05869926195164024,1001,,double,0.9962715092962944,train
1.0,polynomial,0.0008556239398624285,train-double-polynomial-a1-noise0.003-k12-r1,0.21624316425622214,0.08221101140834909,0.0029418732666027757,,,0.0024624650249125005,synthetic,12.0,fixed_0.001,0.003,,0.058713785670355616,1001,,double,0.9962682535782207,train
1.0,polynomial,0.0008602695319791647,train-double-polynomial-a1-noise0.003-k12-r1,0.21623614664737625,0.08224814822959854,0.002943202186169252,,,0.002461635475686718,synthetic,12.0,fixed_0.01,0.003,,0.05885960044796396,1001,,double,0.9962358455319982,train
1.0,polynomial,0.0009071095586718019,train-double-polynomial-a1-noise0.003-k12-r1,0.21638070126317774,0.08263683889633999,0.0029571112557923583,,,0.0024604630668838483,synthetic,12.0,fixed_0.1,0.003,,0.060364613789506756,1001,,double,0.9959260172140568,train
1.0,polynomial,0.0013082122427993186,train-double-polynomial-a1-noise0.003-k12-r1,0.22741693097259313,0.08687049389264898,0.0031086101394613144,,,0.0027638914950127596,synthetic,12.0,fixed_1,0.003,,0.07505187088849226,1001,,double,0.9938013621976252,train
1.0,polynomial,0.0008653594271724338,train-double-polynomial-a1-noise0.003-k12-r1,0.21623327628729097,0.08228913813596135,0.0029446689861473033,,,0.002460887593322491,synthetic,12.0,frozen_initial,0.003,,0.05902011342824037,1001,,double,0.9962007342773312,train
1.0,polynomial,,train-double-polynomial-a1-noise0.003-k12-r1,0.20833636491108856,0.07855367378810528,0.0028109975653114625,,,0.0026635522649169244,synthetic,12.0,rexafs_direct,0.003,,0.07751448120687669,1001,,double,0.992248233757458,train
1.0,polynomial,0.0009324005233568789,train-double-polynomial-a1-noise0.003-k12-r2,0.21049701247474414,0.07999782240936458,0.0028626755844612492,,,0.0026604056055425074,synthetic,12.0,larch_dynamic,0.003,,0.040656524592216345,1002,,double,1.00052752686735,train
1.0,polynomial,0.0009322937779125538,train-double-polynomial-a1-noise0.003-k12-r2,0.21049029634076485,0.07999646898459219,0.002862627152942307,,,0.002660214860951106,synthetic,12.0,fixed_0,0.003,,0.040655605017834606,1002,,double,1.0005283810008159,train
1.0,polynomial,0.0009322939908603014,train-double-polynomial-a1-noise0.003-k12-r2,0.21049030974549265,0.07999647168687975,0.002862627249642097,,,0.0026602152416954337,synthetic,12.0,fixed_1e-06,0.003,,0.040655606848090234,1002,,double,1.0005283792951218,train
1.0,polynomial,0.0009322959074040746,train-double-polynomial-a1-noise0.003-k12-r2,0.21049043038804133,0.07999649600757115,0.002862628119943905,,,0.002660218668391899,synthetic,12.0,fixed_1e-05,0.003,,0.04065562332084244,1002,,double,1.000528363943837,train
1.0,polynomial,0.0009323150725974133,train-double-polynomial-a1-noise0.003-k12-r2,0.21049163680712885,0.07999673921152241,0.0028626368228559635,,,0.0026602529350574665,synthetic,12.0,fixed_0.0001,0.003,,0.04065578808691469,1002,,double,1.0005282104380793,train
1.0,polynomial,0.0009325067008802238,train-double-polynomial-a1-noise0.003-k12-r2,0.2105037003641512,0.07999917096244166,0.0028627238416494057,,,0.002660595571962113,synthetic,12.0,fixed_0.001,0.003,,0.04065743960035908,1002,,double,1.0005266760849927,train
1.0,polynomial,0.0009344205853549841,train-double-polynomial-a1-noise0.003-k12-r2,0.21062427026915528,0.080023459334059,0.0028635929869126288,,,0.0026640189025274744,synthetic,12.0,fixed_0.01,0.003,,0.04067433590881232,1002,,double,1.00051140268246,train
1.0,polynomial,0.000953290512085167,train-double-polynomial-a1-noise0.003-k12-r2,0.21182134863949165,0.08026318517891846,0.002872171436955079,,,0.0026978920428482813,synthetic,12.0,fixed_0.1,0.003,,0.04087757687556827,1002,,double,1.0003653705250448,train
1.0,polynomial,0.0011065763860797948,train-double-polynomial-a1-noise0.003-k12-r2,0.22209603327158886,0.08226581924009511,0.002943834533010426,,,0.002980533962819732,synthetic,12.0,fixed_1,0.003,,0.04418695859036426,1002,,double,0.9993628839587246,train
1.0,polynomial,0.00093571084527475,train-double-polynomial-a1-noise0.003-k12-r2,0.21070564096776995,0.08003983509657982,0.0028641789840577188,,,0.002666328048180408,synthetic,12.0,frozen_initial,0.003,,0.04068613442934924,1002,,double,1.0005011575036342,train
1.0,polynomial,,train-double-polynomial-a1-noise0.003-k12-r2,0.20662079525809682,0.0752656466694077,0.00269333742569446,,,0.0028743035035834943,synthetic,12.0,rexafs_direct,0.003,,0.04801568660597549,1002,,double,0.9974922449302387,train
0.3,bump,0.0007481103337686257,train-double-bump-a0.3-noise0-k10-r0,0.20151527380166012,0.06403999752195987,0.0007623599943390361,,,0.001413415877012197,synthetic,10.0,larch_dynamic,0.0,,0.1098789856201398,1000,,double,0.9961461636651061,train
0.3,bump,0.0007482074094340714,train-double-bump-a0.3-noise0-k10-r0,0.20154658055666924,0.06404867894748237,0.0007624633418057489,,,0.0014136326273358946,synthetic,10.0,fixed_0,0.0,,0.10989107234317685,1000,,double,0.9961445003616066,train
0.3,bump,0.0007482072090133176,train-double-bump-a0.3-noise0-k10-r0,0.20154651590856615,0.06404866102386361,0.0007624631284351927,,,0.0014136321797198392,synthetic,10.0,fixed_1e-06,0.0,,0.10989104738486641,1000,,double,0.9961445037950077,train
0.3,bump,0.0007482054052481981,train-double-bump-a0.3-noise0-k10-r0,0.2015459340812779,0.06404849971322032,0.0007624612081231086,,,0.0014136281512161274,synthetic,10.0,fixed_1e-05,0.0,,0.10989082276229307,1000,,double,0.9961445346950779,train
0.3,bump,0.0007481873690078899,train-double-bump-a0.3-noise0-k10-r0,0.2015401162648616,0.06404688673315331,0.0007624420065065824,,,0.0014135878693248521,synthetic,10.0,fixed_0.0001,0.0,,0.10988857671396514,1000,,double,0.9961448436732621,train
0.3,bump,0.0007480071481988481,train-double-bump-a0.3-noise0-k10-r0,0.2014819837782029,0.06403076961337488,0.0007622501413001724,,,0.0014131853652824496,synthetic,10.0,fixed_0.001,0.0,,0.10986613398898665,1000,,double,0.996147931172002,train
0.3,bump,0.0007462189907455521,train-double-bump-a0.3-noise0-k10-r0,0.20090519158030057,0.06387085676487793,0.0007603464691734976,,,0.00140919157041734,synthetic,10.0,fixed_0.01,0.0,,0.10964346877346705,1000,,double,0.9961785795238814,train
0.3,bump,0.000729641250494446,train-double-bump-a0.3-noise0-k10-r0,0.19555803262086455,0.062388497192420664,0.0007426998158475132,,,0.0013721546473010955,synthetic,10.0,fixed_0.1,0.0,,0.10758025166770697,1000,,double,0.9964639778516795,train
0.3,bump,0.0006370438301621162,train-double-bump-a0.3-noise0-k10-r0,0.16575046204866783,0.054117618449768805,0.0006442396766311624,,,0.0011651811520352823,synthetic,10.0,fixed_1,0.0,,0.09609604404250233,1000,,double,0.9981117582466134,train
0.3,bump,0.0007480985339339765,train-double-bump-a0.3-noise0-k10-r0,0.20151146139478607,0.06403894222176325,0.000762347431586334,,,0.0014133894659320466,synthetic,10.0,frozen_initial,0.0,,0.10987751413879901,1000,,double,0.9961463655416334,train
0.3,bump,,train-double-bump-a0.3-noise0-k10-r0,0.1952620380290237,0.06367914766008903,0.0007580642805773552,,,0.0013685644728483315,synthetic,10.0,rexafs_direct,0.0,,0.10764734202690752,1000,,double,0.9936310357924454,train
0.3,bump,0.00041888192881212635,train-double-bump-a0.3-noise0-k12-r0,0.041561415840916875,0.03891549442447072,0.00041777050571240054,,,7.352844594882834e-05,synthetic,12.0,larch_dynamic,0.0,,0.03382704581220108,1000,,double,1.0017548327666133,train
0.3,bump,0.0004188156940514566,train-double-bump-a0.3-noise0-k12-r0,0.04154918225247296,0.03890933588869747,0.0004177043918253104,,,7.350051407628588e-05,synthetic,12.0,fixed_0,0.0,,0.03381852928946937,1000,,double,1.0017563941885876,train
0.3,bump,0.0004188158263290684,train-double-bump-a0.3-noise0-k12-r0,0.041549206631970474,0.038909348187592264,0.00041770452385795124,,,7.350056909695452e-05,synthetic,12.0,fixed_1e-06,0.0,,0.033818546295837165,1000,,double,1.0017563910698677,train
0.3,bump,0.00041881701683856937,train-double-bump-a0.3-noise0-k12-r0,0.041549426055209754,0.03890945887873949,0.000417705712163464,,,7.35010644430671e-05,synthetic,12.0,fixed_1e-05,0.0,,0.033818699353996284,1000,,double,1.001756363001182,train
0.3,bump,0.00041882892177305474,train-double-bump-a0.3-noise0-k12-r0,0.04155162102395844,0.03891056578146626,0.0004177175951247054,,,7.350603417419988e-05,synthetic,12.0,fixed_0.0001,0.0,,0.0338202300148529,1000,,double,1.0017560823272655,train
0.3,bump,0.000418947955431576,train-double-bump-a0.3-noise0-k12-r0,0.04157364425971054,0.038921633965930284,0.00041783641568934773,,,7.355735549744293e-05,synthetic,12.0,fixed_0.001,0.0,,0.03383554454228517,1000,,double,1.0017532768800423,train
0.3,bump,0.0004201367006901143,train-double-bump-a0.3-noise0-k12-r0,0.04180110990892101,0.039032228662367004,0.00041902368577142665,,,7.423003477825035e-05,synthetic,12.0,fixed_0.01,0.0,,0.03398946370012433,1000,,double,1.0017253509983788,train
0.3,bump,0.00043184505124122105,train-double-bump-a0.3-noise0-k12-r0,0.0446845285596474,0.04012690506665828,0.00043077539345947344,,,9.321284397240648e-05,synthetic,12.0,fixed_0.1,0.0,,0.035589837246717236,1000,,double,1.001458381067145,train
0.3,bump,0.0005256613202578987,train-double-bump-a0.3-noise0-k12-r0,0.0838411462282422,0.049099650263573255,0.0005271007351770011,,,0.00037321796570177865,synthetic,12.0,fixed_1,0.0,,0.050931733056590746,1000,,double,0.9996281907353288,train
0.3,bump,0.0004189454448474415,train-double-bump-a0.3-noise0-k12-r0,0.0415731783262784,0.03892140051110209,0.00041783390947574113,,,7.355624249807712e-05,synthetic,12.0,frozen_initial,0.0,,0.03383522135147577,1000,,double,1.0017533360334998,train
0.3,bump,,train-double-bump-a0.3-noise0-k12-r0,0.04105815366617257,0.03922067397476807,0.00042104670756840573,,,7.431148228357011e-05,synthetic,12.0,rexafs_direct,0.0,,0.033488978488035,1000,,double,0.9993341262125399,train
0.3,bump,0.0007670677565752415,train-double-bump-a0.3-noise0.0003-k10-r0,0.20775025760383709,0.06715274113343747,0.0007994154486464978,,,0.0014246344572786396,synthetic,10.0,larch_dynamic,0.0003,,0.1130479483043262,1000,,double,0.997563819933083,train
0.3,bump,0.0007671741775981293,train-double-bump-a0.3-noise0.0003-k10-r0,0.20778308995636222,0.0671616500831336,0.0007995215046599694,,,0.0014248673151167602,synthetic,10.0,fixed_0,0.0003,,0.113060845721191,1000,,double,0.9975620191944904,train
0.3,bump,0.0007671739578835542,train-double-bump-a0.3-noise0.0003-k10-r0,0.20778302215720726,0.06716163168949457,0.0007995212856940872,,,0.0014248668342358075,synthetic,10.0,fixed_1e-06,0.0003,,0.11306081908862979,1000,,double,0.9975620229116098,train
0.3,bump,0.000767171980473774,train-double-bump-a0.3-noise0.0003-k10-r0,0.20778241197039152,0.06716146614857625,0.0007995193150229687,,,0.0014248625063477413,synthetic,10.0,fixed_1e-05,0.0003,,0.11306057939777857,1000,,double,0.99756205636512,train
0.3,bump,0.0007671522079259697,train-double-bump-a0.3-noise0.0003-k10-r0,0.20777631058958465,0.06715981087281578,0.0007994996099001043,,,0.0014248192308688725,synthetic,10.0,fixed_0.0001,0.0003,,0.11305818268021445,1000,,double,0.997562390875573,train
0.3,bump,0.0007669546374579508,train-double-bump-a0.3-noise0.0003-k10-r0,0.2077153455654808,0.06714327145892822,0.0007993027175208792,,,0.0014243868168819262,synthetic,10.0,fixed_0.001,0.0003,,0.11303423461786653,1000,,double,0.9975657335050814,train
0.3,bump,0.0007649943154906709,train-double-bump-a0.3-noise0.0003-k10-r0,0.20711053588058376,0.06697920132943194,0.0007973495553123532,,,0.001420096494757152,synthetic,10.0,fixed_0.01,0.0003,,0.11279665040278129,1000,,double,0.9975989140960095,train
0.3,bump,0.00074681876220109,train-double-bump-a0.3-noise0.0003-k10-r0,0.20151146544945261,0.0654612278181118,0.0007792789381625007,,,0.0013803323796570783,synthetic,10.0,fixed_0.1,0.0003,,0.11059664016445725,1000,,double,0.9979078607577434,train
0.3,bump,0.0006452668978996785,train-double-bump-a0.3-noise0.0003-k10-r0,0.1706326544935487,0.05711242073737771,0.0006798911061029571,,,0.001159126026813943,synthetic,10.0,fixed_1,0.0003,,0.09840965089585169,1000,,double,0.9996896382719441,train
0.3,bump,0.0007670537410616687,train-double-bump-a0.3-noise0.0003-k10-r0,0.20774592610286874,0.06715156773448801,0.0007994014799948568,,,0.0014246037203367356,synthetic,10.0,frozen_initial,0.0003,,0.11304624716631397,1000,,double,0.9975640567705164,train
0.3,bump,,train-double-bump-a0.3-noise0.0003-k10-r0,0.1999644961368379,0.06611705926233812,0.0007870862410271878,,,0.0013705309963267726,synthetic,10.0,rexafs_direct,0.0003,,0.1110283189524121,1000,,double,0.9951331255119044,train
0.3,bump,0.0007201587030226157,train-double-bump-a0.3-noise0.0003-k10-r1,0.20930651908401232,0.0674610841526148,0.0008030860981069996,,,0.0014605836746086275,synthetic,10.0,larch_dynamic,0.0003,,0.1104980767863347,1001,,double,0.9956502554451441,train
0.3,bump,0.0007202587009880381,train-double-bump-a0.3-noise0.0003-k10-r1,0.20933870118887388,0.06746963249140553,0.0008031878612513511,,,0.001460807059092742,synthetic,10.0,fixed_0,0.0003,,0.11051101518141103,1001,,double,0.9956485118509782,train
0.3,bump,0.000720258494526284,train-double-bump-a0.3-noise0.0003-k10-r1,0.20933863473213882,0.06746961484210337,0.0008031876511463788,,,0.001460806597766984,synthetic,10.0,fixed_1e-06,0.0003,,0.11051098846429144,1001,,double,0.9956485154501498,train
0.3,bump,0.0007202566363970283,train-double-bump-a0.3-noise0.0003-k10-r1,0.209338036627357,0.06746945600051753,0.000803185760227029,,,0.001460802445878646,synthetic,10.0,fixed_1e-05,0.0003,,0.11051074801255419,1001,,double,0.9956485478419884,train
0.3,bump,0.000720238056579038,train-double-bump-a0.3-noise0.0003-k10-r1,0.20933205605279306,0.06746786771256337,0.000803166852556158,,,0.0014607609302593882,synthetic,10.0,fixed_0.0001,0.0003,,0.1105083436839802,1001,,double,0.9956488717365659,train
0.3,bump,0.000720052406123812,train-double-bump-a0.3-noise0.0003-k10-r1,0.20927229771398137,0.06745199763971678,0.0008029779283039148,,,0.0014603461013442465,synthetic,10.0,fixed_0.001,0.0003,,0.11048431931369437,1001,,double,0.9956521082883094,train
0.3,bump,0.0007182105603745382,train-double-bump-a0.3-noise0.0003-k10-r1,0.20867941836245835,0.06729456762323167,0.0008011038128897904,,,0.0014562302872535237,synthetic,10.0,fixed_0.01,0.0003,,0.11024595251344102,1001,,double,0.9956842361365347,train
0.3,bump,0.0007011517914555348,train-double-bump-a0.3-noise0.0003-k10-r1,0.20318711882488047,0.0658380430155471,0.0007837647102252673,,,0.0014180862594945045,synthetic,10.0,fixed_0.1,0.0003,,0.10803642559953873,1001,,double,0.9959834029208762,train
0.3,bump,0.0006066108298430526,train-double-bump-a0.3-noise0.0003-k10-r1,0.17273663790581645,0.05782476934274949,0.0006883712138445669,,,0.0012059482417138023,synthetic,10.0,fixed_1,0.0003,,0.09570745488210512,1001,,double,0.9977101455569816,train
0.3,bump,0.0007201473834821278,train-double-bump-a0.3-noise0.0003-k10-r1,0.2093028696582231,0.06746011660751854,0.0008030745800291942,,,0.0014605583253002581,synthetic,10.0,frozen_initial,0.0003,,0.11049661004444651,1001,,double,0.9956504524520031,train
0.3,bump,,train-double-bump-a0.3-noise0.0003-k10-r1,0.20173699570624218,0.06623778918637334,0.0007885234625725583,,,0.001410502208237879,synthetic,10.0,rexafs_direct,0.0003,,0.10794745872130082,1001,,double,0.9933704599516161,train
0.3,bump,0.0007717048790823001,train-double-bump-a0.3-noise0.0003-k10-r2,0.20911861150245775,0.06870796612435587,0.0008179295236176267,,,0.001456455935126382,synthetic,10.0,larch_dynamic,0.0003,,0.11319837616884044,1002,,double,0.9964216506690885,train
0.3,bump,0.0007718028318162937,train-double-bump-a0.3-noise0.0003-k10-r2,0.20914960591904488,0.06871630039480917,0.0008180287383993482,,,0.0014566713345019462,synthetic,10.0,fixed_0,0.0003,,0.11321069892498652,1002,,double,0.9964199486145253,train
0.3,bump,0.0007718026295824954,train-double-bump-a0.3-noise0.0003-k10-r2,0.20914954191547672,0.06871628318808383,0.0008180285335630032,,,0.0014566708896679764,synthetic,10.0,fixed_1e-06,0.0003,,0.11321067347927571,1002,,double,0.996419952127802,train
0.3,bump,0.0007718008095004262,train-double-bump-a0.3-noise0.0003-k10-r2,0.20914896588946108,0.0687161283293895,0.000818026690057727,,,0.0014566668862070688,synthetic,10.0,fixed_1e-05,0.0003,,0.11321044447030093,1002,,double,0.9964199837467321,train
0.3,bump,0.0007717826101134158,train-double-bump-a0.3-noise0.0003-k10-r2,0.20914320608616277,0.06871457986672584,0.0008180082564844417,,,0.001456626854750836,synthetic,10.0,fixed_0.0001,0.0003,,0.11320815456107676,1002,,double,0.9964202999127799,train
0.3,bump,0.0007716007598079581,train-double-bump-a0.3-noise0.0003-k10-r2,0.20908565391313752,0.06869910768142484,0.0008178240688586626,,,0.0014562268571195228,synthetic,10.0,fixed_0.001,0.0003,,0.1131852735889087,1002,,double,0.9964234592389317,train
0.3,bump,0.0007697965025341792,train-double-bump-a0.3-noise0.0003-k10-r2,0.2085146825685497,0.06854562025370883,0.0008159968877366681,,,0.0014522583281825043,synthetic,10.0,fixed_0.01,0.0003,,0.1129582617535457,1002,,double,0.9964548207745778,train
0.3,bump,0.0007530755683921802,train-double-bump-a0.3-noise0.0003-k10-r2,0.20322711596805462,0.06712516584993264,0.0007990871804736355,,,0.0014154912360654632,synthetic,10.0,fixed_0.1,0.0003,,0.11085489870443506,1002,,double,0.9967468773645332,train
0.3,bump,0.0006599242065447944,train-double-bump-a0.3-noise0.0003-k10-r2,0.1739847588726771,0.05929053808857575,0.0007058203627516583,,,0.0012115267729983631,synthetic,10.0,fixed_1,0.0003,,0.09915329491762384,1002,,double,0.9984341485380823,train
0.3,bump,0.000771693077692601,train-double-bump-a0.3-noise0.0003-k10-r2,0.20911487067700818,0.0687069622190272,0.0008179175726917943,,,0.0014564299191304395,synthetic,10.0,frozen_initial,0.0003,,0.1131968893002926,1002,,double,0.9964218553433719,train
0.3,bump,,train-double-bump-a0.3-noise0.0003-k10-r2,0.202329081527411,0.06772004906533766,0.0008061689291038261,,,0.0014097697356826103,synthetic,10.0,rexafs_direct,0.0003,,0.11074044358920343,1002,,double,0.9941583665354559,train
0.3,bump,0.0004289952141425256,train-double-bump-a0.3-noise0.0003-k12-r0,0.0766173012028264,0.045423076128954985,0.00048763151454331,,,0.0002637298904778768,synthetic,12.0,larch_dynamic,0.0003,,0.03734781707588548,1000,,double,1.0030970087392101,train
0.3,bump,0.00042893319259661037,train-double-bump-a0.3-noise0.0003-k12-r0,0.07660708478261752,0.04541799529271379,0.0004875769701116558,,,0.00026367959471449196,synthetic,12.0,fixed_0,0.0003,,0.0373420915578726,1000,,double,1.0030984844142483,train
0.3,bump,0.00042893331644971604,train-double-bump-a0.3-noise0.0003-k12-r0,0.07660710516093472,0.04541800543928046,0.00048757707903835333,,,0.00026367969498797733,synthetic,12.0,fixed_1e-06,0.0003,,0.03734210298920447,1000,,double,1.0030984814668151,train
0.3,bump,0.0004289344311386519,train-double-bump-a0.3-noise0.0003-k12-r0,0.07660728856935167,0.04541809675936046,0.00048757805938915105,,,0.00026368059748601864,synthetic,12.0,fixed_1e-05,0.0003,,0.03734220587227861,1000,,double,1.0030984549396884,train
0.3,bump,0.000428945577859972,train-double-bump-a0.3-noise0.0003-k12-r0,0.07660912298167102,0.04541900995381406,0.00048758786282899775,,,0.0002636896260344633,synthetic,12.0,fixed_0.0001,0.0003,,0.037343234791937206,1000,,double,1.0030981896805273,train
0.3,bump,0.00042905702815624903,train-double-bump-a0.3-noise0.0003-k12-r0,0.07662749989116167,0.04542814126402985,0.00048768589041783063,,,0.0002637802680311482,synthetic,12.0,fixed_0.001,0.0003,,0.03735353288526812,1000,,double,1.003095538310201,train
0.3,bump,0.0004301698220630792,train-double-bump-a0.3-noise0.0003-k12-r0,0.07681450260486694,0.04551938881820572,0.0004886654626272255,,,0.00026472183896890757,synthetic,12.0,fixed_0.01,0.0003,,0.03745738895933043,1000,,double,1.0030691461612984,train
0.3,bump,0.0004411114280287918,train-double-bump-a0.3-noise0.0003-k12-r0,0.07896587885148984,0.046423404600963704,0.00049837036645333,,,0.00027717563193294163,synthetic,12.0,fixed_0.1,0.0003,,0.03857010628763863,1000,,double,1.0028168411457228,train
0.3,bump,0.0005282738830699547,train-double-bump-a0.3-noise0.0003-k12-r0,0.10725073818371188,0.05393880493345906,0.0005790506364581593,,,0.00046941932995771783,synthetic,12.0,fixed_1,0.0003,,0.0507101015374679,1000,,double,1.0010873644403737,train
0.3,bump,0.00042905287123924765,train-double-bump-a0.3-noise0.0003-k12-r0,0.07662681330141627,0.04542780065630182,0.0004876822338829492,,,0.0002637768751554717,synthetic,12.0,frozen_initial,0.0003,,0.03735314844166746,1000,,double,1.003095637175337,train
0.3,bump,,train-double-bump-a0.3-noise0.0003-k12-r0,0.07052512175180022,0.04439155182079772,0.0004765577651731232,,,0.00023847926830225307,synthetic,12.0,rexafs_direct,0.0003,,0.03682861085691275,1000,,double,1.0007687783421664,train
0.3,bump,0.0004207387172289546,train-double-bump-a0.3-noise0.0003-k12-r1,0.08712816679293822,0.048094648410763594,0.0005163117130021684,,,0.00027670745848074486,synthetic,12.0,larch_dynamic,0.0003,,0.0422526110974873,1001,,double,1.0007421959896177,train
0.3,bump,0.0004206676466030786,train-double-bump-a0.3-noise0.0003-k12-r1,0.08712930105325242,0.04808939774461556,0.0005162553453911581,,,0.0002767784461813166,synthetic,12.0,fixed_0,0.0003,,0.04224405646457887,1001,,double,1.0007439546079056,train
0.3,bump,0.000420667788525518,train-double-bump-a0.3-noise0.0003-k12-r1,0.0871292987521545,0.048089408229998624,0.00051625545795516,,,0.0002767783040938566,synthetic,12.0,fixed_1e-06,0.0003,,0.04224407354866598,1001,,double,1.000743951095201,train
0.3,bump,0.00042066906583460646,train-double-bump-a0.3-noise0.0003-k12-r1,0.08712927804806381,0.048089502599166244,0.0005162564710389062,,,0.0002767770253665505,synthetic,12.0,fixed_1e-05,0.0003,,0.042244227306200983,1001,,double,1.0007439194808143,train
0.3,bump,0.0004206818388542421,train-double-bump-a0.3-noise0.0003-k12-r1,0.08712907156126871,0.04809044629871871,0.0005162666019609234,,,0.00027676424397175614,synthetic,12.0,fixed_0.0001,0.0003,,0.042245764970728274,1001,,double,1.0007436033514354,train
0.3,bump,0.00042080956182902207,train-double-bump-a0.3-noise0.0003-k12-r1,0.0871270620635674,0.048099884073457236,0.0005163679195462097,,,0.00027663701751999624,synthetic,12.0,fixed_0.001,0.0003,,0.04226115051500191,1001,,double,1.0007404435121365,train
0.3,bump,0.00042208603208242115,train-double-bump-a0.3-noise0.0003-k12-r1,0.087112454739578,0.04819433593272818,0.0005173818910143015,,,0.00027542325100624233,synthetic,12.0,fixed_0.01,0.0003,,0.04241587799246628,1001,,double,1.0007089899022532,train
0.3,bump,0.00043474157290159665,train-double-bump-a0.3-noise0.0003-k12-r1,0.08746732146615656,0.0491428039345248,0.0005275640038879193,,,0.00026884114238998394,synthetic,12.0,fixed_0.1,0.0003,,0.044034124346814314,1001,,double,1.0004082901159566,train
0.3,bump,0.000539029994318245,train-double-bump-a0.3-noise0.0003-k12-r1,0.11084779416407955,0.057532857186911535,0.0006176339578237867,,,0.00043078387709901675,synthetic,12.0,fixed_1,0.0003,,0.060109479662913794,1001,,double,0.9983465130126804,train
0.3,bump,0.0004208115925392017,train-double-bump-a0.3-noise0.0003-k12-r1,0.0871270309245796,0.04810003414705939,0.0005163695306352013,,,0.0002766350032222313,synthetic,12.0,frozen_initial,0.0003,,0.04226139527806726,1001,,double,1.000740393291498,train
0.3,bump,,train-double-bump-a0.3-noise0.0003-k12-r1,0.08094192523931724,0.046853545151473865,0.0005029880653409238,,,0.00026183232718065695,synthetic,12.0,rexafs_direct,0.0003,,0.04212421939321673,1001,,double,0.9985163418618013,train
0.3,bump,0.00042069900372691317,train-double-bump-a0.3-noise0.0003-k12-r2,0.0764849254585459,0.04590356041530667,0.0004927896698299041,,,0.0002354345556080968,synthetic,12.0,larch_dynamic,0.0003,,0.03278086750058439,1002,,double,1.0021613518535573,train
0.3,bump,0.00042064137770663076,train-double-bump-a0.3-noise0.0003-k12-r2,0.07647519162378912,0.04589870641054794,0.0004927375605080832,,,0.00023538108296055114,synthetic,12.0,fixed_0,0.0003,,0.0327750387579874,1002,,double,1.00216279120454,train
0.3,bump,0.00042064149277792987,train-double-bump-a0.3-noise0.0003-k12-r2,0.07647521103887449,0.045898716103906424,0.0004927376645694433,,,0.00023538118954816774,synthetic,12.0,fixed_1e-06,0.0003,,0.032775050394473475,1002,,double,1.0021627883297153,train
0.3,bump,0.00042064252842889357,train-double-bump-a0.3-noise0.0003-k12-r2,0.07647538577805155,0.045898803344928074,0.0004927386011302212,,,0.00023538214887581634,synthetic,12.0,fixed_1e-05,0.0003,,0.03277515512410118,1002,,double,1.0021627624561078,train
0.3,bump,0.0004206528848056921,train-double-bump-a0.3-noise0.0003-k12-r2,0.07647713348284767,0.04589967574857028,0.0004927479666674238,,,0.00023539174591123317,synthetic,12.0,fixed_0.0001,0.0003,,0.03277620251795583,1002,,double,1.0021625037320139,train
0.3,bump,0.0004207564357268693,train-double-bump-a0.3-noise0.0003-k12-r2,0.07649464181087091,0.045908399168617026,0.00049284161542246,,,0.00023548809183523736,synthetic,12.0,fixed_0.001,0.0003,,0.03278668623000211,1002,,double,1.002159917681056,train
0.3,bump,0.00042179064076026685,train-double-bump-a0.3-noise0.0003-k12-r2,0.07667281062472149,0.04599556972886399,0.0004937774197743305,,,0.00023648855012099068,synthetic,12.0,fixed_0.01,0.0003,,0.03289248429499574,1002,,double,1.0021341756190607,train
0.3,bump,0.000431985239380286,train-double-bump-a0.3-noise0.0003-k12-r2,0.07872340948893528,0.046859141139111396,0.0005030481400905797,,,0.0002496616273749478,synthetic,12.0,fixed_0.1,0.0003,,0.03403152669551642,1002,,double,1.001888074552953,train
0.3,bump,0.0005143169490522679,train-double-bump-a0.3-noise0.0003-k12-r2,0.10584061864819932,0.054047907317414066,0.0005802218860797662,,,0.0004455537780839249,synthetic,12.0,fixed_1,0.0003,,0.046467454165949905,1002,,double,1.0002003535996953,train
0.3,bump,0.00042075522966862286,train-double-bump-a0.3-noise0.0003-k12-r2,0.07649443754129047,0.04590829756201266,0.0004928405246424734,,,0.000235486965642193,synthetic,12.0,frozen_initial,0.0003,,0.03278656401026177,1002,,double,1.002159947791717,train
0.3,bump,,train-double-bump-a0.3-noise0.0003-k12-r2,0.06976534048927366,0.04476595030872468,0.00048057705486614704,,,0.0002036709189527951,synthetic,12.0,rexafs_direct,0.0003,,0.03298665483056428,1002,,double,0.999952345327107,train
0.3,bump,0.0010935045079634384,train-double-bump-a0.3-noise0.003-k10-r0,0.5363365668329036,0.21647802568124055,0.0025770486074157737,,,0.002882229222115001,synthetic,10.0,larch_dynamic,0.003,,0.17777894030354346,1000,,double,1.0103227275360553,train
0.3,bump,0.0010936718033871752,train-double-bump-a0.3-noise0.003-k10-r0,0.5363575896904448,0.21648241734658058,0.0025771008877107974,,,0.002882421665878956,synthetic,10.0,fixed_0,0.003,,0.17779442402518125,1000,,double,1.0103196886904158,train
0.3,bump,0.0010936714580729494,train-double-bump-a0.3-noise0.003-k10-r0,0.5363575462682788,0.21648240827942797,0.0025771007797714676,,,0.0028824212683752955,synthetic,10.0,fixed_1e-06,0.003,,0.1777943920477272,1000,,double,1.0103196949609758,train
0.3,bump,0.001093668350274785,train-double-bump-a0.3-noise0.003-k10-r0,0.536357155473325,0.21648232667608333,0.002577099808329747,,,0.0028824176908829663,synthetic,10.0,fixed_1e-05,0.003,,0.1777941042535524,1000,,double,1.0103197513952646,train
0.3,bump,0.0010936372748474813,train-double-bump-a0.3-noise0.003-k10-r0,0.536353247946696,0.21648151073096253,0.0025770900949640112,,,0.002882381919675182,synthetic,10.0,fixed_0.0001,0.003,,0.17779122657466953,1000,,double,1.0103203156963338,train
0.3,bump,0.0010933267763711715,train-double-bump-a0.3-noise0.003-k10-r0,0.53631421495917,0.216473360117213,0.0025769930665116,,,0.00288202457912453,synthetic,10.0,fixed_0.001,0.003,,0.1777624760785322,1000,,double,1.0103259545027137,train
0.3,bump,0.0010902471707534345,train-double-bump-a0.3-noise0.003-k10-r0,0.5359280726919143,0.21639272920944452,0.002576033201102972,,,0.0028784879854480724,synthetic,10.0,fixed_0.01,0.003,,0.17747757799329655,1000,,double,1.0103819252450579,train
0.3,bump,0.0010618025754609423,train-double-bump-a0.3-noise0.003-k10-r0,0.5324484891257808,0.21566613868835627,0.0025673835514000085,,,0.0028464898184114946,synthetic,10.0,fixed_0.1,0.003,,0.17486861941176957,1000,,double,1.010902806912213,train
0.3,bump,0.0009076589889699699,train-double-bump-a0.3-noise0.003-k10-r0,0.516620576539032,0.21234373883027574,0.0025278322579114394,,,0.002697167371960299,synthetic,10.0,fixed_1,0.003,,0.16151758640610436,1000,,double,1.0138905585000137,train
0.3,bump,0.0010934563334236119,train-double-bump-a0.3-noise0.003-k10-r0,0.5363304994341231,0.21647676053300383,0.0025770335465406967,,,0.002882173664230922,synthetic,10.0,frozen_initial,0.003,,0.1777744717920166,1000,,double,1.0103236015849415,train
0.3,bump,,train-double-bump-a0.3-noise0.003-k10-r0,0.47965814718619604,0.19217972638628358,0.002287791080405415,,,0.0025364119448317317,synthetic,10.0,rexafs_direct,0.003,,0.1774316245176994,1000,,double,1.0086688715371022,train
0.3,bump,0.0006122524406576225,train-double-bump-a0.3-noise0.003-k10-r1,0.5401554390548675,0.23763855927528607,0.002828952806278925,,,0.0031596812098355115,synthetic,10.0,larch_dynamic,0.003,,0.14925697784300923,1001,,double,0.9911870820381389,train
0.3,bump,0.0006123330395660993,train-double-bump-a0.3-noise0.003-k10-r1,0.5401759453839575,0.23764166304203557,0.0028289897548687626,,,0.00315984772679033,synthetic,10.0,fixed_0,0.003,,0.1492737056446215,1001,,double,0.9911846152554434,train
0.3,bump,0.0006123328729889716,train-double-bump-a0.3-noise0.003-k10-r1,0.5401759030290983,0.2376416566326537,0.002828989678568692,,,0.003159847382795701,synthetic,10.0,fixed_1e-06,0.003,,0.14927367110025644,1001,,double,0.9911846203463629,train
0.3,bump,0.000612331373825535,train-double-bump-a0.3-noise0.003-k10-r1,0.5401755218394769,0.2376415989489044,0.0028289889918762423,,,0.0031598442868791842,synthetic,10.0,fixed_1e-05,0.003,,0.1492733602038536,1001,,double,0.9911846661639973,train
0.3,bump,0.0006123163839608189,train-double-bump-a0.3-noise0.003-k10-r1,0.5401717103075202,0.23764102217108785,0.0028289821256621567,,,0.0031598133306180664,synthetic,10.0,fixed_0.0001,0.003,,0.1492702514933451,1001,,double,0.9911851243063152,train
0.3,bump,0.0006121666622264956,train-double-bump-a0.3-noise0.003-k10-r1,0.5401336314372264,0.23763526035430274,0.0028289135344881774,,,0.0031595040588302307,synthetic,10.0,fixed_0.001,0.003,,0.1492391897555313,1001,,double,0.991189702334891,train
0.3,bump,0.0006106869736505939,train-double-bump-a0.3-noise0.003-k10-r1,0.5397564551118492,0.23757823270202302,0.002828234652502677,,,0.003156440167846585,synthetic,10.0,fixed_0.01,0.003,,0.1489310890422546,1001,,double,0.9912351456502794,train
0.3,bump,0.0005974928178560419,train-double-bump-a0.3-noise0.003-k10-r1,0.5363160088177666,0.23706184638721012,0.0028220873651311797,,,0.003128449045522816,synthetic,10.0,fixed_0.1,0.003,,0.1460831627806125,1001,,double,0.99165822854368,train
0.3,bump,0.0005449828694486416,train-double-bump-a0.3-noise0.003-k10-r1,0.5191063308051674,0.23460604731377932,0.0027928524644415514,,,0.00298714742471173,synthetic,10.0,fixed_1,0.003,,0.13050613657458063,1001,,double,0.9940956313503487,train
0.3,bump,0.0006122446809342006,train-double-bump-a0.3-noise0.003-k10-r1,0.5401534759465767,0.2376382629794779,0.002828949279044707,,,0.0031596652346176832,synthetic,10.0,frozen_initial,0.003,,0.14925537832990457,1001,,double,0.991187316306904,train
0.3,bump,,train-double-bump-a0.3-noise0.003-k10-r1,0.4796981127988496,0.2087589970522803,0.0024851579320630908,,,0.0028394766974530776,synthetic,10.0,rexafs_direct,0.003,,0.1476025064312452,1001,,double,0.9910272354670145,train
0.3,bump,0.0010862483048854768,train-double-bump-a0.3-noise0.003-k10-r2,0.5514812352838088,0.24252875085813075,0.002887167774606116,,,0.0031359089766336634,synthetic,10.0,larch_dynamic,0.003,,0.18535487970822873,1002,,double,0.9989010341991532,train
0.3,bump,0.001086344619275379,train-double-bump-a0.3-noise0.003-k10-r2,0.5514959211334833,0.24253176419287875,0.00288720364665406,,,0.0031360303687992196,synthetic,10.0,fixed_0,0.003,,0.1853660409184199,1002,,double,0.9988989828909572,train
0.3,bump,0.0010863444203635046,train-double-bump-a0.3-noise0.003-k10-r2,0.551495890803054,0.24253175797269064,0.0028872035726062338,,,0.003136030118019802,synthetic,10.0,fixed_1e-06,0.003,,0.18536601786985954,1002,,double,0.9988989871230792,train
0.3,bump,0.0010863426301836834,train-double-bump-a0.3-noise0.003-k10-r2,0.5514956178325974,0.2425317019917344,0.0028872029061845737,,,0.003136027861036187,synthetic,10.0,fixed_1e-05,0.003,,0.18536581043516093,1002,,double,0.9988990252115377,train
0.3,bump,0.0010863247298770078,train-double-bump-a0.3-noise0.003-k10-r2,0.5514928883875323,0.24253114223452654,0.002887196242591221,,,0.0031360052933219803,synthetic,10.0,fixed_0.0001,0.003,,0.18536373626148653,1002,,double,0.9988994060684117,train
0.3,bump,0.001086145876701694,train-double-bump-a0.3-noise0.003-k10-r2,0.5514656199325945,0.2425255499111863,0.0028871296691409553,,,0.0031357798289953233,synthetic,10.0,fixed_0.001,0.003,,0.18534301189722352,1002,,double,0.9989032118411851,train
0.3,bump,0.0010843722132467407,train-double-bump-a0.3-noise0.003-k10-r2,0.5511955116928987,0.24247014686649507,0.0028864701271910567,,,0.0031335462791359345,synthetic,10.0,fixed_0.01,0.003,,0.18513749136021188,1002,,double,0.9989409920307635,train
0.3,bump,0.0010680106909477828,train-double-bump-a0.3-noise0.003-k10-r2,0.548730712522745,0.2419638268382282,0.002880442673274449,,,0.0031131475639850793,synthetic,10.0,fixed_0.1,0.003,,0.1832415498145032,1002,,double,0.9992929729801723,train
0.3,bump,0.0009798358308557367,train-double-bump-a0.3-noise0.003-k10-r2,0.5363612865914233,0.23938529426323907,0.002849746699580858,,,0.0030104737984048397,synthetic,10.0,fixed_1,0.003,,0.17299590977579632,1002,,double,1.001335661161416,train
0.3,bump,0.0010862367118939246,train-double-bump-a0.3-noise0.003-k10-r2,0.5514794682064085,0.24252838998905749,0.002887163478663654,,,0.0031358943314454394,synthetic,10.0,frozen_initial,0.003,,0.18535353729861945,1002,,double,0.9989012788921618,train
0.3,bump,,train-double-bump-a0.3-noise0.003-k10-r2,0.5009849098256149,0.2182099537250432,0.0025976662324120304,,,0.0028960823351833927,synthetic,10.0,rexafs_direct,0.003,,0.17903514375356916,1002,,double,0.9989047139561357,train
0.3,bump,0.0008404735446867034,train-double-bump-a0.3-noise0.003-k12-r0,0.6520223264621993,0.2348064617108062,0.0025207238326073796,,,0.0026239785879994997,synthetic,12.0,larch_dynamic,0.003,,0.13957970862374258,1000,,double,1.0151765925705636,train
0.3,bump,0.0008404565827278014,train-double-bump-a0.3-noise0.003-k12-r0,0.6520197564165962,0.23480591393572448,0.002520717952063491,,,0.0026239575711500696,synthetic,12.0,fixed_0,0.003,,0.13958078177811803,1000,,double,1.0151772964452392,train
0.3,bump,0.0008404566165864549,train-double-bump-a0.3-noise0.003-k12-r0,0.6520197615490042,0.23480591502974846,0.0025207179638081947,,,0.0026239576131243444,synthetic,12.0,fixed_1e-06,0.003,,0.13958077963420149,1000,,double,1.0151772950393543,train
0.3,bump,0.0008404569213211764,train-double-bump-a0.3-noise0.003-k12-r0,0.6520198077406408,0.23480592487609322,0.002520718069511912,,,0.0026239579908919073,synthetic,12.0,fixed_1e-05,0.003,,0.13958076033913783,1000,,double,1.01517728238612,train
0.3,bump,0.0008404599685740078,train-double-bump-a0.3-noise0.003-k12-r0,0.652020269647213,0.2348060233368843,0.0025207191265205686,,,0.0026239617684860883,synthetic,12.0,fixed_0.0001,0.003,,0.13958056740658734,1000,,double,1.0151771558597988,train
0.3,bump,0.0008404904321451074,train-double-bump-a0.3-noise0.003-k12-r0,0.6520248877447478,0.23480700769015442,0.0025207296938734836,,,0.002623999536352838,synthetic,12.0,fixed_0.001,0.003,,0.1395786398845748,1000,,double,1.0151758911814555,train
0.3,bump,0.0008407941741061134,train-double-bump-a0.3-noise0.003-k12-r0,0.6520709717944403,0.23481682578058088,0.0025208350942715323,,,0.0026243764066861343,synthetic,12.0,fixed_0.01,0.003,,0.13955954377780944,1000,,double,1.0151633026275302,train
0.3,bump,0.0008437437664567385,train-double-bump-a0.3-noise0.003-k12-r0,0.6525220525014708,0.23491248946415105,0.002521862075068114,,,0.002628063820836446,synthetic,12.0,fixed_0.1,0.003,,0.13938532432943665,1000,,double,1.0150429818527864,train
0.3,bump,0.0008660911233868565,train-double-bump-a0.3-noise0.003-k12-r0,0.6561246884926298,0.23565542012461377,0.0025298376776480367,,,0.0026574312251749516,synthetic,12.0,fixed_1,0.003,,0.13860101715359455,1000,,double,1.0142199277857196,train
0.3,bump,0.0008404883692283571,train-double-bump-a0.3-noise0.003-k12-r0,0.6520245749962443,0.23480694103020283,0.0025207289782571956,,,0.0026239969786324875,synthetic,12.0,frozen_initial,0.003,,0.1395787703406613,1000,,double,1.0151759768101056,train
0.3,bump,,train-double-bump-a0.3-noise0.003-k12-r0,0.5874122939144664,0.20835239806989767,0.0022367308444966884,,,0.0024170121620897787,synthetic,12.0,rexafs_direct,0.003,,0.14134421099407787,1000,,double,1.0136591852805943,train
0.3,bump,0.0005594802907807766,train-double-bump-a0.3-noise0.003-k12-r1,0.7364628393060961,0.26870122703253824,0.0028845951763711354,,,0.0025584774982478956,synthetic,12.0,larch_dynamic,0.003,,0.1949427914949962,1001,,double,0.9916284655986871,train
0.3,bump,0.0005594162780700424,train-double-bump-a0.3-noise0.003-k12-r1,0.7364795686883794,0.268700508029954,0.0028845874576442464,,,0.002558647666962689,synthetic,12.0,fixed_0,0.003,,0.19493564685019843,1001,,double,0.9916319983815566,train
0.3,bump,0.0005594164054553649,train-double-bump-a0.3-noise0.003-k12-r1,0.7364795352473966,0.2687005094643104,0.0028845874730425293,,,0.002558647326628803,synthetic,12.0,fixed_1e-06,0.003,,0.1949356611354316,1001,,double,0.9916319913231222,train
0.3,bump,0.0005594175519431981,train-double-bump-a0.3-noise0.003-k12-r1,0.7364792342823789,0.2687005223740002,0.0028845876116322536,,,0.0025586442636594546,synthetic,12.0,fixed_1e-05,0.003,,0.19493578970365727,1001,,double,0.9916319277973379,train
0.3,bump,0.0005594290183789903,train-double-bump-a0.3-noise0.003-k12-r1,0.7364762250235944,0.26870065150926814,0.0028845889979414083,,,0.002558613637618403,synthetic,12.0,fixed_0.0001,0.003,,0.1949370754883557,1001,,double,0.9916312925687059,train
0.3,bump,0.000559543838157672,train-double-bump-a0.3-noise0.003-k12-r1,0.736446171529852,0.2687019466977115,0.0028846029022111344,,,0.0025583077420161266,synthetic,12.0,fixed_0.001,0.003,,0.19494994357756898,1001,,double,0.9916249432009375,train
0.3,bump,0.000560707364130338,train-double-bump-a0.3-noise0.003-k12-r1,0.7361495174759035,0.2687152783266928,0.002884746021589774,,,0.002555285025029935,synthetic,12.0,fixed_0.01,0.003,,0.1950796353227331,1001,,double,0.9915617400370378,train
0.3,bump,0.0005736759628279417,train-double-bump-a0.3-noise0.003-k12-r1,0.7335441456457773,0.26888299291713247,0.0028865464923354123,,,0.0025284515632863756,synthetic,12.0,fixed_0.1,0.003,,0.19646525648000576,1001,,double,0.9909574715551271,train
0.3,bump,0.0007347630645492029,train-double-bump-a0.3-noise0.003-k12-r1,0.727172300517218,0.2719824336260267,0.0029198199976969716,,,0.0024519177866710656,synthetic,12.0,fixed_1,0.003,,0.21259503366103147,1001,,double,0.9868114135086128,train
0.3,bump,0.0005595994931996492,train-double-bump-a0.3-noise0.003-k12-r1,0.7364316560934526,0.2687025758547953,0.0028846096564173174,,,0.002558159976962558,synthetic,12.0,frozen_initial,0.003,,0.19495617627851405,1001,,double,0.9916218730596552,train
0.3,bump,,train-double-bump-a0.3-noise0.003-k12-r1,0.6636845718659657,0.23822597790143907,0.002557433452499916,,,0.0023620685673623296,synthetic,12.0,rexafs_direct,0.003,,0.20208802942486115,1001,,double,0.9911006966864305,train
0.3,bump,0.0006304784788196648,train-double-bump-a0.3-noise0.003-k12-r2,0.6732566609707545,0.25790107169117465,0.002768651991645806,,,0.002403113911625581,synthetic,12.0,larch_dynamic,0.003,,0.1322614484696289,1002,,double,1.005820024389785,train
0.3,bump,0.0006304738983390294,train-double-bump-a0.3-noise0.003-k12-r2,0.6732555489303566,0.25790085318584255,0.0027686496459199085,,,0.0024031033725224224,synthetic,12.0,fixed_0,0.003,,0.132262267142229,1002,,double,1.0058203643479418,train
0.3,bump,0.0006304739074215295,train-double-bump-a0.3-noise0.003-k12-r2,0.6732555511528691,0.2579008536227729,0.002768649650610498,,,0.002403103393579681,synthetic,12.0,fixed_1e-06,0.003,,0.13226226550367426,1002,,double,1.005820363668204,train
0.3,bump,0.0006304739891723064,train-double-bump-a0.3-noise0.003-k12-r2,0.6732555711554188,0.25790085755523695,0.00276864969282678,,,0.002403103583094657,synthetic,12.0,fixed_1e-05,0.003,,0.1322622507569148,1002,,double,1.0058203575503675,train
0.3,bump,0.0006304748066605675,train-double-bump-a0.3-noise0.003-k12-r2,0.673255771174275,0.25790089687853057,0.002768650114975143,,,0.002403105478180252,synthetic,12.0,fixed_0.0001,0.003,,0.13226210329820212,1002,,double,1.00582029637462,train
0.3,bump,0.0006304829795828109,train-double-bump-a0.3-noise0.003-k12-r2,0.6732577706998337,0.2579012899766577,0.002768654335011552,,,0.0024031244226104167,synthetic,12.0,fixed_0.001,0.003,,0.13226062960036797,1002,,double,1.0058196848901448,train
0.3,bump,0.0006305645136573527,train-double-bump-a0.3-noise0.003-k12-r2,0.6732776998474366,0.2579052075269302,0.0027686963911895015,,,0.0024033132262724264,synthetic,12.0,fixed_0.01,0.003,,0.13224598106883909,1002,,double,1.0058135972052182,train
0.3,bump,0.0006313604834301729,train-double-bump-a0.3-noise0.003-k12-r2,0.6734705697456693,0.25794308254060644,0.002769102991795543,,,0.002405139098566477,synthetic,12.0,fixed_0.1,0.003,,0.13210786397333402,1002,,double,1.005755315925075,train
0.3,bump,0.0006376483682129304,train-double-bump-a0.3-noise0.003-k12-r2,0.6749099889355645,0.2582247398640516,0.002772126674886134,,,0.002418694415932272,synthetic,12.0,fixed_1,0.003,,0.13125687818005785,1002,,double,1.005349819378945,train
0.3,bump,0.0006304839667838443,train-double-bump-a0.3-noise0.003-k12-r2,0.6732580121980742,0.257901337453639,0.002768654844692408,,,0.0024031267106587265,synthetic,12.0,frozen_initial,0.003,,0.13226045165971895,1002,,double,1.0058196110450155,train
0.3,bump,,train-double-bump-a0.3-noise0.003-k12-r2,0.599297798364885,0.2297676612871652,0.0024666306691438137,,,0.002107466417973632,synthetic,12.0,rexafs_direct,0.003,,0.13630444907776232,1002,,double,1.005525059913072,train
1.0,bump,0.0022437765766506962,train-double-bump-a1-noise0-k10-r0,0.22664454130082204,0.05947210773016107,0.002359939489220465,,,0.005418580525472836,synthetic,10.0,larch_dynamic,0.0,,0.0975033651649926,1000,,double,0.9951975369112777,train
1.0,bump,0.0022443341366438206,train-double-bump-a1-noise0-k10-r0,0.22669926202568821,0.059487148747229615,0.002360536338592261,,,0.005419842348756187,synthetic,10.0,fixed_0,0.0,,0.0975255701431483,1000,,double,0.995194849658214,train
1.0,bump,0.0022443329876366395,train-double-bump-a1-noise0-k10-r0,0.2266991491734597,0.05948711775019374,0.0023605351085849214,,,0.005419839745849407,synthetic,10.0,fixed_1e-06,0.0,,0.09752552435815068,1000,,double,0.9951948551899323,train
1.0,bump,0.0022443226466582777,train-double-bump-a1-noise0-k10-r0,0.2266981335116183,0.05948683877918482,0.0023605240386106855,,,0.005419816319878318,synthetic,10.0,fixed_1e-05,0.0,,0.09752511229651195,1000,,double,0.9951949049749841,train
1.0,bump,0.002244219244993874,train-double-bump-a1-noise0-k10-r0,0.2266879776677936,0.059484049287032215,0.002360413347516372,,,0.005419582077923459,synthetic,10.0,fixed_0.0001,0.0,,0.09752099199599949,1000,,double,0.9951954027886902,train
1.0,bump,0.0022431860400277262,train-double-bump-a1-noise0-k10-r0,0.22658649667215777,0.05945617615246106,0.0023593073011112017,,,0.0054172414338769966,synthetic,10.0,fixed_0.001,0.0,,0.09747982057028744,1000,,double,0.9952003772434924,train
1.0,bump,0.002232934545002456,train-double-bump-a1-noise0-k10-r0,0.2255793728788277,0.059179607076514686,0.0023483326390598006,,,0.005394011213233748,synthetic,10.0,fixed_0.01,0.0,,0.09707124049573893,1000,,double,0.9952497562922917,train
1.0,bump,0.0021379046032306065,train-double-bump-a1-noise0-k10-r0,0.2162227608373653,0.056614861506288014,0.002246559815092581,,,0.005178094971171451,synthetic,10.0,fixed_0.1,0.0,,0.09327677865122684,1000,,double,0.9957095423294392,train
1.0,bump,0.0016109595856855722,train-double-bump-a1-noise0-k10-r0,0.1633079603273955,0.042347797100581,0.0016804220074492788,,,0.003952026002820607,synthetic,10.0,fixed_1,0.0,,0.07187606339369529,1000,,double,0.9983621392787112,train
1.0,bump,0.0022426670319411757,train-double-bump-a1-noise0-k10-r0,0.22653551833205915,0.05944217461292011,0.0023587516997152923,,,0.005416065618713081,synthetic,10.0,frozen_initial,0.0,,0.09745913847354087,1000,,double,0.9952028762076304,train
1.0,bump,,train-double-bump-a1-noise0-k10-r0,0.21700549108289247,0.05802228163304215,0.0023024082869530517,,,0.005189993369607122,synthetic,10.0,rexafs_direct,0.0,,0.09383852911844812,1000,,double,0.9927722320900346,train
1.0,bump,0.0009508408528128582,train-double-bump-a1-noise0-k12-r0,0.03467222755806726,0.02663751667250311,0.0009532080538248215,,,0.0004499429700890108,synthetic,12.0,larch_dynamic,0.0,,0.0193035602485418,1000,,double,1.0000375868575477,train
1.0,bump,0.0009506146152750919,train-double-bump-a1-noise0-k12-r0,0.034639659451225484,0.026630950817563996,0.0009529730985215492,,,0.00044921821205998517,synthetic,12.0,fixed_0,0.0,,0.019290225165970402,1000,,double,1.0000389116066177,train
1.0,bump,0.0009506150669701221,train-double-bump-a1-noise0-k12-r0,0.03463972443204263,0.02663096392653381,0.0009529735676184156,,,0.00044921965937114796,synthetic,12.0,fixed_1e-06,0.0,,0.01929025178792204,1000,,double,1.0000389089614834,train
1.0,bump,0.0009506191322276076,train-double-bump-a1-noise0-k12-r0,0.034640309259147135,0.026631081907350244,0.0009529777894933677,,,0.0004492326851187883,synthetic,12.0,fixed_1e-05,0.0,,0.019290491385106558,1000,,double,1.0000388851553335,train
1.0,bump,0.0009506597840030816,train-double-bump-a1-noise0-k12-r0,0.03464615749628424,0.02663226169523757,0.0009530200075172859,,,0.0004493629376665666,synthetic,12.0,fixed_0.0001,0.0,,0.019292887320104434,1000,,double,1.000038647104805,train
1.0,bump,0.0009510662223211301,train-double-bump-a1-noise0-k12-r0,0.034704636438019236,0.026644057559877005,0.0009534421156782824,,,0.0004506649700755408,synthetic,12.0,fixed_0.001,0.0,,0.019316842974936334,1000,,double,1.0000362676956578,train
1.0,bump,0.0009551225993668929,train-double-bump-a1-noise0-k12-r0,0.035289031005225645,0.026761812507724293,0.0009576559080541168,,,0.00046363584133946766,synthetic,12.0,fixed_0.01,0.0,,0.01955601850131945,1000,,double,1.000012582708802,train
1.0,bump,0.0009948330904848346,train-double-bump-a1-noise0-k12-r0,0.04105322574933833,0.027917050900189852,0.0009989954425656997,,,0.0005883564852500169,synthetic,12.0,fixed_0.1,0.0,,0.02190057221543844,1000,,double,0.9997861595032516,train
1.0,bump,0.0013007219635435005,train-double-bump-a1-noise0-k12-r0,0.08423167775065854,0.03689116143524665,0.001320128772789402,,,0.001454859631546544,synthetic,12.0,fixed_1,0.0,,0.03939426674490306,1000,,double,0.9982342195914536,train
1.0,bump,0.0009573454018803365,train-double-bump-a1-noise0-k12-r0,0.035609806040682375,0.026826361253092918,0.0009599657473948528,,,0.00047072520326434407,synthetic,12.0,frozen_initial,0.0,,0.019687143153518362,1000,,double,0.9999996511523244,train
1.0,bump,,train-double-bump-a1-noise0-k12-r0,0.08849294608272917,0.03688432274714217,0.0013198840543098634,,,0.0015634965500816592,synthetic,12.0,rexafs_direct,0.0,,0.041108682654068446,1000,,double,0.9959985737533078,train
1.0,bump,0.002265058741590321,train-double-bump-a1-noise0.0003-k10-r0,0.22702334018805528,0.05973701877658856,0.002370451543752508,,,0.00541615281315789,synthetic,10.0,larch_dynamic,0.0003,,0.0981139037607638,1000,,double,0.9956228339222918,train
1.0,bump,0.002265626227467628,train-double-bump-a1-noise0.0003-k10-r0,0.22707878397875944,0.05975219482345383,0.0023710537513024752,,,0.005417434469968235,synthetic,10.0,fixed_0,0.0003,,0.09813639818474659,1000,,double,0.9956201053080762,train
1.0,bump,0.002265625058020579,train-double-bump-a1-noise0.0003-k10-r0,0.22707866963518825,0.05975216354806277,0.0023710525102495984,,,0.005417431826158115,synthetic,10.0,fixed_1e-06,0.0003,,0.09813635180276441,1000,,double,0.9956201109249183,train
1.0,bump,0.0022656145330869986,train-double-bump-a1-noise0.0003-k10-r0,0.22707764055107302,0.05975188207193862,0.0023710413408687576,,,0.005417408032051856,synthetic,10.0,fixed_1e-05,0.0003,,0.09813593436821608,1000,,double,0.995620161475992,train
1.0,bump,0.0022655092920031,train-double-bump-a1-noise0.0003-k10-r0,0.22706735049638202,0.059749067531703844,0.0023709296558302156,,,0.005417170109030983,synthetic,10.0,fixed_0.0001,0.0003,,0.09813176034335706,1000,,double,0.9956206669493859,train
1.0,bump,0.0022644577062694007,train-double-bump-a1-noise0.0003-k10-r0,0.2269645285685556,0.059720944227473705,0.002369813682330147,,,0.005414792682619215,synthetic,10.0,fixed_0.001,0.0003,,0.09809005214711213,1000,,double,0.9956257179434114,train
1.0,bump,0.002254023736373886,train-double-bump-a1-noise0.0003-k10-r0,0.22594411219117777,0.05944190430987525,0.002358740973698442,,,0.005391197446659811,synthetic,10.0,fixed_0.01,0.0003,,0.09767615129024061,1000,,double,0.995675856663927,train
1.0,bump,0.002157293217226438,train-double-bump-a1-noise0.0003-k10-r0,0.21646540212048393,0.05685529669798447,0.0022561006322107035,,,0.005171892261651569,synthetic,10.0,fixed_0.1,0.0003,,0.09383283034540833,1000,,double,0.9961427072012549,train
1.0,bump,0.0016205170181024953,train-double-bump-a1-noise0.0003-k10-r0,0.16293114375127382,0.04251927671644083,0.0016872265673095095,,,0.003926816091479201,synthetic,10.0,fixed_1,0.0003,,0.07218368539548624,1000,,double,0.9988355032863108,train
1.0,bump,0.002263893928084209,train-double-bump-a1-noise0.0003-k10-r0,0.22690940193567494,0.05970586673077627,0.0023692153853937695,,,0.005413518046019925,synthetic,10.0,frozen_initial,0.0003,,0.0980676909637752,1000,,double,0.995628426059238,train
1.0,bump,,train-double-bump-a1-noise0.0003-k10-r0,0.2168513821742865,0.058142574083239563,0.0023071816658412525,,,0.0051754247442702085,synthetic,10.0,rexafs_direct,0.0003,,0.09435432299250002,1000,,double,0.9932329252465182,train
1.0,bump,0.002212375104712542,train-double-bump-a1-noise0.0003-k10-r1,0.2279303515474848,0.05979787351894021,0.0023728663481887924,,,0.005446994501519873,synthetic,10.0,larch_dynamic,0.0003,,0.09797073379684057,1001,,double,0.9950487644367012,train
1.0,bump,0.0022129359799169307,train-double-bump-a1-noise0.0003-k10-r1,0.22798549899523124,0.05981291849667534,0.002373463354725582,,,0.00544826578264994,synthetic,10.0,fixed_0,0.0003,,0.09799320752316354,1001,,double,0.9950460531050235,train
1.0,bump,0.0022129348239984907,train-double-bump-a1-noise0.0003-k10-r1,0.22798538525913942,0.05981288749009773,0.0023734621243396126,,,0.005448263160131691,synthetic,10.0,fixed_1e-06,0.0003,,0.09799316118278029,1001,,double,0.995046058686473,train
1.0,bump,0.002212924420821546,train-double-bump-a1-noise0.0003-k10-r1,0.22798436164235233,0.05981260843325901,0.002373451050959527,,,0.005448239557652608,synthetic,10.0,fixed_1e-05,0.0003,,0.09799274412263184,1001,,double,0.9950461089190539,train
1.0,bump,0.002212820397251405,train-double-bump-a1-noise0.0003-k10-r1,0.22797412625596006,0.0598098180843513,0.0023733403258679275,,,0.005448003550773984,synthetic,10.0,fixed_0.0001,0.0003,,0.09798857384031207,1001,,double,0.9950466112076843,train
1.0,bump,0.002211780980948437,train-double-bump-a1-noise0.0003-k10-r1,0.22787185051080702,0.05978193652840623,0.0023722339452904267,,,0.005445645272744092,synthetic,10.0,fixed_0.001,0.0003,,0.09794690292081357,1001,,double,0.9950516303783701,train
1.0,bump,0.0022014681384665362,train-double-bump-a1-noise0.0003-k10-r1,0.2268568462924474,0.059505297708389526,0.0023612565156931617,,,0.005422240225093639,synthetic,10.0,fixed_0.01,0.0003,,0.09753336010555984,1001,,double,0.9951014532760837,train
1.0,bump,0.0021058957618958186,train-double-bump-a1-noise0.0003-k10-r1,0.21742765138144252,0.05694116887101055,0.002259508164579809,,,0.005204715956717571,synthetic,10.0,fixed_0.1,0.0003,,0.09369228055078814,1001,,double,0.9955653698501997,train
1.0,bump,0.0015774138700679326,train-double-bump-a1-noise0.0003-k10-r1,0.1641333677248636,0.042738858343566145,0.0016959398847407917,,,0.003970337164435306,synthetic,10.0,fixed_1,0.0003,,0.07200420819344445,1001,,double,0.9982416554718179,train
1.0,bump,0.0022112816800483963,train-double-bump-a1-noise0.0003-k10-r1,0.2278227190346376,0.05976854312937195,0.0023717024757918294,,,0.005444512390496031,synthetic,10.0,frozen_initial,0.0003,,0.0979268849897747,1001,,double,0.9950540415762875,train
1.0,bump,,train-double-bump-a1-noise0.0003-k10-r1,0.21825377242350685,0.0583008796566613,0.002313463460590763,,,0.005219114023265807,synthetic,10.0,rexafs_direct,0.0003,,0.09428582418936772,1001,,double,0.9926922134284948,train
1.0,bump,0.0022696565396488535,train-double-bump-a1-noise0.0003-k10-r2,0.22750260888055884,0.060028927399418494,0.0023820349012717325,,,0.0054366909900373005,synthetic,10.0,larch_dynamic,0.0003,,0.09843504675414042,1002,,double,0.995280183108923,train
1.0,bump,0.002270213131487685,train-double-bump-a1-noise0.0003-k10-r2,0.22755741809072486,0.0600439237435724,0.0023826299779574848,,,0.005437954411048396,synthetic,10.0,fixed_0,0.0003,,0.0984573137481489,1002,,double,0.9952774841340836,train
1.0,bump,0.0022702119844476443,train-double-bump-a1-noise0.0003-k10-r2,0.22755730505675753,0.06004389283906804,0.0023826287516219295,,,0.005437951804840606,synthetic,10.0,fixed_1e-06,0.0003,,0.09845726783557326,1002,,double,0.9952774896897715,train
1.0,bump,0.0022702016611770262,train-double-bump-a1-noise0.0003-k10-r2,0.22755628775913492,0.060043614700924834,0.002382617714697014,,,0.005437928349157393,synthetic,10.0,fixed_1e-05,0.0003,,0.09845685462568841,1002,,double,0.9952775396904728,train
1.0,bump,0.002270098436604565,train-double-bump-a1-noise0.0003-k10-r2,0.22754611556003518,0.06004083353778564,0.002382507354110032,,,0.005437693810135785,synthetic,10.0,fixed_0.0001,0.0003,,0.09845272284380063,1002,,double,0.9952780396605437,train
1.0,bump,0.0022690670042211833,train-double-bump-a1-noise0.0003-k10-r2,0.22744447127409165,0.060013043733447735,0.0023814046143693745,,,0.005435350201145477,synthetic,10.0,fixed_0.001,0.0003,,0.0984114367159937,1002,,double,0.9952830356635628,train
1.0,bump,0.0022588333988722417,train-double-bump-a1-noise0.0003-k10-r2,0.22643574059816285,0.05973731190433851,0.0023704631754867594,,,0.005412090898401521,synthetic,10.0,fixed_0.01,0.0003,,0.09800172069612079,1002,,double,0.9953326286674941,train
1.0,bump,0.0021639967085882233,train-double-bump-a1-noise0.0003-k10-r2,0.21706544835313046,0.05718127821656615,0.0022690360516504763,,,0.005195935787580713,synthetic,10.0,fixed_0.1,0.0003,,0.09419692104933391,1002,,double,0.9957944121832878,train
1.0,bump,0.0016393764778572823,train-double-bump-a1-noise0.0003-k10-r2,0.16413447962439898,0.04300706668929767,0.001706582780891407,,,0.003970044080180995,synthetic,10.0,fixed_1,0.0003,,0.07274731314898385,1002,,double,0.9984588563661485,train
1.0,bump,0.0022685506004319,train-double-bump-a1-noise0.0003-k10-r2,0.22739357969889498,0.05999913024616105,0.002380852507014619,,,0.005434176788635333,synthetic,10.0,frozen_initial,0.0003,,0.09839076553778725,1002,,double,0.9952855371608473,train
1.0,bump,,train-double-bump-a1-noise0.0003-k10-r2,0.21811436291774539,0.05860884550855925,0.0023256839922477703,,,0.005213371437732188,synthetic,10.0,rexafs_direct,0.0003,,0.09467107622546699,1002,,double,0.9929254466117575,train
1.0,bump,0.0009597042652875278,train-double-bump-a1-noise0.0003-k12-r0,0.04116324075508183,0.027575024839362056,0.0009867562387462392,,,0.0005599123617113955,synthetic,12.0,larch_dynamic,0.0003,,0.01940221180211165,1000,,double,1.0004402396777503,train
1.0,bump,0.0009594832823896173,train-double-bump-a1-noise0.0003-k12-r0,0.04113440337748281,0.027568764394527063,0.0009865322123660551,,,0.0005592819830515837,synthetic,12.0,fixed_0,0.0003,,0.019389998422315848,1000,,double,1.0004415386743237,train
1.0,bump,0.0009594837235584053,train-double-bump-a1-noise0.0003-k12-r0,0.04113446091358627,0.027568776893846996,0.0009865326596469551,,,0.0005592832416815604,synthetic,12.0,fixed_1e-06,0.0003,,0.019390022803659174,1000,,double,1.0004415360805758,train
1.0,bump,0.0009594876940787955,train-double-bump-a1-noise0.0003-k12-r0,0.04113497873890445,0.02756888938778927,0.0009865366851773039,,,0.0005592945693411775,synthetic,12.0,fixed_1e-05,0.0003,,0.01939024223566483,1000,,double,1.0004415127368929,train
1.0,bump,0.0009595273984891366,train-double-bump-a1-noise0.0003-k12-r0,0.04114015702551217,0.027570014308665083,0.0009865769398171012,,,0.0005594078449731759,synthetic,12.0,fixed_0.0001,0.0003,,0.019392436544968417,1000,,double,1.000441279310791,train
1.0,bump,0.0009599243631124977,train-double-bump-a1-noise0.0003-k12-r0,0.04119194319525646,0.02758126165799998,0.000986979419676692,,,0.0005605405039231485,synthetic,12.0,fixed_0.001,0.0003,,0.019414378550226527,1000,,double,1.0004389461247098,train
1.0,bump,0.0009638860044787745,train-double-bump-a1-noise0.0003-k12-r0,0.04171008429124738,0.027693547077617127,0.0009909974881634085,,,0.0005718562864241889,synthetic,12.0,fixed_0.01,0.0003,,0.019633675140698036,1000,,double,1.0004157212576894,train
1.0,bump,0.0010026541114400106,train-double-bump-a1-noise0.0003-k12-r0,0.04687763843869235,0.02879576631934905,0.0010304397631778846,,,0.0006831321744802216,synthetic,12.0,fixed_0.1,0.0003,,0.021802274678174197,1000,,double,1.000193697526828,train
1.0,bump,0.0013010273344469237,train-double-bump-a1-noise0.0003-k12-r0,0.08739004901763449,0.037401501441094616,0.001338390993316342,,,0.0015039082792904274,synthetic,12.0,fixed_1,0.0003,,0.038493000819755624,1000,,double,0.9986719717029682,train
1.0,bump,0.0009659780343073404,train-double-bump-a1-noise0.0003-k12-r0,0.041984631019318625,0.02775286983258831,0.0009931203184748382,,,0.0005778397763169269,synthetic,12.0,frozen_initial,0.0003,,0.019749702764005506,1000,,double,1.0004035002111944,train
1.0,bump,,train-double-bump-a1-noise0.0003-k12-r0,0.09017272121184176,0.037102707070376516,0.0013276988104035097,,,0.0015880201756975673,synthetic,12.0,rexafs_direct,0.0003,,0.03943440635394751,1000,,double,0.9964844837462294,train
1.0,bump,0.0009501998496614007,train-double-bump-a1-noise0.0003-k12-r1,0.03896347190059328,0.027931668878871354,0.0009995185384376294,,,0.0004635947431703131,synthetic,12.0,larch_dynamic,0.0003,,0.02090698267590349,1001,,double,0.9997337957976946,train
1.0,bump,0.000949967054525548,train-double-bump-a1-noise0.0003-k12-r1,0.03893727382438158,0.02792527477726378,0.0009992897292275126,,,0.00046298447610004643,synthetic,12.0,fixed_0,0.0003,,0.020893702785931313,1001,,double,0.9997351797324104,train
1.0,bump,0.000949967519273566,train-double-bump-a1-noise0.0003-k12-r1,0.03893732607710069,0.027925287543122703,0.0009992901860463553,,,0.00046298569421035084,synthetic,12.0,fixed_1e-06,0.0003,,0.020893729298951322,1001,,double,0.9997351769690881,train
1.0,bump,0.0009499717020073296,train-double-bump-a1-noise0.0003-k12-r1,0.03893779635393144,0.027925402435948044,0.0009992942974193404,,,0.0004629966572394035,synthetic,12.0,fixed_1e-05,0.0003,,0.02089396791589158,1001,,double,0.9997351520992288,train
1.0,bump,0.0009500135286301784,train-double-bump-a1-noise0.0003-k12-r1,0.038942499348841524,0.027926551350890956,0.0009993354106728847,,,0.00046310629131752,synthetic,12.0,fixed_0.0001,0.0003,,0.02089635406441984,1001,,double,0.999734903412057,train
1.0,bump,0.0009504317230610035,train-double-bump-a1-noise0.0003-k12-r1,0.038989551877655265,0.02793803915904004,0.0009997464952113998,,,0.00046420300816609915,synthetic,12.0,fixed_0.001,0.0003,,0.020920213450933575,1001,,double,0.9997324176852903,train
1.0,bump,0.0009546064077451467,train-double-bump-a1-noise0.0003-k12-r1,0.039462246378559565,0.028052780156586556,0.0010038524351272677,,,0.000475204971605273,synthetic,12.0,fixed_0.01,0.0003,,0.02115858333733666,1001,,double,0.9997076743799707,train
1.0,bump,0.0009955592634879847,train-double-bump-a1-noise0.0003-k12-r1,0.04433124797534708,0.029183909626364392,0.0010443292458512878,,,0.0005865796374162063,synthetic,12.0,fixed_0.1,0.0003,,0.02350843597507226,1001,,double,0.9994711322178931,train
1.0,bump,0.0013136504240575109,train-double-bump-a1-noise0.0003-k12-r1,0.08586484344051422,0.0381796705940945,0.0013662373242261305,,,0.0014507884286091661,synthetic,12.0,fixed_1,0.0003,,0.041414213299989455,1001,,double,0.9978497162746595,train
1.0,bump,0.0009570886911160066,train-double-bump-a1-noise0.0003-k12-r1,0.03974579727954351,0.028121058613450708,0.0010062957400263624,,,0.00048179015426190767,synthetic,12.0,frozen_initial,0.0003,,0.02130047169736377,1001,,double,0.9996930219672909,train
1.0,bump,,train-double-bump-a1-noise0.0003-k12-r1,0.08923950467552237,0.03792893783101525,0.0013572649980118177,,,0.001552726230288331,synthetic,12.0,rexafs_direct,0.0003,,0.042914613985903446,1001,,double,0.9956978111274433,train
1.0,bump,0.0009517623832072729,train-double-bump-a1-noise0.0003-k12-r2,0.041086601866544094,0.02760039587815607,0.0009876641266251917,,,0.0005542651894610716,synthetic,12.0,larch_dynamic,0.0003,,0.018465169624519794,1002,,double,1.0001595425871765,train
1.0,bump,0.000951546779402325,train-double-bump-a1-noise0.0003-k12-r2,0.04105808058185135,0.027594216007539293,0.000987442983546581,,,0.0005536356984487475,synthetic,12.0,fixed_0,0.0003,,0.018452698206410954,1002,,double,1.0001608307114,train
1.0,bump,0.0009515472098180705,train-double-bump-a1-noise0.0003-k12-r2,0.04105813748594647,0.027594228345593726,0.0009874434250566886,,,0.0005536369552168956,synthetic,12.0,fixed_1e-06,0.0003,,0.018452723102111906,1002,,double,1.000160828139437,train
1.0,bump,0.0009515510835615844,train-double-bump-a1-noise0.0003-k12-r2,0.041058649623196296,0.027594339388150493,0.0009874473986500505,,,0.0005536482661156395,synthetic,12.0,fixed_1e-05,0.0003,,0.01845294716321397,1002,,double,1.0001608049918127,train
1.0,bump,0.0009515898202655465,train-double-bump-a1-noise0.0003-k12-r2,0.04106377102916565,0.02759544979540536,0.0009874871339283565,,,0.0005537613739269856,synthetic,12.0,fixed_0.0001,0.0003,,0.01845518775566039,1002,,double,1.0001605735262242,train
1.0,bump,0.0009519771142842124,train-double-bump-a1-noise0.0003-k12-r2,0.04111498839872932,0.027606552039064983,0.0009878844212656858,,,0.0005548923337903368,synthetic,12.0,fixed_0.001,0.0003,,0.018477591814318173,1002,,double,1.0001582599359593,train
1.0,bump,0.0009558426921182102,train-double-bump-a1-noise0.0003-k12-r2,0.04162744289549329,0.027717389511912747,0.000991850675818729,,,0.0005661890960529643,synthetic,12.0,fixed_0.01,0.0003,,0.01870143169731973,1002,,double,1.0001352300950166,train
1.0,bump,0.0009937106074209823,train-double-bump-a1-noise0.0003-k12-r2,0.046738875451922304,0.028805473239149757,0.00103078711966181,,,0.0006771202544461207,synthetic,12.0,fixed_0.1,0.0003,,0.02090836425342036,1002,,double,0.999915067548993,train
1.0,bump,0.0012867060562759924,train-double-bump-a1-noise0.0003-k12-r2,0.08684746818887384,0.03730769712609685,0.0013350342604182,,,0.0014923080109505318,synthetic,12.0,fixed_1,0.0003,,0.03768352855816704,1002,,double,0.9984058684507547,train
1.0,bump,0.000958001198452465,train-double-bump-a1-noise0.0003-k12-r2,0.04191454283683813,0.02777930058032247,0.0009940661274223676,,,0.0005725030696892939,synthetic,12.0,frozen_initial,0.0003,,0.018826589088344406,1002,,double,1.0001224188081954,train
1.0,bump,,train-double-bump-a1-noise0.0003-k12-r2,0.09099168628596113,0.03730421824683934,0.0013349097707457086,,,0.0016030253883352543,synthetic,12.0,rexafs_direct,0.0003,,0.039686924930406445,1002,,double,0.9962155893784687,train
1.0,bump,0.0025185224182214185,train-double-bump-a1-noise0.003-k10-r0,0.27022955975426816,0.08563727309082332,0.003398211198990303,,,0.005923604533141132,synthetic,10.0,larch_dynamic,0.003,,0.108734994496254,1000,,double,0.9994505074484727,train
1.0,bump,0.0025191636205941213,train-double-bump-a1-noise0.003-k10-r0,0.27028224653396715,0.08564909710163622,0.0033986803928881372,,,0.005924934045567514,synthetic,10.0,fixed_0,0.003,,0.10875886860876519,1000,,double,0.9994474061568512,train
1.0,bump,0.0025191622994563344,train-double-bump-a1-noise0.003-k10-r0,0.2702821378709191,0.08564907273342788,0.0033986794259222874,,,0.005924931303029513,synthetic,10.0,fixed_1e-06,0.003,,0.10875881938038877,1000,,double,0.9994474125397217,train
1.0,bump,0.0025191504093148636,train-double-bump-a1-noise0.003-k10-r0,0.27028115991195634,0.08564885342174067,0.0033986707233164644,,,0.005924906620389822,synthetic,10.0,fixed_1e-05,0.003,,0.10875837632861998,1000,,double,0.9994474699850373,train
1.0,bump,0.002519031517287427,train-double-bump-a1-noise0.003-k10-r0,0.27027138115738,0.08564666051366043,0.003398583705543388,,,0.005924659813918111,synthetic,10.0,fixed_0.0001,0.003,,0.10875394616730495,1000,,double,0.9994480443956114,train
1.0,bump,0.0025178435352104923,train-double-bump-a1-noise0.003-k10-r0,0.27017367707397233,0.085624752298642,0.003397714355797203,,,0.005922193740895457,synthetic,10.0,fixed_0.001,0.003,,0.10870968017468212,1000,,double,0.999453784242691,train
1.0,bump,0.0025060568242409225,train-double-bump-a1-noise0.003-k10-r0,0.26920491663330537,0.08540773909941933,0.003389102957310179,,,0.0058977306525162115,synthetic,10.0,fixed_0.01,0.003,,0.10827055499415618,1000,,double,0.9995107600086417,train
1.0,bump,0.002396840562403803,train-double-bump-a1-noise0.003-k10-r0,0.2602842464278422,0.08342818491571517,0.0033105513762838046,,,0.005671445386763934,synthetic,10.0,fixed_0.1,0.003,,0.10420741366039628,1000,,double,1.0000411910475973,train
1.0,bump,0.0017934914825897138,train-double-bump-a1-noise0.003-k10-r0,0.2133312749791396,0.07371274031436328,0.0029250284438514583,,,0.004437348853285805,synthetic,10.0,fixed_1,0.003,,0.08198251354669348,1000,,double,1.003095779354724,train
1.0,bump,0.0025167573030964985,train-double-bump-a1-noise0.003-k10-r0,0.2700843513130781,0.08560472617879238,0.003396919690316985,,,0.005919938955772847,synthetic,10.0,frozen_initial,0.003,,0.10866920659086093,1000,,double,0.9994590329118561,train
1.0,bump,,train-double-bump-a1-noise0.003-k10-r0,0.24855444772841775,0.07851147822629642,0.0031154493239751845,,,0.005458436332279441,synthetic,10.0,rexafs_direct,0.003,,0.10415112029323786,1000,,double,0.997407140080882,train
1.0,bump,0.001964898276258817,train-double-bump-a1-noise0.003-k10-r1,0.2773740100572951,0.09074122643051204,0.0036007434699520304,,,0.006251287532934848,synthetic,10.0,larch_dynamic,0.003,,0.10590601305952935,1001,,double,0.9937098123390922,train
1.0,bump,0.0019654744454207216,train-double-bump-a1-noise0.003-k10-r1,0.27742492765843685,0.09075162572888461,0.0036011561291939224,,,0.006252524328523861,synthetic,10.0,fixed_0,0.003,,0.1059300520267848,1001,,double,0.9937068841263633,train
1.0,bump,0.0019654732571692383,train-double-bump-a1-noise0.003-k10-r1,0.2774248226119015,0.09075160428742264,0.0036011552783656135,,,0.006252521776198595,synthetic,10.0,fixed_1e-06,0.003,,0.10593000244732387,1001,,double,0.9937068901553446,train
1.0,bump,0.0019654625630054,train-double-bump-a1-noise0.003-k10-r1,0.2774238772013979,0.09075141131625597,0.003601147620989848,,,0.006252498805469717,synthetic,10.0,fixed_1e-05,0.003,,0.1059295562357922,1001,,double,0.9937069444156581,train
1.0,bump,0.001965355630269588,train-double-bump-a1-noise0.003-k10-r1,0.2774144238841004,0.09074948178986404,0.0036010710545841557,,,0.0062522691167064435,synthetic,10.0,fixed_0.0001,0.003,,0.1059250944640657,1001,,double,0.993707486978604,train
1.0,bump,0.001964287192787787,train-double-bump-a1-noise0.003-k10-r1,0.27731996946449067,0.09073020504159895,0.0036003061252552525,,,0.006249974081534864,synthetic,10.0,fixed_0.001,0.003,,0.10588051109475524,1001,,double,0.9937129085923551,train
1.0,bump,0.0019536911309725423,train-double-bump-a1-noise0.003-k10-r1,0.27638323888568095,0.09053927324103016,0.0035927296744935827,,,0.006227207548096945,synthetic,10.0,fixed_0.01,0.003,,0.10543808631147483,1001,,double,0.9937667261302058,train
1.0,bump,0.0018559340714783734,train-double-bump-a1-noise0.003-k10-r1,0.26774000941619097,0.08879883298093515,0.003523666480751345,,,0.006016598420092622,synthetic,10.0,fixed_0.1,0.003,,0.1013306704920293,1001,,double,0.9942678175370332,train
1.0,bump,0.0013398846993306758,train-double-bump-a1-noise0.003-k10-r1,0.22141317150615872,0.08026583042576216,0.0031850645636486274,,,0.0048649715748153455,synthetic,10.0,fixed_1,0.003,,0.07822652516692674,1001,,double,0.9971573012098295,train
1.0,bump,0.001963926980481228,train-double-bump-a1-noise0.003-k10-r1,0.27728812519724044,0.09072370709908893,0.0036000482774722602,,,0.006249200310680287,synthetic,10.0,frozen_initial,0.003,,0.10586547914563965,1001,,double,0.9937147366364436,train
1.0,bump,,train-double-bump-a1-noise0.003-k10-r1,0.259671049314291,0.08333124343385351,0.003306704597685896,,,0.005912486781782449,synthetic,10.0,rexafs_direct,0.003,,0.10245490436471016,1001,,double,0.9919783701545676,train
1.0,bump,0.0025424950348630583,train-double-bump-a1-noise0.003-k10-r2,0.2759923032083859,0.09257081864569405,0.003673344342572335,,,0.006158566497938464,synthetic,10.0,larch_dynamic,0.003,,0.11256761991995569,1002,,double,0.9960239990599664,train
1.0,bump,0.002543036106557395,train-double-bump-a1-noise0.003-k10-r2,0.276039692625639,0.09258110549734148,0.0036737525397650865,,,0.006159728041898447,synthetic,10.0,fixed_0,0.003,,0.11258929179564652,1002,,double,0.9960211944170144,train
1.0,bump,0.002543034991240845,train-double-bump-a1-noise0.003-k10-r2,0.27603959489583973,0.09258108430034732,0.0036737516986376163,,,0.0061597256457074975,synthetic,10.0,fixed_1e-06,0.003,,0.11258924711225414,1002,,double,0.9960212001883542,train
1.0,bump,0.0025430249534850505,train-double-bump-a1-noise0.003-k10-r2,0.27603871533555235,0.09258089352933507,0.003673744128567168,,,0.006159704080179009,synthetic,10.0,fixed_1e-05,0.003,,0.11258884496512601,1002,,double,0.9960212521299223,train
1.0,bump,0.002542924584140419,train-double-bump-a1-noise0.003-k10-r2,0.276029920473054,0.09257898599701583,0.0036736684349181798,,,0.006159488442422666,synthetic,10.0,fixed_0.0001,0.003,,0.11258482381285564,1002,,double,0.9960217715072358,train
1.0,bump,0.0025419217117734916,train-double-bump-a1-noise0.003-k10-r2,0.2759420458786398,0.09255992844442501,0.003672912203591537,,,0.0061573338180160335,synthetic,10.0,fixed_0.001,0.003,,0.11254464418668386,1002,,double,0.996026961444233,train
1.0,bump,0.0025319744629979653,train-double-bump-a1-noise0.003-k10-r2,0.275070644522193,0.09237111491739912,0.0036654198089962563,,,0.006135961531344299,synthetic,10.0,fixed_0.01,0.003,,0.11214601314739435,1002,,double,0.9960784800443561,train
1.0,bump,0.0024400611926455496,train-double-bump-a1-noise0.003-k10-r2,0.2670368581847031,0.09064524874071467,0.0035969349360210554,,,0.00593837419321959,synthetic,10.0,fixed_0.1,0.003,,0.10845353921540407,1002,,double,0.9965582408679833,train
1.0,bump,0.0019432800947422064,train-double-bump-a1-noise0.003-k10-r2,0.22422544802295755,0.08198757619321104,0.0032533859328093867,,,0.004863097734010364,synthetic,10.0,fixed_1,0.003,,0.08804173937793323,1002,,double,0.9993293101531495,train
1.0,bump,0.0025414263807821452,train-double-bump-a1-noise0.003-k10-r2,0.2758986449337758,0.09255051713814823,0.0036725387493089265,,,0.006156269615207119,synthetic,10.0,frozen_initial,0.003,,0.11252479830463996,1002,,double,0.9960295250949143,train
1.0,bump,,train-double-bump-a1-noise0.003-k10-r2,0.2618083318041646,0.08656470209902382,0.0034350129271185793,,,0.005893656166015986,synthetic,10.0,rexafs_direct,0.003,,0.10775865059491849,1002,,double,0.9943057040260297,train
1.0,bump,0.0012323243140542812,train-double-bump-a1-noise0.003-k12-r0,0.20125257380793138,0.07449575469948751,0.0026657872889709216,,,0.002747975128540767,synthetic,12.0,larch_dynamic,0.003,,0.04284530670089564,1000,,double,1.0040641150285856,train
1.0,bump,0.001232176152782434,train-double-bump-a1-noise0.003-k12-r0,0.20124479144929566,0.07449373807229581,0.0026657151251388224,,,0.0027477800723269045,synthetic,12.0,fixed_0,0.003,,0.04284342971217453,1000,,double,1.00406518228361,train
1.0,bump,0.0012321764484033793,train-double-bump-a1-noise0.003-k12-r0,0.2012448069804492,0.07449374209885117,0.0026657152692267654,,,0.002747780461731182,synthetic,12.0,fixed_1e-06,0.003,,0.04284343345583588,1000,,double,1.0040651801523373,train
1.0,bump,0.001232179109003506,train-double-bump-a1-noise0.003-k12-r0,0.2012449467610299,0.07449377833798188,0.002665716566022998,,,0.0027477839663740803,synthetic,12.0,fixed_1e-05,0.003,,0.04284346714933056,1000,,double,1.0040651609708242,train
1.0,bump,0.0012322057144756315,train-double-bump-a1-noise0.003-k12-r0,0.20124634458431628,0.07449414072619101,0.002665729533874461,,,0.00274781901326785,synthetic,12.0,fixed_0.0001,0.003,,0.04284380413672023,1000,,double,1.0040649691645684,train
1.0,bump,0.0012324717167100882,train-double-bump-a1-noise0.003-k12-r0,0.20126032455954884,0.07449776430314223,0.0026658592014698317,,,0.0027481695285752035,synthetic,12.0,fixed_0.001,0.003,,0.042847179248420415,1000,,double,1.0040630519860867,train
1.0,bump,0.0012351264665638438,train-double-bump-a1-noise0.003-k12-r0,0.2014002933601979,0.07453396900127877,0.0026671547655524124,,,0.002751679172637067,synthetic,12.0,fixed_0.01,0.003,,0.042881448012863865,1000,,double,1.004043968197553,train
1.0,bump,0.0012611259767237666,train-double-bump-a1-noise0.003-k12-r0,0.20281213003817636,0.07489240443528665,0.0026799811692548715,,,0.002787091555731062,synthetic,12.0,fixed_0.1,0.003,,0.04327017687538397,1000,,double,1.003861539738946,train
1.0,bump,0.0014649511606154555,train-double-bump-a1-noise0.003-k12-r0,0.21587428360311692,0.07792553481791692,0.0027885199773040625,,,0.0031112493776807052,synthetic,12.0,fixed_1,0.003,,0.048638145808810776,1000,,double,1.002611740706574,train
1.0,bump,0.0012361807950869775,train-double-bump-a1-noise0.003-k12-r0,0.20145610529165395,0.07454836813610753,0.0026676700302242524,,,0.0027530787445618626,synthetic,12.0,frozen_initial,0.003,,0.04289535026222508,1000,,double,1.0040364140657903,train
1.0,bump,,train-double-bump-a1-noise0.003-k12-r0,0.19680713542927683,0.07023883869847022,0.002513456023766531,,,0.0029114692351369215,synthetic,12.0,rexafs_direct,0.003,,0.04627582481382072,1000,,double,1.0008009558272188,train
1.0,bump,0.0010069155193920688,train-double-bump-a1-noise0.003-k12-r1,0.2185017053251629,0.08401599880257127,0.0030064636915428343,,,0.002481120231554324,synthetic,12.0,larch_dynamic,0.003,,0.06130022445136841,1001,,double,0.9969996763776316,train
1.0,bump,0.0010066547964984866,train-double-bump-a1-noise0.003-k12-r1,0.2185042796276022,0.08401366468600155,0.0030063801665378503,,,0.0024812514914356537,synthetic,12.0,fixed_0,0.003,,0.0612921825977536,1001,,double,0.9970015928644966,train
1.0,bump,0.0010066553163406817,train-double-bump-a1-noise0.003-k12-r1,0.21850427446484388,0.08401366934543335,0.0030063803332729096,,,0.0024812512283030135,synthetic,12.0,fixed_1e-06,0.003,,0.061292198661932015,1001,,double,0.9970015890374604,train
1.0,bump,0.0010066599949411527,train-double-bump-a1-noise0.003-k12-r1,0.21850422800282826,0.08401371128067785,0.0030063818339012634,,,0.0024812488602017416,synthetic,12.0,fixed_1e-05,0.003,,0.061292343240289926,1001,,double,0.9970015545941788,train
1.0,bump,0.0010067067816124937,train-double-bump-a1-noise0.003-k12-r1,0.21850376366125387,0.08401413065436927,0.003006396840945094,,,0.0024812251884053487,synthetic,12.0,fixed_0.0001,0.003,,0.061293789094479786,1001,,double,0.9970012101772372,train
1.0,bump,0.0010071747150570214,train-double-bump-a1-noise0.003-k12-r1,0.2184991480788481,0.08401832651772947,0.003006546987477027,,,0.0024809893913090067,synthetic,12.0,fixed_0.001,0.003,,0.06130825468478523,1001,,double,0.9969977675919323,train
1.0,bump,0.0010118604189858298,train-double-bump-a1-noise0.003-k12-r1,0.21845575149660107,0.08406049472405047,0.003008055952234317,,,0.002478722792038851,synthetic,12.0,fixed_0.01,0.003,,0.061453602316216056,1001,,double,0.9969634994203979,train
1.0,bump,0.0010590843510458806,train-double-bump-a1-noise0.003-k12-r1,0.2182749968472826,0.08450028883930705,0.0030237937290639436,,,0.0024645072417610603,synthetic,12.0,fixed_0.1,0.003,,0.06296424112990077,1001,,double,0.9966358866496396,train
1.0,bump,0.001466662044947353,train-double-bump-a1-noise0.003-k12-r1,0.2282506231595896,0.08921689249999393,0.0031925746500237164,,,0.0027217824881016765,synthetic,12.0,fixed_1,0.003,,0.07811039419205736,1001,,double,0.9943891864234358,train
1.0,bump,0.0010169560303134784,train-double-bump-a1-noise0.003-k12-r1,0.21841424645694915,0.0841066634778523,0.0030097080742583033,,,0.002476448688420379,synthetic,12.0,frozen_initial,0.003,,0.06161266633101494,1001,,double,0.9969266417840233,train
1.0,bump,,train-double-bump-a1-noise0.003-k12-r1,0.20881633014030604,0.08086196760835818,0.0028935985182122403,,,0.0026081241687868034,synthetic,12.0,rexafs_direct,0.003,,0.08010424851851947,1001,,double,0.992921984678591,train
1.0,bump,0.0010622694682025345,train-double-bump-a1-noise0.003-k12-r2,0.20734158010557155,0.08092109139369541,0.00289571422851095,,,0.002553307789247298,synthetic,12.0,larch_dynamic,0.003,,0.03987589748516854,1002,,double,1.001257144374741,train
1.0,bump,0.0010621508053432983,train-double-bump-a1-noise0.003-k12-r2,0.20733499551479367,0.08091948207216593,0.0028956566398752694,,,0.0025531228044395897,synthetic,12.0,fixed_0,0.003,,0.03987495084757821,1002,,double,1.0012581026544163,train
1.0,bump,0.0010621510420364354,train-double-bump-a1-noise0.003-k12-r2,0.20733500865471768,0.08091948528510069,0.0028956567548482724,,,0.0025531231736344506,synthetic,12.0,fixed_1e-06,0.003,,0.03987495273196435,1002,,double,1.0012581007409869,train
1.0,bump,0.0010621531722868447,train-double-bump-a1-noise0.003-k12-r2,0.20733512691413916,0.08091951420162541,0.0028956577896093044,,,0.002553126496390552,synthetic,12.0,fixed_1e-05,0.003,,0.03987496969200121,1002,,double,1.0012580835200877,train
1.0,bump,0.0010621744745271508,train-double-bump-a1-noise0.003-k12-r2,0.20733630951786566,0.08091980336379974,0.0028956681371096675,,,0.002553159724179461,synthetic,12.0,fixed_0.0001,0.003,,0.03987513934382737,1002,,double,1.0012579113190179,train
1.0,bump,0.0010623874706366047,train-double-bump-a1-noise0.003-k12-r2,0.20734813650889106,0.08092269468185749,0.0028957716012460847,,,0.002553492024900089,synthetic,12.0,fixed_0.001,0.003,,0.03987684100425584,1002,,double,1.0012561900986994,train
1.0,bump,0.001064514766144847,train-double-bump-a1-noise0.003-k12-r2,0.20746649800887312,0.08095157712204083,0.0028968051425831156,,,0.0025568171986441648,synthetic,12.0,fixed_0.01,0.003,,0.03989436644708759,1002,,double,1.0012390565708655,train
1.0,bump,0.001085489168922175,train-double-bump-a1-noise0.003-k12-r2,0.20865581347542939,0.08123699678848378,0.0029070187194761244,,,0.0025901796687377568,synthetic,12.0,fixed_0.1,0.003,,0.040115464990894696,1002,,double,1.0010752399606342,train
1.0,bump,0.0012559779965225354,train-double-bump-a1-noise0.003-k12-r2,0.21949285314399328,0.08363548056689352,0.002992847067615962,,,0.0028876995867421636,synthetic,12.0,fixed_1,0.003,,0.04406510857735356,1002,,double,0.999950708184537,train
1.0,bump,0.0010659425072652448,train-double-bump-a1-noise0.003-k12-r2,0.20754617914459042,0.08097096743289756,0.0028974990135885114,,,0.0025590552785330787,synthetic,12.0,frozen_initial,0.003,,0.03990666319526972,1002,,double,1.0012276147782033,train
1.0,bump,,train-double-bump-a1-noise0.003-k12-r2,0.2030601247430859,0.07655876472556228,0.0027396109038428647,,,0.0027573298005584964,synthetic,12.0,rexafs_direct,0.003,,0.04759032928988615,1002,,double,0.9981776398144939,train
0.3,polynomial,0.00034788626470344514,test-single-polynomial-a0.3-noise0-k10-r0,0.10204004713719092,0.03822840925535332,0.00036078499383072194,,,0.0006869346747248546,synthetic,10.0,larch_dynamic,0.0,,0.038202697131046175,5000,,single,1.00476802307976,test
0.3,polynomial,0.0003479149801207664,test-single-polynomial-a0.3-noise0-k10-r0,0.10215125629641518,0.038233668608956765,0.0003608346295831462,,,0.0006876980018497359,synthetic,10.0,fixed_0,0.0,,0.038246439818542345,5000,,single,1.0047629029810654,test
0.3,polynomial,0.00034791492089074723,test-single-polynomial-a0.3-noise0-k10-r0,0.10215102668314142,0.03823365775166316,0.0003608345271161935,,,0.0006876964260162651,synthetic,10.0,fixed_1e-06,0.0,,0.038246349485101874,5000,,single,1.0047629135660736,test
0.3,polynomial,0.00034791438790976215,test-single-polynomial-a0.3-noise0-k10-r0,0.10214896018706338,0.03823356004644267,0.00036083360501197674,,,0.0006876822436415348,synthetic,10.0,fixed_1e-05,0.0,,0.03824553649513158,5000,,single,1.0047630088306974,test
0.3,polynomial,0.00034790906651949166,test-single-polynomial-a0.3-noise0-k10-r0,0.10212829768194812,0.038232583983107686,0.00036082439330238294,,,0.0006875404334457044,synthetic,10.0,fixed_0.0001,0.0,,0.03823740773626533,5000,,single,1.0047639614061437,test
0.3,polynomial,0.00034785669341652956,test-single-polynomial-a0.3-noise0-k10-r0,0.10192191800491314,0.03822292211038135,0.00036073320827114926,,,0.0006861236850196573,synthetic,10.0,fixed_0.001,0.0,,0.0381562341799217,5000,,single,1.0047734801010544,test
0.3,polynomial,0.0003474159494706518,test-single-polynomial-a0.3-noise0-k10-r0,0.09988261523586814,0.03813606275953673,0.0003599134631923182,,,0.0006720910189895821,synthetic,10.0,fixed_0.01,0.0,,0.03735590417936499,5000,,single,1.004867966351678,test
0.3,polynomial,0.0003502355050825228,test-single-polynomial-a0.3-noise0-k10-r0,0.08191410144581997,0.038126965917803506,0.00035982761070584197,,,0.0005448151256331576,synthetic,10.0,fixed_0.1,0.0,,0.030504188699057553,5000,,single,1.005747638966388,test
0.3,polynomial,0.0005508969714986605,test-single-polynomial-a0.3-noise0-k10-r0,0.0880357791218495,0.05997130651049521,0.0005659860787008668,,,0.00044464374431462333,synthetic,10.0,fixed_1,0.0,,0.04106857759648637,5000,,single,1.010815105824259,test
0.3,polynomial,0.00034787367604312616,test-single-polynomial-a0.3-noise0-k10-r0,0.1019894528061827,0.03822606636271985,0.000360762882512967,,,0.00068658736198833,synthetic,10.0,frozen_initial,0.0,,0.0381827935560356,5000,,single,1.00477036439116,test
0.3,polynomial,,test-single-polynomial-a0.3-noise0-k10-r0,0.09227785127195533,0.0358778171117243,0.0003386010110661506,,,0.0006218460085063839,synthetic,10.0,rexafs_direct,0.0,,0.03520985832873354,5000,,single,1.0019108035713584,test
0.3,polynomial,0.0002576163229889149,test-single-polynomial-a0.3-noise0-k12-r0,0.07152320189956855,0.03098400876141837,0.0002638909446667619,,,0.0003860266836577516,synthetic,12.0,larch_dynamic,0.0,,0.02617441068465667,5000,,single,1.0040813823890364,test
0.3,polynomial,0.0002575816350699337,test-single-polynomial-a0.3-noise0-k12-r0,0.07157780954059316,0.03098046878147767,0.00026386079464137797,,,0.0003863430826175344,synthetic,12.0,fixed_0,0.0,,0.026196889960886347,5000,,single,1.0040792795519553,test
0.3,polynomial,0.0002575817042677358,test-single-polynomial-a0.3-noise0-k12-r0,0.07157770037145966,0.030980475840747514,0.0002638608547652116,,,0.0003863424501675239,synthetic,12.0,fixed_1e-06,0.0,,0.026196845026668646,5000,,single,1.0040792837539034,test
0.3,polynomial,0.0002575823270738077,test-single-polynomial-a0.3-noise0-k12-r0,0.0715767178604026,0.030980539377509074,0.0002638613959081011,,,0.00038633675816663926,synthetic,12.0,fixed_1e-05,0.0,,0.026196440623293238,5000,,single,1.004079321571678,test
0.3,polynomial,0.00025758855640907,test-single-polynomial-a0.3-noise0-k12-r0,0.07156689360877652,0.030981174917862363,0.0002638668088082037,,,0.0003862798417010559,synthetic,12.0,fixed_0.0001,0.0,,0.026192396959103553,5000,,single,1.004079699732092,test
0.3,polynomial,0.0002576509771465859,test-single-polynomial-a0.3-noise0-k12-r0,0.07146873705221403,0.030987547584628315,0.0002639210848402647,,,0.0003857110316025542,synthetic,12.0,fixed_0.001,0.0,,0.026151997295675238,5000,,single,1.0040834795986031,test
0.3,polynomial,0.0002582877507683839,test-single-polynomial-a0.3-noise0-k12-r0,0.07049577138186723,0.031052978730288363,0.0002644783622078196,,,0.00038005833362934275,synthetic,12.0,fixed_0.01,0.0,,0.025751704608733248,5000,,single,1.004121105292144,test
0.3,polynomial,0.0002657508455461976,test-single-polynomial-a0.3-noise0-k12-r0,0.06163278617274238,0.03185714893169556,0.0002713274834999119,,,0.0003270320513767368,synthetic,12.0,fixed_0.1,0.0,,0.022127042779963385,5000,,single,1.0044808320634853,test
0.3,polynomial,0.0003674842536773936,test-single-polynomial-a0.3-noise0-k12-r0,0.05535117025268155,0.04401231015764756,0.0003748530473865144,,,0.00019905651047633156,synthetic,12.0,fixed_1,0.0,,0.022890650783056642,5000,,single,1.0069488495830503,test
0.3,polynomial,0.0002576343010692109,test-single-polynomial-a0.3-noise0-k12-r0,0.0714949092973753,0.030985844331510304,0.0002639065782256501,,,0.00038586272339947243,synthetic,12.0,frozen_initial,0.0,,0.026162769086883673,5000,,single,1.0040824714636942,test
0.3,polynomial,,test-single-polynomial-a0.3-noise0-k12-r0,0.06643745310983314,0.02887427522993113,0.0002459223345070408,,,0.0003590404948779008,synthetic,12.0,rexafs_direct,0.0,,0.024926542451121306,5000,,single,1.001000552976618,test
0.3,polynomial,0.0003662090813691027,test-single-polynomial-a0.3-noise0.0003-k10-r0,0.13231492182766766,0.049470325978791196,0.0004668818713811017,,,0.0008466258028980274,synthetic,10.0,larch_dynamic,0.0003,,0.03717816183768347,5000,,single,1.0036292307816241,test
0.3,polynomial,0.0003662347647434505,test-single-polynomial-a0.3-noise0.0003-k10-r0,0.13242754418333622,0.04947713332659898,0.00046694611650624994,,,0.0008474336579006782,synthetic,10.0,fixed_0,0.0003,,0.03722299001433331,5000,,single,1.0036237259838954,test
0.3,polynomial,0.0003662347117855807,test-single-polynomial-a0.3-noise0.0003-k10-r0,0.1324273116267311,0.04947711927202033,0.0004669459838645533,,,0.0008474319899878423,synthetic,10.0,fixed_1e-06,0.0003,,0.03722289741542945,5000,,single,1.0036237373652648,test
0.3,polynomial,0.00036623423526793854,test-single-polynomial-a0.3-noise0.0003-k10-r0,0.13242521864297296,0.04947699279080908,0.0004669447901836256,,,0.0008474169789131946,synthetic,10.0,fixed_1e-05,0.0003,,0.03722206403883544,5000,,single,1.0036238397973738,test
0.3,polynomial,0.00036622947927230466,test-single-polynomial-a0.3-noise0.0003-k10-r0,0.1324042914126267,0.04947572888567984,0.00046693286193410805,,,0.0008472668826180562,synthetic,10.0,fixed_0.0001,0.0003,,0.03721373163306221,5000,,single,1.0036248640423258,test
0.3,polynomial,0.0003661828362751633,test-single-polynomial-a0.3-noise0.0003-k10-r0,0.13219527964641148,0.049463180431746884,0.00046681443446189633,,,0.0008457673634103907,synthetic,10.0,fixed_0.001,0.0003,,0.03713054358468517,5000,,single,1.0036350988995084,test
0.3,polynomial,0.00036580688309343143,test-single-polynomial-a0.3-noise0.0003-k10-r0,0.13013112815530514,0.049346650261789145,0.00046571466762701535,,,0.0008309158788992921,synthetic,10.0,fixed_0.01,0.0003,,0.03631229240122912,5000,,single,1.0037366939097117,test
0.3,polynomial,0.00036989939500540304,test-single-polynomial-a0.3-noise0.0003-k10-r0,0.1120096251931159,0.04897436283522455,0.0004622011623697294,,,0.0006961925281814969,synthetic,10.0,fixed_0.1,0.0003,,0.029530878854112017,5000,,single,1.0046825359464906,test
0.3,polynomial,0.0005916849075619149,test-single-polynomial-a0.3-noise0.0003-k10-r0,0.10116731988033958,0.06833346471813802,0.0006449049051998652,,,0.0004656923566832118,synthetic,10.0,fixed_1,0.0003,,0.047659663736277516,5000,,single,1.0101303478205754,test
0.3,polynomial,0.00036619778838508434,test-single-polynomial-a0.3-noise0.0003-k10-r0,0.13226304761601146,0.04946723409977729,0.0004668526914185375,,,0.0008462536379105638,synthetic,10.0,frozen_initial,0.0003,,0.03715750923158089,5000,,single,1.0036317794179987,test
0.3,polynomial,,test-single-polynomial-a0.3-noise0.0003-k10-r0,0.11941038004967969,0.045374380340750343,0.000428225914972332,,,0.0007665564566742813,synthetic,10.0,rexafs_direct,0.0003,,0.03623648624103507,5000,,single,1.000691044987755,test
0.3,polynomial,0.00036167772572071434,test-single-polynomial-a0.3-noise0.0003-k10-r1,0.11794869306091496,0.049263780221978214,0.0004649325721282927,,,0.0007465066357706937,synthetic,10.0,larch_dynamic,0.0003,,0.04881798423663442,5001,,single,1.0046048117010153,test
0.3,polynomial,0.00036165433035111223,test-single-polynomial-a0.3-noise0.0003-k10-r1,0.11803272936397767,0.04926557934726732,0.00046494955157941244,,,0.0007471128519363566,synthetic,10.0,fixed_0,0.0003,,0.04885767569971018,5001,,single,1.0046000407855613,test
0.3,polynomial,0.0003616543787579127,test-single-polynomial-a0.3-noise0.0003-k10-r1,0.11803255582051748,0.049265575636262715,0.000464949516556381,,,0.0007471116003129738,synthetic,10.0,fixed_1e-06,0.0003,,0.04885759373047629,5001,,single,1.0046000506481265,test
0.3,polynomial,0.00036165481448762984,test-single-polynomial-a0.3-noise0.0003-k10-r1,0.1180309939529139,0.049265542244133396,0.0004649492014143334,,,0.0007471003358380001,synthetic,10.0,fixed_1e-05,0.0003,,0.048856856016432325,5001,,single,1.0046001394108552,test
0.3,polynomial,0.00036165917816723516,test-single-polynomial-a0.3-noise0.0003-k10-r1,0.11801537771817042,0.04926520897252894,0.00046494605612536904,,,0.0007469877053698847,synthetic,10.0,fixed_0.0001,0.0003,,0.04884947982159743,5001,,single,1.004601026972075,test
0.3,polynomial,0.000361703452494629,test-single-polynomial-a0.3-noise0.0003-k10-r1,0.11785945932333292,0.04926194116920165,0.00046491521585693404,,,0.000745862827672454,synthetic,10.0,fixed_0.001,0.0003,,0.048775812358759205,5001,,single,1.0046098960082752,test
0.3,polynomial,0.00036220888689346924,test-single-polynomial-a0.3-noise0.0003-k10-r1,0.11632458106608087,0.04923566430964656,0.0004646672249832058,,,0.0007347562362438071,synthetic,10.0,fixed_0.01,0.0003,,0.04804855296439538,5001,,single,1.0046979336753497,test
0.3,polynomial,0.0003725401270631374,test-single-polynomial-a0.3-noise0.0003-k10-r1,0.1033204481479632,0.049528312332144796,0.00046742912423688234,,,0.0006374496352965927,synthetic,10.0,fixed_0.1,0.0003,,0.04168767520167936,5001,,single,1.0055175864613621,test
0.3,polynomial,0.0005742058913953614,test-single-polynomial-a0.3-noise0.0003-k10-r1,0.10702449344483185,0.06696111333927121,0.0006319531817721186,,,0.0005703688121890473,synthetic,10.0,fixed_1,0.0003,,0.03782464039885133,5001,,single,1.01024033746652,test
0.3,polynomial,0.00036168839602732534,test-single-polynomial-a0.3-noise0.0003-k10-r1,0.1179119776704989,0.04926302973397904,0.0004649254893117846,,,0.0007462417904216234,synthetic,10.0,frozen_initial,0.0003,,0.04880063015732516,5001,,single,1.0046069071474144,test
0.3,polynomial,,test-single-polynomial-a0.3-noise0.0003-k10-r1,0.10697777966722231,0.045728234176414466,0.0004315654511027605,,,0.0006862141672858301,synthetic,10.0,rexafs_direct,0.0003,,0.04672872324928488,5001,,single,1.0017858881517903,test
0.3,polynomial,0.0003221599316108908,test-single-polynomial-a0.3-noise0.0003-k10-r2,0.1120470026816866,0.046204805904819804,0.0004360631514110342,,,0.0007215271448792775,synthetic,10.0,larch_dynamic,0.0003,,0.046639761196811555,5002,,single,1.0023262332818856,test
0.3,polynomial,0.0003221779718183674,test-single-polynomial-a0.3-noise0.0003-k10-r2,0.11212943381833712,0.046208783496002326,0.000436100690383704,,,0.0007221140614750275,synthetic,10.0,fixed_0,0.0003,,0.04667642572546764,5002,,single,1.0023214104414429,test
0.3,polynomial,0.0003221779346036306,test-single-polynomial-a0.3-noise0.0003-k10-r2,0.11212926359247188,0.0462087752818572,0.00043610061286176804,,,0.0007221128497011544,synthetic,10.0,fixed_1e-06,0.0003,,0.046676350010495846,5002,,single,1.0023214204112436,test
0.3,polynomial,0.0003221775997572808,test-single-polynomial-a0.3-noise0.0003-k10-r2,0.11212773158560392,0.046208701362364865,0.0004360999152380869,,,0.000722101943887571,synthetic,10.0,fixed_1e-05,0.0003,,0.04667566858610037,5002,,single,1.002321510139096,test
0.3,polynomial,0.0003221742592526449,test-single-polynomial-a0.3-noise0.0003-k10-r2,0.11211241410404461,0.04620796289848146,0.00043609294590054947,,,0.0007219929009194875,synthetic,10.0,fixed_0.0001,0.0003,,0.04666885538174678,5002,,single,1.0023224073510537,test
0.3,polynomial,0.0003221416488020085,test-single-polynomial-a0.3-noise0.0003-k10-r2,0.11195949780121248,0.04620065124483053,0.00043602394133120624,,,0.0007209039866246074,synthetic,10.0,fixed_0.001,0.0003,,0.04660082721045317,5002,,single,1.002331372823987,test
0.3,polynomial,0.000321893923376147,test-single-polynomial-a0.3-noise0.0003-k10-r2,0.1104561044776317,0.04613474051372432,0.0004354019012521464,,,0.000710165911214256,synthetic,10.0,fixed_0.01,0.0003,,0.04593090190018336,5002,,single,1.0024203678818835,test
0.3,polynomial,0.00032619852044082887,test-single-polynomial-a0.3-noise0.0003-k10-r2,0.09791926109717217,0.04610754748723983,0.00043514526394801704,,,0.0006174661689552048,synthetic,10.0,fixed_0.1,0.0003,,0.040238482557511925,5002,,single,1.0032489454911733,test
0.3,polynomial,0.0005223860765717902,test-single-polynomial-a0.3-noise0.0003-k10-r2,0.1102014724756993,0.06337640359599431,0.0005981220727146059,,,0.0006125487516308912,synthetic,10.0,fixed_1,0.0003,,0.04288571385710371,5002,,single,1.008023812850226,test
0.3,polynomial,0.00032215226449660336,test-single-polynomial-a0.3-noise0.0003-k10-r2,0.1120099734548597,0.04620305254388491,0.00043604660386625273,,,0.0007212634883128266,synthetic,10.0,frozen_initial,0.0003,,0.04662328465050006,5002,,single,1.002328411727893,test
0.3,polynomial,,test-single-polynomial-a0.3-noise0.0003-k10-r2,0.09967386333320176,0.04202901893340047,0.00039665368326762825,,,0.000646723621572533,synthetic,10.0,rexafs_direct,0.0003,,0.04387983464076058,5002,,single,0.9999573890837946,test
0.3,polynomial,0.00026016443216304635,test-single-polynomial-a0.3-noise0.0003-k12-r0,0.1062639926776487,0.04374200456225463,0.0003725508533913406,,,0.00048548316416983445,synthetic,12.0,larch_dynamic,0.0003,,0.038916419977292505,5000,,single,1.002944027160865,test
0.3,polynomial,0.00026012232001669614,test-single-polynomial-a0.3-noise0.0003-k12-r0,0.10630099969761965,0.04373932813745833,0.00037252805826908043,,,0.00048573169378209296,synthetic,12.0,fixed_0,0.0003,,0.038932504420567116,5000,,single,1.002941895897373,test
0.3,polynomial,0.0002601224040486763,test-single-polynomial-a0.3-noise0.0003-k12-r0,0.10630092569698586,0.04373933347476265,0.0003725281037269258,,,0.00048573119688765466,synthetic,12.0,fixed_1e-06,0.0003,,0.038932472262436936,5000,,single,1.0029419001562312,test
0.3,polynomial,0.0002601231603655108,test-single-polynomial-a0.3-noise0.0003-k12-r0,0.10630025970025622,0.04373938151315004,0.00037252851287009135,,,0.0004857267248817182,synthetic,12.0,fixed_1e-05,0.0003,,0.03893218284313016,5000,,single,1.0029419384863634,test
0.3,polynomial,0.0002601307247317443,test-single-polynomial-a0.3-noise0.0003-k12-r0,0.10629360060676944,0.04373986202374649,0.0003725326053810442,,,0.000485682009155547,synthetic,12.0,fixed_0.0001,0.0003,,0.03892928902999799,5000,,single,1.002942321769755,test
0.3,polynomial,0.00026020648872208236,test-single-polynomial-a0.3-noise0.0003-k12-r0,0.10622709695790501,0.043744679847339145,0.00037257363880667017,,,0.0004852352846497183,synthetic,12.0,fixed_0.001,0.0003,,0.03890038885861015,5000,,single,1.0029461528410966,test
0.3,polynomial,0.0002609759844864379,test-single-polynomial-a0.3-noise0.0003-k12-r0,0.10557076187498829,0.043794115260559596,0.00037299468044770467,,,0.00048081124316672275,synthetic,12.0,fixed_0.01,0.0003,,0.03861517447630183,5000,,single,1.0029842880802287,test
0.3,polynomial,0.00026969222313824516,test-single-polynomial-a0.3-noise0.0003-k12-r0,0.09984990810059557,0.04440049901020802,0.0003781592536234182,,,0.0004408212490121318,synthetic,12.0,fixed_0.1,0.0003,,0.036132800778962394,5000,,single,1.003348871134669,test
0.3,polynomial,0.00037824002515437377,test-single-polynomial-a0.3-noise0.0003-k12-r0,0.0970409436674325,0.054119693597797065,0.00046093767848342794,,,0.00037007915005769586,synthetic,12.0,fixed_1,0.0003,,0.03595627597632352,5000,,single,1.0058491127398954,test
0.3,polynomial,0.00026018563258441716,test-single-polynomial-a0.3-noise0.0003-k12-r0,0.10624536899149818,0.04374335269018475,0.0003725623354031018,,,0.00048535805107505133,synthetic,12.0,frozen_initial,0.0003,,0.03890832924298487,5000,,single,1.002945099653529,test
0.3,polynomial,,test-single-polynomial-a0.3-noise0.0003-k12-r0,0.09444657261892923,0.03920157858650824,0.0003338800245403881,,,0.00043454956193771414,synthetic,12.0,rexafs_direct,0.0003,,0.03792432955820771,5000,,single,0.9997532752872521,test
0.3,polynomial,0.00027226116763556595,test-single-polynomial-a0.3-noise0.0003-k12-r1,0.11428575028117777,0.04647105045436239,0.0003957941497656956,,,0.0005140910981636632,synthetic,12.0,larch_dynamic,0.0003,,0.038435837333928795,5001,,single,1.003355413971746,test
0.3,polynomial,0.0002722080512977427,test-single-polynomial-a0.3-noise0.0003-k12-r1,0.11432380689822978,0.04646866598492848,0.00039577384122859544,,,0.0005143443638522298,synthetic,12.0,fixed_0,0.0003,,0.03845307920064216,5001,,single,1.0033532141908585,test
0.3,polynomial,0.00027220815727548844,test-single-polynomial-a0.3-noise0.0003-k12-r1,0.11432373079876143,0.04646867073912771,0.00039577388172013205,,,0.0005143438574480609,synthetic,12.0,fixed_1e-06,0.0003,,0.03845304472440386,5001,,single,1.0033532185867462,test
0.3,polynomial,0.00027220911109021324,test-single-polynomial-a0.3-noise0.0003-k12-r1,0.11432304591253348,0.04646871352864802,0.0003957742461586727,,,0.0005143392998565666,synthetic,12.0,fixed_1e-05,0.0003,,0.03845273444234651,5001,,single,1.0033532581496738,test
0.3,polynomial,0.0002722186503246914,test-single-polynomial-a0.3-noise0.0003-k12-r1,0.11431619792654646,0.04646914155523156,0.000395777891663047,,,0.0005142937283664878,synthetic,12.0,fixed_0.0001,0.0003,,0.03844963201950319,5001,,single,1.0033536537611305,test
0.3,polynomial,0.00027231415055666534,test-single-polynomial-a0.3-noise0.0003-k12-r1,0.11424780565649355,0.04647343488435774,0.0003958144579668974,,,0.0005138384558413754,synthetic,12.0,fixed_0.001,0.0003,,0.03841864754744228,5001,,single,1.0033576080584552,test
0.3,polynomial,0.0002732797647227927,test-single-polynomial-a0.3-noise0.0003-k12-r1,0.11357261275042392,0.04651766011122296,0.0003961911244268584,,,0.0005093298856277034,synthetic,12.0,fixed_0.01,0.0003,,0.038112771085455174,5001,,single,1.0033969701723502,test
0.3,polynomial,0.00028383316019140966,test-single-polynomial-a0.3-noise0.0003-k12-r1,0.10766424891974798,0.04707548205777236,0.00040094209650294674,,,0.0004685792090162785,synthetic,12.0,fixed_0.1,0.0003,,0.03544314388460104,5001,,single,1.003773307330635,test
0.3,polynomial,0.00040255695790893483,test-single-polynomial-a0.3-noise0.0003-k12-r1,0.10298330107873141,0.0566022535861801,0.0004820816532857484,,,0.00039213486564465,synthetic,12.0,fixed_1,0.0003,,0.035335961949599676,5001,,single,1.0063559319650963,test
0.3,polynomial,0.000272289072597433,test-single-polynomial-a0.3-noise0.0003-k12-r1,0.1142657361923994,0.04647230602991085,0.000395804843508398,,,0.0005139578402737809,synthetic,12.0,frozen_initial,0.0003,,0.038426770793504414,5001,,single,1.003356570781302,test
0.3,polynomial,,test-single-polynomial-a0.3-noise0.0003-k12-r1,0.10378952206962562,0.042455079927263974,0.00036159011037523685,,,0.0004703647707397954,synthetic,12.0,rexafs_direct,0.0003,,0.03703256110220179,5001,,single,1.0004000404439843,test
0.3,polynomial,0.00024083468366491,test-single-polynomial-a0.3-noise0.0003-k12-r2,0.10748443615432049,0.043829392427089116,0.00037329513623676427,,,0.00046823019040015764,synthetic,12.0,larch_dynamic,0.0003,,0.03684074631253779,5002,,single,1.0014039774140073,test
0.3,polynomial,0.00024080234545545968,test-single-polynomial-a0.3-noise0.0003-k12-r2,0.10751533379912351,0.04382763373738017,0.00037328015746845053,,,0.00046846412067104925,synthetic,12.0,fixed_0,0.0003,,0.036856528508453494,5002,,single,1.0014019745766267,test
0.3,polynomial,0.00024080240997198277,test-single-polynomial-a0.3-noise0.0003-k12-r2,0.10751527201324261,0.04382763724219997,0.00037328018731901683,,,0.00046846365303191274,synthetic,12.0,fixed_1e-06,0.0003,,0.036856496957996324,5002,,single,1.0014019785785857,test
0.3,polynomial,0.0002408029906445847,test-single-polynomial-a0.3-noise0.0003-k12-r2,0.10751471594864753,0.04382766878762068,0.00037328045599150956,,,0.00046845944432199007,synthetic,12.0,fixed_1e-05,0.0003,,0.0368562130074342,5002,,single,1.0014020145964495,test
0.3,polynomial,0.0002408087986271787,test-single-polynomial-a0.3-noise0.0003-k12-r2,0.1075091560946154,0.04382798436058525,0.0003732831437278956,,,0.00046841736122546745,synthetic,12.0,fixed_0.0001,0.0003,,0.03685337385207615,5002,,single,1.0014023747587124,test
0.3,polynomial,0.00024086700345718356,test-single-polynomial-a0.3-noise0.0003-k12-r2,0.1074536366827932,0.04383115191693431,0.00037331012181984215,,,0.0004679969302041049,synthetic,12.0,fixed_0.001,0.0003,,0.0368250172965439,5002,,single,1.0014059747262154,test
0.3,polynomial,0.00024146138507956667,test-single-polynomial-a0.3-noise0.0003-k12-r2,0.10690632480169615,0.043863997585873685,0.0003735898685327793,,,0.00046383254073051474,synthetic,12.0,fixed_0.01,0.0003,,0.036544943959178885,5002,,single,1.001441809671479,test
0.3,polynomial,0.000248481132294752,test-single-polynomial-a0.3-noise0.0003-k12-r2,0.10219055118019467,0.044297562039911344,0.00037728253897548837,,,0.00042610913883567314,synthetic,12.0,fixed_0.1,0.0003,,0.03408565199689732,5002,,single,1.001784416586147,test
0.3,polynomial,0.00034559343056005825,test-single-polynomial-a0.3-noise0.0003-k12-r2,0.10148100188949548,0.05240418934538819,0.00044632672090095594,,,0.00035140324743708544,synthetic,12.0,fixed_1,0.0003,,0.03288167183139948,5002,,single,1.004135041822572,test
0.3,polynomial,0.00024085055393800275,test-single-polynomial-a0.3-noise0.0003-k12-r2,0.10746929075936727,0.04383025579539896,0.00037330248954861735,,,0.0004681155102722363,synthetic,12.0,frozen_initial,0.0003,,0.03683301361717079,5002,,single,1.0014049590509222,test
0.3,polynomial,,test-single-polynomial-a0.3-noise0.0003-k12-r2,0.09601254872375885,0.039282634774928396,0.00033457038046876355,,,0.0004196884731025861,synthetic,12.0,rexafs_direct,0.0003,,0.03619556894406881,5002,,single,0.9989182883156976,test
0.3,polynomial,0.0007318794659143843,test-single-polynomial-a0.3-noise0.003-k10-r0,0.6922328243770113,0.2976564436200804,0.002809166802045445,,,0.0037893278674393737,synthetic,10.0,larch_dynamic,0.003,,0.19789061228695434,5000,,single,0.9933800963577867,test
0.3,polynomial,0.000731873629553685,test-single-polynomial-a0.3-noise0.003-k10-r0,0.6923251447151292,0.2976642330075114,0.0028092403152820914,,,0.003790087344990122,synthetic,10.0,fixed_0,0.003,,0.19789461693087515,5000,,single,0.9933711330091219,test
0.3,polynomial,0.0007318736418832527,test-single-polynomial-a0.3-noise0.003-k10-r0,0.6923249540329152,0.29766421692569944,0.0028092401635081473,,,0.0037900857763926805,synthetic,10.0,fixed_1e-06,0.003,,0.19789460853629978,5000,,single,0.9933711515580382,test
0.3,polynomial,0.0007318737529711218,test-single-polynomial-a0.3-noise0.003-k10-r0,0.6923232379181494,0.2976640721942043,0.0028092387975880745,,,0.003790071659199306,synthetic,10.0,fixed_1e-05,0.003,,0.19789453299464946,5000,,single,0.9933713184974827,test
0.3,polynomial,0.0007318748755505496,test-single-polynomial-a0.3-noise0.003-k10-r0,0.6923060792720386,0.2976626253498622,0.0028092251428287677,,,0.0037899305055216015,synthetic,10.0,fixed_0.0001,0.003,,0.19789377851737092,5000,,single,0.9933729877678296,test
0.3,polynomial,0.0007318872697562158,test-single-polynomial-a0.3-noise0.003-k10-r0,0.6921347427071827,0.2976482039096329,0.0028090890388337156,,,0.0037885207926023827,synthetic,10.0,fixed_0.001,0.003,,0.19788632754708213,5000,,single,0.9933896680856446,test
0.3,polynomial,0.0007321262845469915,test-single-polynomial-a0.3-noise0.003-k10-r0,0.690446123482837,0.2975086299968465,0.0028077717940347704,,,0.0037746044357290314,synthetic,10.0,fixed_0.01,0.003,,0.19782106668390598,5000,,single,0.993555241932112,test
0.3,polynomial,0.0007443618289212819,test-single-polynomial-a0.3-noise0.003-k10-r0,0.6758097405749064,0.2965226030119003,0.002798466051352555,,,0.003652017093567726,synthetic,10.0,fixed_0.1,0.003,,0.19797330128387286,5000,,single,0.9950966087674817,test
0.3,polynomial,0.0010854037207889582,test-single-polynomial-a0.3-noise0.003-k10-r0,0.6345487391198008,0.3018971354283116,0.0028491888170252186,,,0.0032459829624080093,synthetic,10.0,fixed_1,0.003,,0.2238547222161009,5000,,single,1.0039675257874645,test
0.3,polynomial,0.0007318834904167601,test-single-polynomial-a0.3-noise0.003-k10-r0,0.6921839376544863,0.29765233983067807,0.0028091280720626104,,,0.003788925599081144,synthetic,10.0,frozen_initial,0.003,,0.1978884514798462,5000,,single,0.993384876534,test
0.3,polynomial,,test-single-polynomial-a0.3-noise0.003-k10-r0,0.6054956088483922,0.2583863845221745,0.0024385511184387286,,,0.0033091185205913905,synthetic,10.0,rexafs_direct,0.003,,0.1991042156020643,5000,,single,0.9897276004792898,test
0.3,polynomial,0.0008730770361779497,test-single-polynomial-a0.3-noise0.003-k10-r1,0.6635696613294905,0.30935590940460267,0.0029195818513010055,,,0.0031923238878900635,synthetic,10.0,larch_dynamic,0.003,,0.21536837795415606,5001,,single,1.0031359073540922,test
0.3,polynomial,0.0008730109400798384,test-single-polynomial-a0.3-noise0.003-k10-r1,0.6635716680349064,0.30935502370555623,0.002919573492414742,,,0.0031923371175235395,synthetic,10.0,fixed_0,0.003,,0.2153767969060867,5001,,single,1.0031342810259924,test
0.3,polynomial,0.0008730110766290622,test-single-polynomial-a0.3-noise0.003-k10-r1,0.6635716638903947,0.3093550255358125,0.0029195735096879958,,,0.0031923370902327596,synthetic,10.0,fixed_1e-06,0.003,,0.21537677951924405,5001,,single,1.0031342843865803,test
0.3,polynomial,0.0008730123055675793,test-single-polynomial-a0.3-noise0.003-k10-r1,0.6635716265905617,0.30935504200832026,0.0029195736651491757,,,0.0031923368446210754,synthetic,10.0,fixed_1e-05,0.003,,0.2153766230389451,5001,,single,1.0031343146321512,test
0.3,polynomial,0.0008730245942834205,test-single-polynomial-a0.3-noise0.003-k10-r1,0.6635712536695187,0.3093552067327366,0.0029195752197547346,,,0.003192334389104286,synthetic,10.0,fixed_0.0001,0.003,,0.21537505837249318,5001,,single,1.0031346170653077,test
0.3,polynomial,0.0008731474144037797,test-single-polynomial-a0.3-noise0.003-k10-r1,0.6635675321559535,0.30935685392000417,0.0029195907652733613,,,0.0031923098933733167,synthetic,10.0,fixed_0.001,0.003,,0.21535942531586683,5001,,single,1.0031376391734337,test
0.3,polynomial,0.0008743689414503218,test-single-polynomial-a0.3-noise0.003-k10-r1,0.6635310774398397,0.30937331931154954,0.002919746159293224,,,0.0031920708066671345,synthetic,10.0,fixed_0.01,0.003,,0.21520444416537957,5001,,single,1.0031676395884017,test
0.3,polynomial,0.0008859459295461292,test-single-polynomial-a0.3-noise0.003-k10-r1,0.6632341476479456,0.30953663549507504,0.002921287474493449,,,0.003190200206679225,synthetic,10.0,fixed_0.1,0.003,,0.2137790236606611,5001,,single,1.0034471139161174,test
0.3,polynomial,0.0009595820562076022,test-single-polynomial-a0.3-noise0.003-k10-r1,0.6630282368630546,0.3108358314331698,0.002933548785064324,,,0.0031920848916773734,synthetic,10.0,fixed_1,0.003,,0.2062151785473678,5001,,single,1.0050674222468885,test
0.3,polynomial,0.0008730981773541541,test-single-polynomial-a0.3-noise0.003-k10-r1,0.6635690228281313,0.30935619339948045,0.002919584531535214,,,0.0031923197033541916,synthetic,10.0,frozen_initial,0.003,,0.21536569130545796,5001,,single,1.003136427773218,test
0.3,polynomial,,test-single-polynomial-a0.3-noise0.003-k10-r1,0.5986327515527071,0.27913887392876136,0.0026344051157242447,,,0.0029861244969478745,synthetic,10.0,rexafs_direct,0.003,,0.22135212108324878,5001,,single,1.0006922296268934,test
0.3,polynomial,0.0004351000498679079,test-single-polynomial-a0.3-noise0.003-k10-r2,0.6085145563095445,0.30010204216390807,0.0028322474186008853,,,0.003281369932963607,synthetic,10.0,larch_dynamic,0.003,,0.17857059167640124,5002,,single,0.9803501219899065,test
0.3,polynomial,0.00043507388969337633,test-single-polynomial-a0.3-noise0.003-k10-r2,0.6085117537374796,0.3001022407051632,0.002832249292356736,,,0.0032813412655644295,synthetic,10.0,fixed_0,0.003,,0.17857776398413414,5002,,single,0.9803479775848286,test
0.3,polynomial,0.0004350739437297002,test-single-polynomial-a0.3-noise0.003-k10-r2,0.6085117595296089,0.3001022402949879,0.0028322492884856596,,,0.003281341324862438,synthetic,10.0,fixed_1e-06,0.003,,0.17857774918616393,5002,,single,0.9803479820178214,test
0.3,polynomial,0.0004350744300681384,test-single-polynomial-a0.3-noise0.003-k10-r2,0.6085118116590185,0.30010223660360597,0.002832249253647819,,,0.0032813418585430436,synthetic,10.0,fixed_1e-05,0.003,,0.17857761600529923,5002,,single,0.9803480219147708,test
0.3,polynomial,0.0004350792941756251,test-single-polynomial-a0.3-noise0.003-k10-r2,0.6085123330083989,0.30010219971319085,0.0028322489054902994,,,0.0032813471956500743,synthetic,10.0,fixed_0.0001,0.003,,0.1785762843467147,5002,,single,0.9803484208549721,test
0.3,polynomial,0.00043512800767969327,test-single-polynomial-a0.3-noise0.003-k10-r2,0.6085175519840555,0.3001018331429958,0.002832245445942069,,,0.0032814005962532073,synthetic,10.0,fixed_0.001,0.003,,0.17856298269052384,5002,,single,0.9803524073306649,test
0.3,polynomial,0.00043562223863993955,test-single-polynomial-a0.3-noise0.003-k10-r2,0.6085702789726777,0.3000983976107476,0.0028322130227127185,,,0.00328193748258401,synthetic,10.0,fixed_0.01,0.003,,0.17843144485608506,5002,,single,0.9803919816537942,test
0.3,polynomial,0.00044114369546881883,test-single-polynomial-a0.3-noise0.003-k10-r2,0.6091415022435549,0.3000841505969736,0.0028320785648873296,,,0.0032875293639097014,synthetic,10.0,fixed_0.1,0.003,,0.1772508039323499,5002,,single,0.9807607042141739,test
0.3,polynomial,0.000502005084169129,test-single-polynomial-a0.3-noise0.003-k10-r2,0.6152552715573392,0.30063233637582126,0.002837252131004574,,,0.003340509423795648,synthetic,10.0,fixed_1,0.003,,0.17209767730264625,5002,,single,0.9829021760841268,test
0.3,polynomial,0.0004351111263301505,test-single-polynomial-a0.3-noise0.003-k10-r2,0.60851574384973,0.3001019595836961,0.00283224663924067,,,0.003281382100866449,synthetic,10.0,frozen_initial,0.003,,0.1785675851591285,5002,,single,0.9803510276630532,test
0.3,polynomial,,test-single-polynomial-a0.3-noise0.003-k10-r2,0.5112463881476992,0.2553666508561168,0.002410052035863733,,,0.002742593554237321,synthetic,10.0,rexafs_direct,0.003,,0.16873919298185489,5002,,single,0.982386341691864,test
0.3,polynomial,0.0005967628637299824,test-single-polynomial-a0.3-noise0.003-k12-r0,0.7992008216203987,0.31776748180070197,0.0027064270992972254,,,0.0030371302020439916,synthetic,12.0,larch_dynamic,0.003,,0.28129857207383746,5000,,single,0.992707828193822,test
0.3,polynomial,0.0005967097300918065,test-single-polynomial-a0.3-noise0.003-k12-r0,0.7992059720675253,0.3177668799286134,0.0027064219731498876,,,0.0030371640689147153,synthetic,12.0,fixed_0,0.003,,0.28130212201543886,5000,,single,0.992705443005947,test
0.3,polynomial,0.0005967098362616353,test-single-polynomial-a0.3-noise0.003-k12-r0,0.7992059617536225,0.3177668811291817,0.002706421983375133,,,0.0030371640010487537,synthetic,12.0,fixed_1e-06,0.003,,0.2813021149115843,5000,,single,0.9927054477771361,test
0.3,polynomial,0.0005967107917992345,test-single-polynomial-a0.3-noise0.003-k12-r0,0.7992058689302989,0.31776689193456326,0.0027064220754046174,,,0.0030371633902674606,synthetic,12.0,fixed_1e-05,0.003,,0.2813020509778159,5000,,single,0.9927054907181847,test
0.3,polynomial,0.000596720347569734,test-single-polynomial-a0.3-noise0.003-k12-r0,0.7992049408739893,0.3177670000097967,0.002706422995881876,,,0.0030371572836542285,synthetic,12.0,fixed_0.0001,0.003,,0.2813014117330006,5000,,single,0.9927059201085626,test
0.3,polynomial,0.0005968159449216305,test-single-polynomial-a0.3-noise0.003-k12-r0,0.7991956779758121,0.3177680829020885,0.0027064322188804905,,,0.0030370963373193265,synthetic,12.0,fixed_0.001,0.003,,0.2812950285592405,5000,,single,0.9927102120233903,test
0.3,polynomial,0.0005977758112196881,test-single-polynomial-a0.3-noise0.003-k12-r0,0.7991048013531985,0.317779123595564,0.0027065262525174365,,,0.0030364987585216707,synthetic,12.0,fixed_0.01,0.003,,0.2812321172300672,5000,,single,0.9927529331728638,test
0.3,polynomial,0.0006076976595885023,test-single-polynomial-a0.3-noise0.003-k12-r0,0.798357976624426,0.3179086331457897,0.002707629285950444,,,0.003031621701263475,synthetic,12.0,fixed_0.1,0.003,,0.28068841663035027,5000,,single,0.9931612227752605,test
0.3,polynomial,0.0007069808123842736,test-single-polynomial-a0.3-noise0.003-k12-r0,0.7992088956561133,0.3199538781384427,0.002725048646929267,,,0.0030392567768041533,synthetic,12.0,fixed_1,0.003,,0.27980587395792794,5000,,single,0.9959514811513883,test
0.3,polynomial,0.0005967894662852537,test-single-polynomial-a0.3-noise0.003-k12-r0,0.7991982397094252,0.3177677826540629,0.0027064296616666796,,,0.003037113191899367,synthetic,12.0,frozen_initial,0.003,,0.28129679440774813,5000,,single,0.9927090239306955,test
0.3,polynomial,,test-single-polynomial-a0.3-noise0.003-k12-r0,0.6859076198303764,0.2740720509206667,0.0023342729141708637,,,0.0025495018848827045,synthetic,12.0,rexafs_direct,0.003,,0.28052957502811676,5000,,single,0.98853924134265,test
0.3,polynomial,0.0007342082368377035,test-single-polynomial-a0.3-noise0.003-k12-r1,0.8708202330464321,0.3425393619754232,0.002917409316311669,,,0.003119144519768441,synthetic,12.0,larch_dynamic,0.003,,0.25110613789665526,5001,,single,0.9968216969270953,test
0.3,polynomial,0.0007340930430955494,test-single-polynomial-a0.3-noise0.003-k12-r1,0.870830996479318,0.3425390542846206,0.0029174066957076933,,,0.003119212403410698,synthetic,12.0,fixed_0,0.003,,0.2511121577570063,5001,,single,0.9968186259412553,test
0.3,polynomial,0.000734093272907993,test-single-polynomial-a0.3-noise0.003-k12-r1,0.8708309749395101,0.34253905489668807,0.002917406700920675,,,0.0031192122673861663,synthetic,12.0,fixed_1e-06,0.003,,0.25111214569901125,5001,,single,0.9968186320823179,test
0.3,polynomial,0.0007340953412211594,test-single-polynomial-a0.3-noise0.003-k12-r1,0.8708307810841334,0.3425390604058023,0.0029174067478418262,,,0.0031192110431852373,synthetic,12.0,fixed_1e-05,0.003,,0.2511120371787541,5001,,single,0.9968186873518974,test
0.3,polynomial,0.0007341160243187447,test-single-polynomial-a0.3-noise0.003-k12-r1,0.8708288428176802,0.342539115534719,0.002917407217375062,,,0.0031191988031686224,synthetic,12.0,fixed_0.0001,0.003,,0.25111095214038187,5001,,single,0.9968192400224062,test
0.3,polynomial,0.000734322851552487,test-single-polynomial-a0.3-noise0.003-k12-r1,0.8708094888527101,0.34253967059998414,0.00291741194486847,,,0.0031190766020295453,synthetic,12.0,fixed_0.001,0.003,,0.2511001181594729,5001,,single,0.9968247641971918,test
0.3,polynomial,0.0007363906827938346,test-single-polynomial-a0.3-noise0.003-k12-r1,0.8706187973204156,0.3425455952764409,0.0029174624053650137,,,0.0031178743423006384,synthetic,12.0,fixed_0.01,0.003,,0.25099340638714185,5001,,single,0.9968797540942661,test
0.3,polynomial,0.0007569643357081707,test-single-polynomial-a0.3-noise0.003-k12-r1,0.8689761204809208,0.3426388864967736,0.0029182569671162796,,,0.0031076841538269884,synthetic,12.0,fixed_0.1,0.003,,0.250077515771524,5001,,single,0.9974055847349842,test
0.3,polynomial,0.0009298382149151073,test-single-polynomial-a0.3-noise0.003-k12-r1,0.8666075003346835,0.3450642982532644,0.002938914210165578,,,0.0031024593958893696,synthetic,12.0,fixed_1,0.003,,0.24899058752423614,5001,,single,1.0010196734035022,test
0.3,polynomial,0.0007342794987000837,test-single-polynomial-a0.3-noise0.003-k12-r1,0.8708135413516206,0.3425395536834781,0.0029174109490900523,,,0.003119102186868032,synthetic,12.0,frozen_initial,0.003,,0.2511023866203387,5001,,single,0.996823606646124,test
0.3,polynomial,,test-single-polynomial-a0.3-noise0.003-k12-r1,0.77483187912575,0.30671448380209804,0.0026122886646707984,,,0.002790576634789423,synthetic,12.0,rexafs_direct,0.003,,0.24227523427308184,5001,,single,0.994997845591988,test
0.3,polynomial,0.0004454630868663282,test-single-polynomial-a0.3-noise0.003-k12-r2,0.8406175721856257,0.33817038088077755,0.0028801986842990385,,,0.003060094205951921,synthetic,12.0,larch_dynamic,0.003,,0.2642819299901733,5002,,single,0.9773073317032426,test
0.3,polynomial,0.00044546155166783855,test-single-polynomial-a0.3-noise0.003-k12-r2,0.8406173903944792,0.3381706564118393,0.0028802010309983547,,,0.003060102883396502,synthetic,12.0,fixed_0,0.003,,0.2642835315825471,5002,,single,0.9773062297987104,test
0.3,polynomial,0.00044546155476758427,test-single-polynomial-a0.3-noise0.003-k12-r2,0.8406173907535115,0.338170655860855,0.0028802010263056193,,,0.00306010286605863,synthetic,12.0,fixed_1e-06,0.003,,0.2642835283810225,5002,,single,0.9773062320007654,test
0.3,polynomial,0.0004454615826681247,test-single-polynomial-a0.3-noise0.003-k12-r2,0.8406173939850949,0.33817065090210374,0.002880200984071912,,,0.003060102710020146,synthetic,12.0,fixed_1e-05,0.003,,0.2642834995675907,5002,,single,0.9773062518195406,test
0.3,polynomial,0.0004454618619230627,test-single-polynomial-a0.3-noise0.003-k12-r2,0.8406174263263195,0.3381706013220998,0.0028802005617987914,,,0.003060101149898739,synthetic,12.0,fixed_0.0001,0.003,,0.2642832114606828,5002,,single,0.9773064499981448,test
0.3,polynomial,0.0004454646792199536,test-single-polynomial-a0.3-noise0.003-k12-r2,0.8406177522713453,0.3381701062748154,0.0028801963454788003,,,0.0030600855749549293,synthetic,12.0,fixed_0.001,0.003,,0.2642803331292437,5002,,single,0.9773084308746566,test
0.3,polynomial,0.0004454953031877395,test-single-polynomial-a0.3-noise0.003-k12-r2,0.8406212626134956,0.33816523048987535,0.002880154818396113,,,0.0030599324317141068,synthetic,12.0,fixed_0.01,0.003,,0.264251821696666,5002,,single,0.9773281490854717,test
0.3,polynomial,0.00044602455687335374,test-single-polynomial-a0.3-noise0.003-k12-r2,0.8406792103721076,0.338123389676168,0.0028797984599939486,,,0.003058642084314823,synthetic,12.0,fixed_0.1,0.003,,0.263992107926289,5002,,single,0.9775166772900188,test
0.3,polynomial,0.0004609497214884119,test-single-polynomial-a0.3-noise0.003-k12-r2,0.8422660423130012,0.33806968953552824,0.002879341095649932,,,0.0030582874563408703,synthetic,12.0,fixed_1,0.003,,0.2628430206312757,5002,,single,0.9788107719779865,test
0.3,polynomial,0.0004454635711729188,test-single-polynomial-a0.3-noise0.003-k12-r2,0.8406176241480986,0.3381702998736598,0.0028801979943610455,,,0.0030600916653105215,synthetic,12.0,frozen_initial,0.003,,0.2642814591171166,5002,,single,0.977307655755497,test
0.3,polynomial,,test-single-polynomial-a0.3-noise0.003-k12-r2,0.7213212592487748,0.28973504110683884,0.0024676746733932543,,,0.0025768036233181964,synthetic,12.0,rexafs_direct,0.003,,0.26317073273546215,5002,,single,0.9801894365944228,test
1.0,polynomial,0.0011577224472392425,test-single-polynomial-a1-noise0-k10-r0,0.10180700334483958,0.038154776716481875,0.0012003002610195199,,,0.0022848282606967715,synthetic,10.0,larch_dynamic,0.0,,0.03826161478130622,5000,,single,1.004753655985167,test
1.0,polynomial,0.0011578202332189797,test-single-polynomial-a1-noise0-k10-r0,0.10191800620666742,0.038160084126535945,0.001200467225321803,,,0.002287367983556845,synthetic,10.0,fixed_0,0.0,,0.03830525973693118,5000,,single,1.0047485561509246,test
1.0,polynomial,0.0011578200355612481,test-single-polynomial-a1-noise0-k10-r0,0.1019177772576508,0.03816007329893466,0.001200466884699376,,,0.0022873627461374706,synthetic,10.0,fixed_1e-06,0.0,,0.038305169679496376,5000,,single,1.0047485667211344,test
1.0,polynomial,0.0011578182569323052,test-single-polynomial-a1-noise0-k10-r0,0.10191571674141575,0.03815997586075368,0.0012004638194193739,,,0.0022873156098219094,synthetic,10.0,fixed_1e-05,0.0,,0.03830435917411784,5000,,single,1.004748661852432,test
1.0,polynomial,0.0011578004986734023,test-single-polynomial-a1-noise0-k10-r0,0.10189511403514118,0.0381590024666782,0.001200433197692203,,,0.002286844291854665,synthetic,10.0,fixed_0.0001,0.0,,0.03829625525959861,5000,,single,1.0047496130948046,test
1.0,polynomial,0.0011576257157341811,test-single-polynomial-a1-noise0-k10-r0,0.10168933254618731,0.03814936719099218,0.0012001300842968117,,,0.0022821356295039713,synthetic,10.0,fixed_0.001,0.0,,0.038215330044217975,5000,,single,1.004759118468887,test
1.0,polynomial,0.0011561542121576436,test-single-polynomial-a1-noise0-k10-r0,0.09965603208491015,0.03806276428630954,0.0011974056681675275,,,0.0022354989679252164,synthetic,10.0,fixed_0.01,0.0,,0.037417472739347014,5000,,single,1.004853472491566,test
1.0,polynomial,0.0011655042812043104,test-single-polynomial-a1-noise0-k10-r0,0.08175021803756277,0.03805535759843158,0.0011971726632816842,,,0.001812711072770092,synthetic,10.0,fixed_0.1,0.0,,0.03058885794767345,5000,,single,1.0057319140012868,test
1.0,polynomial,0.0018334162327845883,test-single-polynomial-a1-noise0-k10-r0,0.08816968966782963,0.05988192552263405,0.0018838084512789299,,,0.0014879767807573743,synthetic,10.0,fixed_1,0.0,,0.0410545999341982,5000,,single,1.0107922855552234,test
1.0,polynomial,0.0011568643083944422,test-single-polynomial-a1-noise0-k10-r0,0.10071765205031522,0.038106020919159024,0.0011987664662685324,,,0.002259874299193879,synthetic,10.0,frozen_initial,0.0,,0.037833642561116126,5000,,single,1.0048041090364532,test
1.0,polynomial,,test-single-polynomial-a1-noise0-k10-r0,0.053578915028998315,0.037000127968090886,0.0011639764946827908,,,0.0010778531674350818,synthetic,10.0,rexafs_direct,0.0,,0.021782095456963028,5000,,single,1.003669868382307,test
1.0,polynomial,0.0008598703961608629,test-single-polynomial-a1-noise0-k12-r0,0.07185661846699411,0.031036606679190035,0.0008811297379118587,,,0.0012928354546390367,synthetic,12.0,larch_dynamic,0.0,,0.02611652492008261,5000,,single,1.004101873180779,test
1.0,polynomial,0.0008597549415044603,test-single-polynomial-a1-noise0-k12-r0,0.07191147381223838,0.031033086116198347,0.0008810297890747249,,,0.0012938943856668698,synthetic,12.0,fixed_0,0.0,,0.026139105723151736,5000,,single,1.004099768180158,test
1.0,polynomial,0.000859755172018563,test-single-polynomial-a1-noise0-k12-r0,0.07191136391923675,0.031033093142811878,0.0008810299885603902,,,0.0012938922645504439,synthetic,12.0,fixed_1e-06,0.0,,0.026139060506545252,5000,,single,1.0040997723934417,test
1.0,polynomial,0.000859757246696618,test-single-polynomial-a1-noise0-k12-r0,0.07191037489114528,0.031033156384369945,0.0008810317839891903,,,0.0012938731746262352,synthetic,12.0,fixed_1e-05,0.0,,0.026138653560891588,5000,,single,1.0040998103128906,test
1.0,polynomial,0.0008597779977538492,test-single-polynomial-a1-noise0-k12-r0,0.0719004854674276,0.031033788973836293,0.0008810497432138069,,,0.0012936822871577752,synthetic,12.0,fixed_0.0001,0.0,,0.02613458447425527,5000,,single,1.0041001894899846,test
1.0,polynomial,0.0008599859352883053,test-single-polynomial-a1-noise0-k12-r0,0.07180167693455844,0.03104013223002261,0.0008812298283538716,,,0.001291774589283104,synthetic,12.0,fixed_0.001,0.0,,0.026093930594783685,5000,,single,1.0041039795185023,test
1.0,polynomial,0.0008621074302477203,test-single-polynomial-a1-noise0-k12-r0,0.07082216546203023,0.031105279025393576,0.000883079346870002,,,0.0012728151036040358,synthetic,12.0,fixed_0.01,0.0,,0.025691096670361766,5000,,single,1.0041417063671874,test
1.0,polynomial,0.0008869943945850064,test-single-polynomial-a1-noise0-k12-r0,0.061890802190211265,0.0319075056574974,0.0009058545732147526,,,0.0010948277560322564,synthetic,12.0,fixed_0.1,0.0,,0.0220413069628475,5000,,single,1.0045024002765484,test
1.0,polynomial,0.0012269116830732009,test-single-polynomial-a1-noise0-k12-r0,0.05511000585280043,0.04408080607082841,0.0012514547579769806,,,0.0006549467859260835,synthetic,12.0,fixed_1,0.0,,0.02285162025631545,5000,,single,1.0069770550809474,test
1.0,polynomial,0.0008612581624777643,test-single-polynomial-a1-noise0-k12-r0,0.07120822235876438,0.031079108812570127,0.0008823363741280209,,,0.0012802982184969556,synthetic,12.0,frozen_initial,0.0,,0.025849826902649604,5000,,single,1.0041268027820451,test
1.0,polynomial,,test-single-polynomial-a1-noise0-k12-r0,0.04166571192054615,0.03091323147539023,0.0008776271139906092,,,0.0006571000597048724,synthetic,12.0,rexafs_direct,0.0,,0.01501155748065995,5000,,single,1.0018594917512063,test
1.0,polynomial,0.0011732183556443009,test-single-polynomial-a1-noise0.0003-k10-r0,0.10750444787354094,0.03962995440988508,0.0012467074562076694,,,0.0023951959910870095,synthetic,10.0,larch_dynamic,0.0003,,0.03672983095997166,5000,,single,1.0044120174363242,test
1.0,polynomial,0.0011733134769178375,test-single-polynomial-a1-noise0.0003-k10-r0,0.10761909214733778,0.03963604771172519,0.0012468991436559674,,,0.0023978320728923956,synthetic,10.0,fixed_0,0.0003,,0.036775306323199856,5000,,single,1.004406803051764,test
1.0,polynomial,0.001173313284912991,test-single-polynomial-a1-noise0.0003-k10-r0,0.10761885566208322,0.03963603526164885,0.0012468987519925593,,,0.0023978266361332178,synthetic,10.0,fixed_1e-06,0.0003,,0.03677521247417444,5000,,single,1.004406813860889,test
1.0,polynomial,0.001173311557168481,test-single-polynomial-a1-noise0.0003-k10-r0,0.10761672731909137,0.0396359232213027,0.001246895227347199,,,0.002397777705742543,synthetic,10.0,fixed_1e-05,0.0003,,0.03677436784464338,5000,,single,1.0044069111424336,test
1.0,polynomial,0.0011732943085858696,test-single-polynomial-a1-noise0.0003-k10-r0,0.10759544634157782,0.03963480381906687,0.001246860012390869,,,0.0023972884467309665,synthetic,10.0,fixed_0.0001,0.0003,,0.03676592272274256,5000,,single,1.0044078838856558,test
1.0,polynomial,0.0011731247053317687,test-single-polynomial-a1-noise0.0003-k10-r0,0.10738288169295361,0.0396237098063621,0.0012465110090027942,,,0.002392400342694108,synthetic,10.0,fixed_0.001,0.0003,,0.03668158883473783,5000,,single,1.0044176041084232,test
1.0,polynomial,0.0011717131587557408,test-single-polynomial-a1-noise0.0003-k10-r0,0.10528169271092809,0.03952265565300059,0.0012433319751544703,,,0.002343965890020954,synthetic,10.0,fixed_0.01,0.0003,,0.03584999505993958,5000,,single,1.0045140907589765,test
1.0,polynomial,0.0011823474486250321,test-single-polynomial-a1-noise0.0003-k10-r0,0.08667833887118058,0.03938588152245609,0.001239029236710653,,,0.0019025925748027267,synthetic,10.0,fixed_0.1,0.0003,,0.02873238140572874,5000,,single,1.0054123830953228,test
1.0,polynomial,0.0018723961699949271,test-single-polynomial-a1-noise0.0003-k10-r0,0.08747174489540208,0.06105532894361421,0.001920722215522642,,,0.0014189144870785733,synthetic,10.0,fixed_1,0.0003,,0.04194372968072478,5000,,single,1.0105868581541164,test
1.0,polynomial,0.0011723861832664939,test-single-polynomial-a1-noise0.0003-k10-r0,0.10637338958402288,0.03957319720105474,0.0012449219473294488,,,0.0023691572350114576,synthetic,10.0,frozen_initial,0.0003,,0.03628158662926326,5000,,single,1.0044638672414519,test
1.0,polynomial,,test-single-polynomial-a1-noise0.0003-k10-r0,0.056113654430498525,0.037991877851440044,0.0011951756719888358,,,0.001109884191241777,synthetic,10.0,rexafs_direct,0.0003,,0.020362521427338683,5000,,single,1.0033447344688617,test
1.0,polynomial,0.0011656768240548823,test-single-polynomial-a1-noise0.0003-k10-r1,0.10245149825843541,0.03934586384473515,0.0012377703319771576,,,0.002297202037371463,synthetic,10.0,larch_dynamic,0.0003,,0.04071859729463295,5001,,single,1.0047046928877708,test
1.0,polynomial,0.001165718626825842,test-single-polynomial-a1-noise0.0003-k10-r1,0.10255750061620061,0.03935011504975998,0.0012379040694260458,,,0.0022996213637227767,synthetic,10.0,fixed_0,0.0003,,0.04076171043585888,5001,,single,1.0046996974922704,test
1.0,polynomial,0.0011657185447047798,test-single-polynomial-a1-noise0.0003-k10-r1,0.10255728196821452,0.03935010639706314,0.0012379037972233184,,,0.0022996163745591606,synthetic,10.0,fixed_1e-06,0.0003,,0.040761621468802176,5001,,single,1.0046997078457485,test
1.0,polynomial,0.0011657178058851632,test-single-polynomial-a1-noise0.0003-k10-r1,0.10255531416072439,0.03935002853221963,0.0012379013476953684,,,0.002299571472540062,synthetic,10.0,fixed_1e-05,0.0003,,0.040760820775907515,5001,,single,1.00469980102647,test
1.0,polynomial,0.0011657104438118609,test-single-polynomial-a1-noise0.0003-k10-r1,0.10253563853789252,0.039349250797652224,0.001237876881164973,,,0.0022991224981771087,synthetic,10.0,fixed_0.0001,0.0003,,0.04075281491135929,5001,,single,1.0047007327645794,test
1.0,polynomial,0.001165639431417455,test-single-polynomial-a1-noise0.0003-k10-r1,0.10233912742905155,0.0393415647168933,0.0012376350869380086,,,0.0022946373347311005,synthetic,10.0,fixed_0.001,0.0003,,0.040672862677982466,5001,,single,1.004710043241053,test
1.0,polynomial,0.0011651864629042348,test-single-polynomial-a1-noise0.0003-k10-r1,0.1003984837234656,0.03927371684954118,0.0012355006801900018,,,0.0022502421021968716,synthetic,10.0,fixed_0.01,0.0003,,0.03988397008634792,5001,,single,1.0048024626886642,test
1.0,polynomial,0.0011828218058265773,test-single-polynomial-a1-noise0.0003-k10-r1,0.08341000751211218,0.039384987626067056,0.0012390011158785732,,,0.0018506440021559061,synthetic,10.0,fixed_0.1,0.0003,,0.0330533686852011,5001,,single,1.005662898249776,test
1.0,polynomial,0.0018545891431152569,test-single-polynomial-a1-noise0.0003-k10-r1,0.08925044173002106,0.06046237479104949,0.001902068639605145,,,0.001553876212121924,synthetic,10.0,fixed_1,0.0003,,0.03883651930413261,5001,,single,1.010619855047893,test
1.0,polynomial,0.0011653705046159263,test-single-polynomial-a1-noise0.0003-k10-r1,0.10142887038128116,0.03930790815905068,0.0012365762948642481,,,0.002273837239344644,synthetic,10.0,frozen_initial,0.0003,,0.040302677973969546,5001,,single,1.004753283575426,test
1.0,polynomial,,test-single-polynomial-a1-noise0.0003-k10-r1,0.05701400227029335,0.03817731406135403,0.0012010092569372198,,,0.0011842498943134183,synthetic,10.0,rexafs_direct,0.0003,,0.023899213310846816,5001,,single,1.0035680840693224,test
1.0,polynomial,0.0011298935669776184,test-single-polynomial-a1-noise0.0003-k10-r2,0.10110843948870038,0.03830611576020188,0.001205061192921425,,,0.0022651861956768994,synthetic,10.0,larch_dynamic,0.0003,,0.04032379922971598,5002,,single,1.0040211196107898,test
1.0,polynomial,0.0011299808810572663,test-single-polynomial-a1-noise0.0003-k10-r2,0.1012137681402713,0.0383112619940956,0.001205223086828754,,,0.0022675953386591696,synthetic,10.0,fixed_0,0.0003,,0.04036554868221707,5002,,single,1.004016108389035,test
1.0,polynomial,0.0011299807048862796,test-single-polynomial-a1-noise0.0003-k10-r2,0.1012135509015033,0.038311251490725055,0.0012052227564062097,,,0.002267590370879918,synthetic,10.0,fixed_1e-06,0.0003,,0.0403654625432352,5002,,single,1.0040161187746932,test
1.0,polynomial,0.0011299791196280478,test-single-polynomial-a1-noise0.0003-k10-r2,0.10121159577756271,0.0383111569700389,0.0012052197829068466,,,0.0022675456613301765,synthetic,10.0,fixed_1e-05,0.0003,,0.0403646873035334,5002,,single,1.0040162122449565,test
1.0,polynomial,0.0011299632946713623,test-single-polynomial-a1-noise0.0003-k10-r2,0.10119204703994666,0.038310212713942485,0.001205190077823066,,,0.002267098612486518,synthetic,10.0,fixed_0.0001,0.0003,,0.04035693601955443,5002,,single,1.0040171468782728,test
1.0,polynomial,0.0011298078039223584,test-single-polynomial-a1-noise0.0003-k10-r2,0.10099680977653842,0.038300865112934665,0.0012048960143034978,,,0.002262632787216113,synthetic,10.0,fixed_0.001,0.0003,,0.040279534463526764,5002,,single,1.004026486285776,test
1.0,polynomial,0.0011285251465034363,test-single-polynomial-a1-noise0.0003-k10-r2,0.09906940983373204,0.038216772092854734,0.0012022505559195606,,,0.0022184393398620656,synthetic,10.0,fixed_0.01,0.0003,,0.039516639154361335,5002,,single,1.0041191929506366,test
1.0,polynomial,0.0011393661614929964,test-single-polynomial-a1-noise0.0003-k10-r2,0.08227008917664251,0.03820193777431835,0.001201783887314904,,,0.0018218184393622282,synthetic,10.0,fixed_0.1,0.0003,,0.03299747540475171,5002,,single,1.0049823059587293,test
1.0,polynomial,0.0018035869789789032,test-single-polynomial-a1-noise0.0003-k10-r2,0.09128322513611754,0.05932787276464123,0.0018663786632610619,,,0.0016027899243436095,synthetic,10.0,fixed_1,0.0003,,0.04088501372970045,5002,,single,1.0099548976630197,test
1.0,polynomial,0.0011291406232419472,test-single-polynomial-a1-noise0.0003-k10-r2,0.1000806653604997,0.038259027361322806,0.0012035798523835016,,,0.0022416509647948412,synthetic,10.0,frozen_initial,0.0003,,0.03991662923600734,5002,,single,1.0040704354328975,test
1.0,polynomial,,test-single-polynomial-a1-noise0.0003-k10-r2,0.0562834638456256,0.03701635889355364,0.0011644870987472383,,,0.0011521525636749188,synthetic,10.0,rexafs_direct,0.0003,,0.02445549504400661,5002,,single,1.0030391039666189,test
1.0,polynomial,0.0008582990429702459,test-single-polynomial-a1-noise0.0003-k12-r0,0.07536907652532722,0.03221972671831113,0.0009147185339024984,,,0.0013218618043114628,synthetic,12.0,larch_dynamic,0.0003,,0.027679736816342386,5000,,single,1.0037606665425851,test
1.0,polynomial,0.0008581756044260268,test-single-polynomial-a1-noise0.0003-k12-r0,0.07542148254935274,0.03221626715455621,0.0009146203168346285,,,0.0013228937899413783,synthetic,12.0,fixed_0,0.0003,,0.02770144588734225,5000,,single,1.003758553083779,test
1.0,polynomial,0.0008581758509155107,test-single-polynomial-a1-noise0.0003-k12-r0,0.07542137755663032,0.03221627405947683,0.0009146205128654303,,,0.001322891722650899,synthetic,12.0,fixed_1e-06,0.0003,,0.027701402414452715,5000,,single,1.0037585573141357,test
1.0,polynomial,0.0008581780693777805,test-single-polynomial-a1-noise0.0003-k12-r0,0.0754204326315427,0.03221633620595663,0.0009146222772049416,,,0.0013228731171702635,synthetic,12.0,fixed_1e-05,0.0003,,0.0277010111624309,5000,,single,1.0037585953872876,test
1.0,polynomial,0.0008582002582208635,test-single-polynomial-a1-noise0.0003-k12-r0,0.07541098426996286,0.03221695783939278,0.0009146399253876935,,,0.00132268707475576,synthetic,12.0,fixed_0.0001,0.0003,,0.02769709902358171,5000,,single,1.0037589761012822,test
1.0,polynomial,0.0008584225685348502,test-single-polynomial-a1-noise0.0003-k12-r0,0.0753165896207919,0.03222319103171979,0.0009148168858131106,,,0.0013208278903412047,synthetic,12.0,fixed_0.001,0.0003,,0.02765801578733883,5000,,single,1.0037627814912475,test
1.0,polynomial,0.0008606872747627789,test-single-polynomial-a1-noise0.0003-k12-r0,0.07438154097097731,0.03228718768225743,0.0009166337516998468,,,0.0013023598714327874,synthetic,12.0,fixed_0.01,0.0003,,0.027271003362299834,5000,,single,1.003800661203615,test
1.0,polynomial,0.0008869477031668005,test-single-polynomial-a1-noise0.0003-k12-r0,0.0659240902471163,0.03307376899048668,0.0009389648070607125,,,0.0011299619284511836,synthetic,12.0,fixed_0.1,0.0003,,0.02378889802251375,5000,,single,1.0041628119978978,test
1.0,polynomial,0.0012348268841224554,test-single-polynomial-a1-noise0.0003-k12-r0,0.060053631925525264,0.045049460304227545,0.0012789548664657888,,,0.0007348320584165476,synthetic,12.0,fixed_1,0.0003,,0.024254245392957046,5000,,single,1.0066471340280012,test
1.0,polynomial,0.0008597620814073883,test-single-polynomial-a1-noise0.0003-k12-r0,0.07475785624119499,0.03226093684542261,0.0009158884900409509,,,0.0013098038154442434,synthetic,12.0,frozen_initial,0.0003,,0.027426727937310963,5000,,single,1.0037853754039021,test
1.0,polynomial,,test-single-polynomial-a1-noise0.0003-k12-r0,0.046155771012190094,0.031772671438908086,0.0009020266276885167,,,0.0007077344598999097,synthetic,12.0,rexafs_direct,0.0003,,0.017287072103501864,5000,,single,1.0014782033049743,test
1.0,polynomial,0.0008689422850865112,test-single-polynomial-a1-noise0.0003-k12-r1,0.07729952426539387,0.0328569829752797,0.0009328102487761444,,,0.0013553696159476047,synthetic,12.0,larch_dynamic,0.0003,,0.028120021226526116,5001,,single,1.003884082483296,test
1.0,polynomial,0.0008688073816087239,test-single-polynomial-a1-noise0.0003-k12-r1,0.07735220883555968,0.032853646592606214,0.0009327155288210591,,,0.0013563993069779189,synthetic,12.0,fixed_0,0.0003,,0.028141768458572185,5001,,single,1.0038819485718473,test
1.0,polynomial,0.0008688076508966769,test-single-polynomial-a1-noise0.0003-k12-r1,0.07735210328188055,0.03285365325161633,0.0009327157178704579,,,0.0013563972440823718,synthetic,12.0,fixed_1e-06,0.0003,,0.02814172490261863,5001,,single,1.0038819528433014,test
1.0,polynomial,0.0008688100745381421,test-single-polynomial-a1-noise0.0003-k12-r1,0.07735115330795853,0.03285371318472424,0.0009327174193723074,,,0.001356378678153983,synthetic,12.0,fixed_1e-05,0.0003,,0.02814133290298336,5001,,single,1.0038819912862953,test
1.0,polynomial,0.000868834315075066,test-single-polynomial-a1-noise0.0003-k12-r1,0.07734165446273275,0.03285431268645488,0.0009327344392356017,,,0.0013561930315439618,synthetic,12.0,fixed_0.0001,0.0003,,0.028137413293489563,5001,,single,1.0038823756986925,test
1.0,polynomial,0.000869077131078083,test-single-polynomial-a1-noise0.0003-k12-r1,0.07724675541342926,0.03286032471211338,0.0009329051207359199,,,0.0013543378328285832,synthetic,12.0,fixed_0.001,0.0003,,0.028098255888022627,5001,,single,1.003886218056456,test
1.0,polynomial,0.0008715457644881657,test-single-polynomial-a1-noise0.0003-k12-r1,0.07630670516176627,0.032922124867467074,0.0009346596280908178,,,0.0013359124391886421,synthetic,12.0,fixed_0.01,0.0003,,0.027710555364332128,5001,,single,1.0039244658312547,test
1.0,polynomial,0.0008997296273557244,test-single-polynomial-a1-noise0.0003-k12-r1,0.06780207154649644,0.033688364117046336,0.0009564131720957506,,,0.0011642180662173875,synthetic,12.0,fixed_0.1,0.0003,,0.024226715271617582,5001,,single,1.00429014285669,test
1.0,polynomial,0.0012584249444573044,test-single-polynomial-a1-noise0.0003-k12-r1,0.06106945225303088,0.04560041541637837,0.0012945964905192377,,,0.0007681615251385187,synthetic,12.0,fixed_1,0.0003,,0.02472002012504185,5001,,single,1.0067991797955649,test
1.0,polynomial,0.0008705697361694403,test-single-polynomial-a1-noise0.0003-k12-r1,0.0766731298565473,0.032897547243038505,0.0009339618689577048,,,0.0013431050795612819,synthetic,12.0,frozen_initial,0.0003,,0.02786163717339363,5001,,single,1.0039095162995066,test
1.0,polynomial,,test-single-polynomial-a1-noise0.0003-k12-r1,0.04820402185150053,0.032421423108122335,0.0009204446974914864,,,0.0007441223132518388,synthetic,12.0,rexafs_direct,0.0003,,0.017929808452937738,5001,,single,1.0016850752623043,test
1.0,polynomial,0.0008401634698929937,test-single-polynomial-a1-noise0.0003-k12-r2,0.07487163403073095,0.03176714448612322,0.0009018697174144936,,,0.001297852674187145,synthetic,12.0,larch_dynamic,0.0003,,0.02718798175137287,5002,,single,1.0032986518582705,test
1.0,polynomial,0.0008400499704574305,test-single-polynomial-a1-noise0.0003-k12-r2,0.07492187625946893,0.031764021647449646,0.0009017810599768287,,,0.001298874479865428,synthetic,12.0,fixed_0,0.0003,,0.027209605119205654,5002,,single,1.003296576687559,test
1.0,polynomial,0.0008400501970899666,test-single-polynomial-a1-noise0.0003-k12-r2,0.07492177560534753,0.03176402787862463,0.0009017812368799819,,,0.0012988724333022953,synthetic,12.0,fixed_1e-06,0.0003,,0.027209561822564128,5002,,single,1.0032965808408454,test
1.0,polynomial,0.0008400522368346547,test-single-polynomial-a1-noise0.0003-k12-r2,0.07492086972728067,0.03176408396119783,0.0009017828290650919,,,0.0012988540143563034,synthetic,12.0,fixed_1e-05,0.0003,,0.027209172156522656,5002,,single,1.0032966182203304,test
1.0,polynomial,0.0008400726385421316,test-single-polynomial-a1-noise0.0003-k12-r2,0.07491181183365973,0.03176464495493452,0.0009017987556858496,,,0.0012986698368912413,synthetic,12.0,fixed_0.0001,0.0003,,0.027205275864168467,5002,,single,1.0032969919979615,test
1.0,polynomial,0.0008402770814637166,test-single-polynomial-a1-noise0.0003-k12-r2,0.07482132160066463,0.031770271685366225,0.0009019584986487912,,,0.0012968292615284675,synthetic,12.0,fixed_0.001,0.0003,,0.02716634975060472,5002,,single,1.0033007280567716,test
1.0,polynomial,0.0008423635196900095,test-single-polynomial-a1-noise0.0003-k12-r2,0.07392529003087384,0.03182819781192344,0.0009036030222669555,,,0.0012785432777972757,synthetic,12.0,fixed_0.01,0.0003,,0.026780773978274885,5002,,single,1.00333791768099,test
1.0,polynomial,0.0008668902221760694,test-single-polynomial-a1-noise0.0003-k12-r2,0.06585412133665272,0.03255402088191303,0.000924209150315713,,,0.0011075470652767104,synthetic,12.0,fixed_0.1,0.0003,,0.023299286953924768,5002,,single,1.0036934756333342,test
1.0,polynomial,0.0012029751815897578,test-single-polynomial-a1-noise0.0003-k12-r2,0.06105416201889568,0.044070782165463285,0.0012511701791504835,,,0.0006991540763563148,synthetic,12.0,fixed_1,0.0003,,0.02331135133823697,5002,,single,1.006132912752791,test
1.0,polynomial,0.0008414964627853326,test-single-polynomial-a1-noise0.0003-k12-r2,0.07429176232853935,0.03180401777910733,0.0009029165507657962,,,0.0012860356576684562,synthetic,12.0,frozen_initial,0.0003,,0.026938500928307806,5002,,single,1.0033226637983392,test
1.0,polynomial,,test-single-polynomial-a1-noise0.0003-k12-r2,0.04728994429764696,0.03127909340377183,0.0008880139397283262,,,0.0006865482444997952,synthetic,12.0,rexafs_direct,0.0003,,0.0169488764167615,5002,,single,1.0012080286598877,test
1.0,polynomial,0.0014090072686849784,test-single-polynomial-a1-noise0.003-k10-r0,0.2410273481625531,0.09776683161318102,0.00307561892908839,,,0.0046715998326324745,synthetic,10.0,larch_dynamic,0.003,,0.06146433735704269,5000,,single,1.0013372693695943,test
1.0,polynomial,0.0014090704028603981,test-single-polynomial-a1-noise0.003-k10-r0,0.24112308618992812,0.09777359059911343,0.003075831558103079,,,0.0046740984992919895,synthetic,10.0,fixed_0,0.003,,0.06149036126523353,5000,,single,1.0013310251593297,test
1.0,polynomial,0.001409070278210235,test-single-polynomial-a1-noise0.003-k10-r0,0.2411228885318807,0.09777357671694363,0.0030758311213878505,,,0.004674093341254353,synthetic,10.0,fixed_1e-06,0.003,,0.0614903074017153,5000,,single,1.001331038118722,test
1.0,polynomial,0.0014090691567065932,test-single-polynomial-a1-noise0.003-k10-r0,0.24112110963616373,0.09777345178383744,0.0030758271911528216,,,0.004674046919480721,synthetic,10.0,fixed_1e-05,0.003,,0.061489822645570194,5000,,single,1.0013311547524586,test
1.0,polynomial,0.0014090579756439962,test-single-polynomial-a1-noise0.003-k10-r0,0.24110332332389753,0.09777220308204684,0.0030757879085985995,,,0.0046735827577007085,synthetic,10.0,fixed_0.0001,0.003,,0.0614849766216532,5000,,single,1.001332321003297,test
1.0,polynomial,0.0014089495573783501,test-single-polynomial-a1-noise0.003-k10-r0,0.2409257244754911,0.09775977890512906,0.003075397059953143,,,0.004668946731366583,synthetic,10.0,fixed_0.001,0.003,,0.06143667003438353,5000,,single,1.0013439748642612,test
1.0,polynomial,0.0014081998864753174,test-single-polynomial-a1-noise0.003-k10-r0,0.2391759758784449,0.09764174226156966,0.0030716837787792806,,,0.004623142213244151,synthetic,10.0,fixed_0.01,0.003,,0.0609688685827799,5000,,single,1.0014596551656951,test
1.0,polynomial,0.0014295649395628894,test-single-polynomial-a1-noise0.003-k10-r0,0.22412418016209196,0.09700888108827564,0.003051774779255093,,,0.004217474639597065,synthetic,10.0,fixed_0.1,0.003,,0.05771174760813458,5000,,single,1.00253660494161,test
1.0,polynomial,0.0022835316130903997,test-single-polynomial-a1-noise0.003-k10-r0,0.1996324145322703,0.10917138644810838,0.0034343915736485538,,,0.0032177000064476428,synthetic,10.0,fixed_1,0.003,,0.07909043465130651,5000,,single,1.0087380115441744,test
1.0,polynomial,0.0014084958284313197,test-single-polynomial-a1-noise0.003-k10-r0,0.2400368370212133,0.09769881557001918,0.0030734792317454514,,,0.0046457072584810384,synthetic,10.0,frozen_initial,0.003,,0.06119715452546769,5000,,single,1.0014025430161735,test
1.0,polynomial,,test-single-polynomial-a1-noise0.003-k10-r0,0.17725592479486094,0.08524877394319634,0.0026818169157680127,,,0.0031250150107113715,synthetic,10.0,rexafs_direct,0.003,,0.05763953851470236,5000,,single,1.0004407858171274,test
1.0,polynomial,0.001438232424793174,test-single-polynomial-a1-noise0.003-k10-r1,0.21730962756710562,0.09995748740798316,0.0031445341462273515,,,0.003827862751297022,synthetic,10.0,larch_dynamic,0.003,,0.08134048827356036,5001,,single,1.0042640250423525,test
1.0,polynomial,0.0014379440158237783,test-single-polynomial-a1-noise0.003-k10-r1,0.21734316446771795,0.09995657262270903,0.003144505368257781,,,0.003828800144625614,synthetic,10.0,fixed_0,0.003,,0.08136875127694912,5001,,single,1.0042599695643863,test
1.0,polynomial,0.0014379446146288368,test-single-polynomial-a1-noise0.003-k10-r1,0.21734309524736856,0.09995657455405108,0.003144505429015321,,,0.003828798211355217,synthetic,10.0,fixed_1e-06,0.003,,0.08136869291776944,5001,,single,1.0042599779672787,test
1.0,polynomial,0.001437950003965089,test-single-polynomial-a1-noise0.003-k10-r1,0.21734247227738662,0.0999565919383424,0.003144505975902793,,,0.003828780812246329,synthetic,10.0,fixed_1e-05,0.003,,0.08136816769157282,5001,,single,1.0042600535928536,test
1.0,polynomial,0.0014380039058926005,test-single-polynomial-a1-noise0.003-k10-r1,0.21733624389390896,0.09995676599230331,0.00314451145141681,,,0.0038286068537067923,synthetic,10.0,fixed_0.0001,0.003,,0.08136291607286167,5001,,single,1.004260809792537,test
1.0,polynomial,0.0014385437794534172,test-single-polynomial-a1-noise0.003-k10-r1,0.21727409154051314,0.09995852760334623,0.003144566869437215,,,0.0038268705197509545,synthetic,10.0,fixed_0.001,0.003,,0.08131046415195602,5001,,single,1.0042683661905956,test
1.0,polynomial,0.0014440258718588297,test-single-polynomial-a1-noise0.003-k10-r1,0.2166655819743925,0.09997821828765029,0.003145186313070327,,,0.0038098294282950342,synthetic,10.0,fixed_0.01,0.003,,0.08079232298494282,5001,,single,1.0043433744625734,test
1.0,polynomial,0.001505355468448301,test-single-polynomial-a1-noise0.003-k10-r1,0.2117569361587216,0.10035319944547214,0.0031569827385862057,,,0.0036689110101547325,synthetic,10.0,fixed_0.1,0.003,,0.07620310732610107,5001,,single,1.0050417564861973,test
1.0,polynomial,0.0021206918866779434,test-single-polynomial-a1-noise0.003-k10-r1,0.2126613963441999,0.10889391587396392,0.0034256627058308854,,,0.003596416465879204,synthetic,10.0,fixed_1,0.003,,0.06179959042434586,5001,,single,1.0090679804819984,test
1.0,polynomial,0.001440687040443175,test-single-polynomial-a1-noise0.003-k10-r1,0.21703139157748008,0.0999658428367402,0.0031447969972824767,,,0.0038200828741816214,synthetic,10.0,frozen_initial,0.003,,0.08110482177319428,5001,,single,1.0042980563074506,test
1.0,polynomial,,test-single-polynomial-a1-noise0.003-k10-r1,0.18778851519296752,0.09168209496180181,0.002884200930625027,,,0.0033231662862773306,synthetic,10.0,rexafs_direct,0.003,,0.07247798615898846,5001,,single,1.002718541991877,test
1.0,polynomial,0.0009717862065492271,test-single-polynomial-a1-noise0.003-k10-r2,0.1985146115377544,0.09454819022304865,0.002974364605693667,,,0.0037596559038884257,synthetic,10.0,larch_dynamic,0.003,,0.07196394761395977,5002,,single,0.9974282913270948,test
1.0,polynomial,0.0009717741601159997,test-single-polynomial-a1-noise0.003-k10-r2,0.1985423929416097,0.09454979678034195,0.002974415145922295,,,0.003760383726207945,synthetic,10.0,fixed_0,0.003,,0.07198805925690219,5002,,single,0.9974240785320463,test
1.0,polynomial,0.0009717741878052458,test-single-polynomial-a1-noise0.003-k10-r2,0.19854233566260732,0.09454979349049548,0.0029744150424279507,,,0.0037603822268083924,synthetic,10.0,fixed_1e-06,0.003,,0.07198800953959417,5002,,single,0.9974240872566551,test
1.0,polynomial,0.0009717744372320933,test-single-polynomial-a1-noise0.003-k10-r2,0.19854182016583993,0.09454976388470025,0.0029744141110676654,,,0.0037603687325455373,synthetic,10.0,fixed_1e-05,0.003,,0.07198756209088986,5002,,single,0.9974241657776528,test
1.0,polynomial,0.0009717769530918442,test-single-polynomial-a1-noise0.003-k10-r2,0.19853666662989605,0.09454946810345946,0.002974404806169797,,,0.0037602338235678857,synthetic,10.0,fixed_0.0001,0.003,,0.07198308831886421,5002,,single,0.9974249509294503,test
1.0,polynomial,0.0009718042678470764,test-single-polynomial-a1-noise0.003-k10-r2,0.19848527426524756,0.09454653792139883,0.0029743126264063476,,,0.0037588880947530033,synthetic,10.0,fixed_0.001,0.003,,0.07193842202760861,5002,,single,0.9974327966377662,test
1.0,polynomial,0.0009722897384740286,test-single-polynomial-a1-noise0.003-k10-r2,0.1979854958953072,0.09451996071371059,0.0029734765415941515,,,0.0037457635792295134,synthetic,10.0,fixed_0.01,0.003,,0.07149884666177987,5002,,single,0.9975106770821943,test
1.0,polynomial,0.0009952324491527937,test-single-polynomial-a1-noise0.003-k10-r2,0.1942582491294916,0.09449172888030029,0.0029725884043823093,,,0.0036446601584357286,synthetic,10.0,fixed_0.1,0.003,,0.06775930620700996,5002,,single,0.9982358335756212,test
1.0,polynomial,0.0015909268987327183,test-single-polynomial-a1-noise0.003-k10-r2,0.20682734920666407,0.10177348358016935,0.0032016630529349607,,,0.0038663803910855853,synthetic,10.0,fixed_1,0.003,,0.06263393304355228,5002,,single,1.0024184066331756,test
1.0,polynomial,0.0009719756542581866,test-single-polynomial-a1-noise0.003-k10-r2,0.1982568536325483,0.09453395041447915,0.0029739166396088477,,,0.003752898243174796,synthetic,10.0,frozen_initial,0.003,,0.07173871282649448,5002,,single,0.9974680272921452,test
1.0,polynomial,,test-single-polynomial-a1-noise0.003-k10-r2,0.16328736357272244,0.08193574257741688,0.0025775932049949104,,,0.0030443861210647967,synthetic,10.0,rexafs_direct,0.003,,0.060480805719914175,5002,,single,0.9973849017378189,test
1.0,polynomial,0.000994456966660613,test-single-polynomial-a1-noise0.003-k12-r0,0.24859680185516117,0.0992728828521455,0.0028183586612229605,,,0.003261708990324638,synthetic,12.0,larch_dynamic,0.003,,0.08852408907768392,5000,,single,1.00068980621905,test
1.0,polynomial,0.000994287494719719,test-single-polynomial-a1-noise0.003-k12-r0,0.24861296069954877,0.0992715538042674,0.0028183209295333913,,,0.003262112392109235,synthetic,12.0,fixed_0,0.003,,0.08853204759801481,5000,,single,1.0006876172163681,test
1.0,polynomial,0.0009942878334838507,test-single-polynomial-a1-noise0.003-k12-r0,0.24861292829778983,0.09927155645731489,0.0028183210048534496,,,0.0032621115830717942,synthetic,12.0,fixed_1e-06,0.003,,0.0885320316506412,5000,,single,1.0006876216004212,test
1.0,polynomial,0.0009942908824073912,test-single-polynomial-a1-noise0.003-k12-r0,0.24861263668677994,0.09927158033548818,0.002818321682755155,,,0.003262104301840271,synthetic,12.0,fixed_1e-05,0.003,,0.08853188812653318,5000,,single,1.0006876610568496,test
1.0,polynomial,0.0009943213748867957,test-single-polynomial-a1-noise0.003-k12-r0,0.2486097210539571,0.0992718191770797,0.002818328463471587,,,0.003262031499963969,synthetic,12.0,fixed_0.0001,0.003,,0.0885304531092695,5000,,single,1.0006880556029352,test
1.0,polynomial,0.000994626623544213,test-single-polynomial-a1-noise0.003-k12-r0,0.24858061241252513,0.09927421357442097,0.0028183964404486965,,,0.003261304524264795,synthetic,12.0,fixed_0.001,0.003,,0.08851612529884768,5000,,single,1.000691999245934,test
1.0,polynomial,0.0009977109768130154,test-single-polynomial-a1-noise0.003-k12-r0,0.24829426127516047,0.09929874947568068,0.002819093015060408,,,0.003254138439454296,synthetic,12.0,fixed_0.01,0.003,,0.08837506862540616,5000,,single,1.0007312547314202,test
1.0,polynomial,0.0010312613042978043,test-single-polynomial-a1-noise0.003-k12-r0,0.2458724629120796,0.09959748921585612,0.002827574240849216,,,0.003192233595226436,synthetic,12.0,fixed_0.1,0.003,,0.08717248501317362,5000,,single,1.0011065174900782,test
1.0,polynomial,0.0014088053904117977,test-single-polynomial-a1-noise0.003-k12-r0,0.24540354226322217,0.1046557003403445,0.002971176931971106,,,0.003124626592212183,synthetic,12.0,fixed_1,0.003,,0.08654473773467795,5000,,single,1.0036778445514412,test
1.0,polynomial,0.0009962883881037938,test-single-polynomial-a1-noise0.003-k12-r0,0.24842460814417394,0.09928735671587466,0.0028187695744354155,,,0.00325740375871096,synthetic,12.0,frozen_initial,0.003,,0.08843930241896779,5000,,single,1.0007132804515462,test
1.0,polynomial,,test-single-polynomial-a1-noise0.003-k12-r0,0.2086481423560084,0.0869033294062168,0.002467186849866219,,,0.002621820671341992,synthetic,12.0,rexafs_direct,0.003,,0.08516600088058267,5000,,single,0.9980696806374797,test
1.0,polynomial,0.001136357712312235,test-single-polynomial-a1-noise0.003-k12-r1,0.2718819861599886,0.10733297924286342,0.0030471849209267785,,,0.0034285233910029615,synthetic,12.0,larch_dynamic,0.003,,0.0816635509301348,5001,,single,1.0019239656591676,test
1.0,polynomial,0.0011360944859143236,test-single-polynomial-a1-noise0.003-k12-r1,0.2719016334359591,0.10733194118142894,0.0030471554503467904,,,0.003429002805052959,synthetic,12.0,fixed_0,0.003,,0.08167363799067805,5001,,single,1.0019215720969596,test
1.0,polynomial,0.0011360950110170824,test-single-polynomial-a1-noise0.003-k12-r1,0.27190159403718744,0.10733194325351625,0.0030471555091733807,,,0.0034290018428769858,synthetic,12.0,fixed_1e-06,0.003,,0.08167361775200226,5001,,single,1.001921576891968,test
1.0,polynomial,0.0011360997369728228,test-single-polynomial-a1-noise0.003-k12-r1,0.271901239453646,0.10733196190313962,0.003047156038636474,,,0.0034289931834136566,synthetic,12.0,fixed_1e-05,0.003,,0.08167343560677613,5001,,single,1.0019216200469674,test
1.0,polynomial,0.0011361469986677427,test-single-polynomial-a1-noise0.003-k12-r1,0.27189769414886,0.10733214846912717,0.0030471613352477107,,,0.0034289066005643225,synthetic,12.0,fixed_0.0001,0.003,,0.0816716144355518,5001,,single,1.001922051577085,test
1.0,polynomial,0.001136619829227173,test-single-polynomial-a1-noise0.003-k12-r1,0.2718622941291522,0.1073340211052453,0.0030472144994157222,,,0.0034280419498694333,synthetic,12.0,fixed_0.001,0.003,,0.0816534308117214,5001,,single,1.0019263648980823,test
1.0,polynomial,0.0011413690042132876,test-single-polynomial-a1-noise0.003-k12-r1,0.27151356061144527,0.1073534381277435,0.0030477657489811688,,,0.0034195125359063857,synthetic,12.0,fixed_0.01,0.003,,0.08147438618746738,5001,,single,1.0019693010078337,test
1.0,polynomial,0.0011905026264822367,test-single-polynomial-a1-noise0.003-k12-r1,0.26851844655014057,0.1076101543619913,0.0030550539267945043,,,0.0033452641795575656,synthetic,12.0,fixed_0.1,0.003,,0.07994647734413053,5001,,single,1.0023798260780021,test
1.0,polynomial,0.0016577101852794046,test-single-polynomial-a1-noise0.003-k12-r1,0.2654960838401776,0.11272874066197049,0.0032003706700712083,,,0.003237945626373083,synthetic,12.0,fixed_1,0.003,,0.07931803895031636,5001,,single,1.0051983022270854,test
1.0,polynomial,0.0011397027485015813,test-single-polynomial-a1-noise0.003-k12-r1,0.2716345182793363,0.10734650113650536,0.0030475688076939096,,,0.0034224733462399196,synthetic,12.0,frozen_initial,0.003,,0.08153646922704497,5001,,single,1.0019543158400865,test
1.0,polynomial,,test-single-polynomial-a1-noise0.003-k12-r1,0.2355414053155207,0.09711473414975653,0.0027570887865821275,,,0.0028948416364535,synthetic,12.0,rexafs_direct,0.003,,0.07571835600032009,5001,,single,1.00012028891372,test
1.0,polynomial,0.0007874465909969138,test-single-polynomial-a1-noise0.003-k12-r2,0.2587096127648882,0.10374534979075249,0.0029453320659565563,,,0.0032115939630752563,synthetic,12.0,larch_dynamic,0.003,,0.08290154691848989,5002,,single,0.9960696596120573,test
1.0,polynomial,0.0007873661666964582,test-single-polynomial-a1-noise0.003-k12-r2,0.2587185079273543,0.10374516029405863,0.0029453266861425216,,,0.0032118961913349983,synthetic,12.0,fixed_0,0.003,,0.08290833620514773,5002,,single,0.9960678532541967,test
1.0,polynomial,0.0007873663274808786,test-single-polynomial-a1-noise0.003-k12-r2,0.25871849009924186,0.10374516066887139,0.0029453266967834624,,,0.0032118955863345163,synthetic,12.0,fixed_1e-06,0.003,,0.0829083226163584,5002,,single,0.9960678568675024,test
1.0,polynomial,0.000787367774589761,test-single-polynomial-a1-noise0.003-k12-r2,0.25871832964932695,0.10374516404274972,0.002945326792567919,,,0.0032118901414058126,synthetic,12.0,fixed_1e-05,0.003,,0.08290820031896393,5002,,single,0.9960678893872543,test
1.0,polynomial,0.0007873822492842032,test-single-polynomial-a1-noise0.003-k12-r2,0.25871672545353436,0.10374519782613743,0.002945327751678813,,,0.003211835699588398,synthetic,12.0,fixed_0.0001,0.003,,0.08290697751445192,5002,,single,0.9960682145698057,test
1.0,polynomial,0.0007875273566129387,test-single-polynomial-a1-noise0.003-k12-r2,0.25870071381025883,0.10374554011961458,0.0029453374693958595,,,0.003211292027869312,synthetic,12.0,fixed_0.001,0.003,,0.0828947664000823,5002,,single,0.9960714649013183,test
1.0,polynomial,0.0007890140185909407,test-single-polynomial-a1-noise0.003-k12-r2,0.25854360585552905,0.10374940481720173,0.0029454471882194174,,,0.0032059294754008248,synthetic,12.0,fixed_0.01,0.003,,0.08277433713988572,5002,,single,0.9961038195051879,test
1.0,polynomial,0.0008070166356886699,test-single-polynomial-a1-noise0.003-k12-r2,0.25725162182025985,0.10382829780860732,0.0029476869614510352,,,0.003159260318685987,synthetic,12.0,fixed_0.1,0.003,,0.08172754835013923,5002,,single,0.9964131538445119,test
1.0,polynomial,0.00107573738256817,test-single-polynomial-a1-noise0.003-k12-r2,0.25884795696425744,0.10638580740145615,0.003020294697874905,,,0.0030826056810900606,synthetic,12.0,fixed_1,0.003,,0.08002214891500042,5002,,single,0.9985356317994317,test
1.0,polynomial,0.0007882128747592822,test-single-polynomial-a1-noise0.003-k12-r2,0.2586267459208104,0.1037472435099168,0.0029453858286725703,,,0.003208773706693494,synthetic,12.0,frozen_initial,0.003,,0.08283820767516,5002,,single,0.9960865916854219,test
1.0,polynomial,,test-single-polynomial-a1-noise0.003-k12-r2,0.22049017078328598,0.08974448422347711,0.00254784727854569,,,0.002612545226406174,synthetic,12.0,rexafs_direct,0.003,,0.08019882542067602,5002,,single,0.9953740254237154,test
0.3,bump,0.0009344019372566385,test-single-bump-a0.3-noise0-k10-r0,0.29670522992479714,0.10644422397315624,0.0010045795636681723,,,0.0019019648307489242,synthetic,10.0,larch_dynamic,0.0,,0.11164730015867803,5000,,single,1.0142180034953379,test
0.3,bump,0.0009343961292783424,test-single-bump-a0.3-noise0-k10-r0,0.2968982939729006,0.10645067029211758,0.0010046404015422038,,,0.0019033110875400815,synthetic,10.0,fixed_0,0.0,,0.11169044052517278,5000,,single,1.014209379687805,test
0.3,bump,0.0009343961419050159,test-single-bump-a0.3-noise0-k10-r0,0.2968978953598297,0.1064506570449439,0.0010046402765204838,,,0.0019033083081259727,synthetic,10.0,fixed_1e-06,0.0,,0.11169035132157236,5000,,single,1.0142093975289728,test
0.3,bump,0.0009343962556372682,test-single-bump-a0.3-noise0-k10-r0,0.29689430787674026,0.1064505378315118,0.001004639151430055,,,0.0019032832936015404,synthetic,10.0,fixed_1e-05,0.0,,0.11168954850666005,5000,,single,1.0142095580986283,test
0.3,bump,0.000934397401406853,test-single-bump-a0.3-noise0-k10-r0,0.29685843646942883,0.10644934672693922,0.0010046279102441347,,,0.0019030331684344464,synthetic,10.0,fixed_0.0001,0.0,,0.11168152208191003,5000,,single,1.0142111636760232,test
0.3,bump,0.0009344097027385643,test-single-bump-a0.3-noise0-k10-r0,0.29650006454835537,0.10643753854385041,0.0010045164691628596,,,0.0019005339230946932,synthetic,10.0,fixed_0.001,0.0,,0.11160143016894845,5000,,single,1.0142272075529724,test
0.3,bump,0.0009346158089283685,test-single-bump-a0.3-noise0-k10-r0,0.2929503514156204,0.10632960820449897,0.0010034978642149805,,,0.0018757407203539962,synthetic,10.0,fixed_0.01,0.0,,0.11081762121726073,5000,,single,1.0143864655012123,test
0.3,bump,0.0009438145704744858,test-single-bump-a0.3-noise0-k10-r0,0.2606606172616401,0.10613969874750497,0.0010017055719484537,,,0.0016464539925454707,synthetic,10.0,fixed_0.1,0.0,,0.10456994889875132,5000,,single,1.0158691865486944,test
0.3,bump,0.0012132332142235404,test-single-bump-a0.3-noise0-k10-r0,0.1461813571707343,0.13089520679937242,0.0012353385164978973,,,0.0005575522738051343,synthetic,10.0,fixed_1,0.0,,0.11372743694150138,5000,,single,1.0244118242151279,test
0.3,bump,0.0009344061288909733,test-single-bump-a0.3-noise0-k10-r0,0.2965996383685268,0.1064408027577092,0.001004547275555274,,,0.0019012284089757728,synthetic,10.0,frozen_initial,0.0,,0.11162366626421487,5000,,single,1.0142227491293754,test
0.3,bump,,test-single-bump-a0.3-noise0-k10-r0,0.2888694955066103,0.1053622179208397,0.0009943680075371738,,,0.001846075856638571,synthetic,10.0,rexafs_direct,0.0,,0.11072407567324442,5000,,single,1.0115441404989076,test
0.3,bump,0.0004805222130235068,test-single-bump-a0.3-noise0-k12-r0,0.09034576324876437,0.05709135147148177,0.0004862473022171251,,,0.00044917495744429035,synthetic,12.0,larch_dynamic,0.0,,0.05166698930623374,5000,,single,1.0041908488152487,test
0.3,bump,0.0004804662297647737,test-single-bump-a0.3-noise0-k12-r0,0.09040403557383872,0.057085166302375735,0.00048619462310349324,,,0.0004495188860075773,synthetic,12.0,fixed_0,0.0,,0.05168608312402543,5000,,single,1.0041886326202119,test
0.3,bump,0.00048046634155097205,test-single-bump-a0.3-noise0-k12-r0,0.090403919098648,0.057085178651767626,0.0004861947282833207,,,0.000449518198594258,synthetic,12.0,fixed_1e-06,0.0,,0.051686044962784894,5000,,single,1.0041886370484188,test
0.3,bump,0.0004804673476434713,test-single-bump-a0.3-noise0-k12-r0,0.09040287083070782,0.05708528979848261,0.0004861956749204017,,,0.00044951201191211485,synthetic,12.0,fixed_1e-05,0.0,,0.051685701515010646,5000,,single,1.0041886769026545,test
0.3,bump,0.00048047740897039427,test-single-bump-a0.3-noise0-k12-r0,0.09039238897408258,0.05708640132889611,0.0004862051418300293,,,0.0004494501485315768,synthetic,12.0,fixed_0.0001,0.0,,0.05168226736603305,5000,,single,1.0041890754267473,test
0.3,bump,0.00048057806224354675,test-single-bump-a0.3-noise0-k12-r0,0.09028765282336433,0.05709752293254584,0.00048629986457930093,,,0.0004488318596908938,synthetic,12.0,fixed_0.001,0.0,,0.05164795877609078,5000,,single,1.004193058836157,test
0.3,bump,0.0004815885181588553,test-single-bump-a0.3-noise0-k12-r0,0.08924852321966575,0.05720935841867801,0.00048725236792739686,,,0.00044268337457416506,synthetic,12.0,fixed_0.01,0.0,,0.05130815235177487,5000,,single,1.0042327106475022,test
0.3,bump,0.0004920139460611194,test-single-bump-a0.3-noise0-k12-r0,0.07967252662238777,0.058379903198697874,0.0004972219031851723,,,0.0003845553432349326,synthetic,12.0,fixed_0.1,0.0,,0.048227743249402794,5000,,single,1.0046118087510518,test
0.3,bump,0.0005945281744912989,test-single-bump-a0.3-noise0-k12-r0,0.05793540319617615,0.07053533909216496,0.0006007498064162601,,,0.0001699781379094993,synthetic,12.0,fixed_1,0.0,,0.039785139013326934,5000,,single,1.0072127501940489,test
0.3,bump,0.0004805492658529828,test-single-bump-a0.3-noise0-k12-r0,0.09031759428755352,0.05709434074955815,0.00048627276191220596,,,0.00044900863939903413,synthetic,12.0,frozen_initial,0.0,,0.05165776565501335,5000,,single,1.0041919198363574,test
0.3,bump,,test-single-bump-a0.3-noise0-k12-r0,0.08750138099369274,0.05562687276370052,0.00047377433034906987,,,0.00043251288361244414,synthetic,12.0,rexafs_direct,0.0,,0.05136964310681747,5000,,single,1.0011284969142467,test
0.3,bump,0.0009548413690658088,test-single-bump-a0.3-noise0.0003-k10-r0,0.328056268512381,0.11557325639809553,0.0010907358534868745,,,0.002083783175234836,synthetic,10.0,larch_dynamic,0.0003,,0.12301718145319132,5000,,single,1.0130792108851456,test
0.3,bump,0.0009548331607572555,test-single-bump-a0.3-noise0.0003-k10-r0,0.3282521643023105,0.11558116958558345,0.0010908105351007482,,,0.0020851613078408824,synthetic,10.0,fixed_0,0.0003,,0.12305634385608867,5000,,single,1.013070202690633,test
0.3,bump,0.0009548331783971579,test-single-bump-a0.3-noise0.0003-k10-r0,0.3282517598420248,0.11558115331074406,0.0010908103815050864,,,0.0020851584626052763,synthetic,10.0,fixed_1e-06,0.0003,,0.1230562628519238,5000,,single,1.013070221328182,test
0.3,bump,0.0009548333372545193,test-single-bump-a0.3-noise0.0003-k10-r0,0.3282481197351727,0.11558100684849966,0.0010908089992508682,,,0.00208513285569579,synthetic,10.0,fixed_1e-05,0.0003,,0.12305553383198835,5000,,single,1.0130703890653272,test
0.3,bump,0.0009548349348199655,test-single-bump-a0.3-noise0.0003-k10-r0,0.3282117222538322,0.11557954327797677,0.001090795186636314,,,0.002084876807836857,synthetic,10.0,fixed_0.0001,0.0003,,0.12304824536879343,5000,,single,1.0130720663122024,test
0.3,bump,0.0009548518086083621,test-single-bump-a0.3-noise0.0003-k10-r0,0.3278481058750109,0.11556501265666684,0.001090658052232299,,,0.002082318450975574,synthetic,10.0,fixed_0.001,0.0003,,0.122975534218517,5000,,single,1.0130888263514282,test
0.3,bump,0.0009551089998922806,test-single-bump-a0.3-noise0.0003-k10-r0,0.32424756177245706,0.11543007979279574,0.0010893846078644178,,,0.002056945615952744,synthetic,10.0,fixed_0.01,0.0003,,0.12226563045393722,5000,,single,1.0132551930592997,test
0.3,bump,0.00096527175085167,test-single-bump-a0.3-noise0.0003-k10-r0,0.29159642655679224,0.1149922007436051,0.0010852520741509275,,,0.0018229582514753934,synthetic,10.0,fixed_0.1,0.0003,,0.11675102359149933,5000,,single,1.0148040835288055,test
0.3,bump,0.0012528653190018062,test-single-bump-a0.3-noise0.0003-k10-r0,0.17537990156656535,0.13891892367642034,0.0013110632641495357,,,0.0007430273436123351,synthetic,10.0,fixed_1,0.0003,,0.12915517048108682,5000,,single,1.0237270662114681,test
0.3,bump,0.0009548470270080451,test-single-bump-a0.3-noise0.0003-k10-r0,0.3279475865630421,0.11556897165744554,0.001090695415755902,,,0.0020830184562796966,synthetic,10.0,frozen_initial,0.0003,,0.1229954086507939,5000,,single,1.013084240284338,test
0.3,bump,,test-single-bump-a0.3-noise0.0003-k10-r0,0.31900271578885253,0.11380330108919819,0.0010740316973987746,,,0.002022104621043735,synthetic,10.0,rexafs_direct,0.0003,,0.1235554827338873,5000,,single,1.0103277053431736,test
0.3,bump,0.0009469433521478802,test-single-bump-a0.3-noise0.0003-k10-r1,0.29518792769366975,0.11201543955538332,0.0010571585492607247,,,0.001853656696258781,synthetic,10.0,larch_dynamic,0.0003,,0.11757484581254193,5001,,single,1.0140547926140129,test
0.3,bump,0.0009469052709508247,test-single-bump-a0.3-noise0.0003-k10-r1,0.29537022209325686,0.11201978626121653,0.0010571995717952158,,,0.0018549482808407308,synthetic,10.0,fixed_0,0.0003,,0.11761977848526083,5001,,single,1.014046517492311,test
0.3,bump,0.0009469053502001315,test-single-bump-a0.3-noise0.0003-k10-r1,0.2953698457092869,0.11201977734472685,0.0010571994876448225,,,0.0018549456143566304,synthetic,10.0,fixed_1e-06,0.0003,,0.11761968559994214,5001,,single,1.0140465346110434,test
0.3,bump,0.0009469060635217487,test-single-bump-a0.3-noise0.0003-k10-r1,0.29536645828603997,0.11201969710576093,0.0010571987303803852,,,0.001854921616188874,synthetic,10.0,fixed_1e-05,0.0003,,0.11761884964785571,5001,,single,1.0140466886787947,test
0.3,bump,0.0009469132039311038,test-single-bump-a0.3-noise0.0003-k10-r1,0.2953325873412513,0.11201889560246099,0.0010571911661011292,,,0.0018546816537527524,synthetic,10.0,fixed_0.0001,0.0003,,0.11761049168427477,5001,,single,1.0140482292419526,test
0.3,bump,0.0009469853263013631,test-single-bump-a0.3-noise0.0003-k10-r1,0.29499420639765317,0.11201096909527757,0.0010571163587811026,,,0.0018522839517590424,synthetic,10.0,fixed_0.001,0.0003,,0.1175270676786361,5001,,single,1.0140636234602167,test
0.3,bump,0.0009477772089929609,test-single-bump-a0.3-noise0.0003-k10-r1,0.2916430437722973,0.11194043604802377,0.0010564506950636208,,,0.0018284978389056432,synthetic,10.0,fixed_0.01,0.0003,,0.11670827825401632,5001,,single,1.0142164328249177,test
0.3,bump,0.0009616949368607517,test-single-bump-a0.3-noise0.0003-k10-r1,0.2612074554802422,0.11199676818707316,0.0010569823360823108,,,0.0016084960489314204,synthetic,10.0,fixed_0.1,0.0003,,0.10995702597762011,5001,,single,1.0156391340436626,test
0.3,bump,0.0012334742629274214,test-single-bump-a0.3-noise0.0003-k10-r1,0.15234739438824804,0.13503027684356697,0.0012743637139739188,,,0.0005514835809255345,synthetic,10.0,fixed_1,0.0003,,0.11067784497159568,5001,,single,1.023837055857403,test
0.3,bump,0.000946964463736871,test-single-bump-a0.3-noise0.0003-k10-r1,0.29509140072850754,0.11201323081939102,0.001057137704061647,,,0.0018529727274662327,synthetic,10.0,frozen_initial,0.0003,,0.11755101595606228,5001,,single,1.0140592010680272,test
0.3,bump,,test-single-bump-a0.3-noise0.0003-k10-r1,0.2862928385013742,0.110165411694203,0.0010396986992830767,,,0.0017954781602185516,synthetic,10.0,rexafs_direct,0.0003,,0.11577413530559084,5001,,single,1.0114148244610695,test
0.3,bump,0.0009222549893198835,test-single-bump-a0.3-noise0.0003-k10-r2,0.28585607636395166,0.10539020331539171,0.000994632122905756,,,0.0018159294936767702,synthetic,10.0,larch_dynamic,0.0003,,0.10440921010793187,5002,,single,1.0117762139836106,test
0.3,bump,0.0009222425521123322,test-single-bump-a0.3-noise0.0003-k10-r2,0.2860407559526468,0.10539639432186504,0.0009946905512389196,,,0.0018172237718575275,synthetic,10.0,fixed_0,0.0003,,0.10445601299963503,5002,,single,1.0117678871481768,test
0.3,bump,0.0009222425783732738,test-single-bump-a0.3-noise0.0003-k10-r2,0.2860403746462018,0.1053963815942191,0.0009946904311203025,,,0.0018172210997883561,synthetic,10.0,fixed_1e-06,0.0003,,0.10445591624794306,5002,,single,1.0117679043741572,test
0.3,bump,0.0009222428148032682,test-single-bump-a0.3-noise0.0003-k10-r2,0.2860369429207645,0.10539626705536541,0.000994689350146743,,,0.0018171970513553152,synthetic,10.0,fixed_1e-05,0.0003,,0.10445504549975526,5002,,single,1.0117680594070266,test
0.3,bump,0.0009222451869863159,test-single-bump-a0.3-noise0.0003-k10-r2,0.2860026289921244,0.10539512263856207,0.0009946785495819964,,,0.001816956586498888,synthetic,10.0,fixed_0.0001,0.0003,,0.10444633970558595,5002,,single,1.0117696096208877,test
0.3,bump,0.000922269695700925,test-single-bump-a0.3-noise0.0003-k10-r2,0.2856598219312057,0.1053837754840172,0.0009945714595104443,,,0.0018145538829715834,synthetic,10.0,fixed_0.001,0.0003,,0.10435945042919013,5002,,single,1.0117851002759204,test
0.3,bump,0.0009225922673834421,test-single-bump-a0.3-noise0.0003-k10-r2,0.28226477243861364,0.1052798780087124,0.000993590915179225,,,0.0017907200241325783,synthetic,10.0,fixed_0.01,0.0003,,0.10350731651798069,5002,,single,1.011938867031427,test
0.3,bump,0.0009324593780176664,test-single-bump-a0.3-noise0.0003-k10-r2,0.2514301021730681,0.1050797422415343,0.0009917021109382652,,,0.001570470536194138,synthetic,10.0,fixed_0.1,0.0003,,0.09655633128164529,5002,,single,1.0133704930734484,test
0.3,bump,0.001193314224769335,test-single-bump-a0.3-noise0.0003-k10-r2,0.14481269215377288,0.12840290731537998,0.001211817154467103,,,0.0005476865318806745,synthetic,10.0,fixed_1,0.0003,,0.10196894261671023,5002,,single,1.0216205312411102,test
0.3,bump,0.0009222627029508107,test-single-bump-a0.3-noise0.0003-k10-r2,0.28575555736774705,0.10538692866516654,0.0009946012180189377,,,0.0018152249541322461,synthetic,10.0,frozen_initial,0.0003,,0.10438370047116183,5002,,single,1.0117807735679147,test
0.3,bump,,test-single-bump-a0.3-noise0.0003-k10-r2,0.2771458855584887,0.10358665491775056,0.0009776109281924225,,,0.001757202010566742,synthetic,10.0,rexafs_direct,0.0003,,0.10387646706561686,5002,,single,1.009589436668719,test
0.3,bump,0.00048750298502873686,test-single-bump-a0.3-noise0.0003-k12-r0,0.12309695281930053,0.06584098058281927,0.0005607679334709408,,,0.0005355515292134073,synthetic,12.0,larch_dynamic,0.0003,,0.06586230803946588,5000,,single,1.0030534935993531,test
0.3,bump,0.0004874429960555534,test-single-bump-a0.3-noise0.0003-k12-r0,0.12314005078766198,0.06583545444035822,0.0005607208672902659,,,0.0005358375569685729,synthetic,12.0,fixed_0,0.0003,,0.06587795443513275,5000,,single,1.0030512489655743,test
0.3,bump,0.0004874431158479668,test-single-bump-a0.3-noise0.0003-k12-r0,0.12313996462816286,0.06583546547397136,0.0005607209612635993,,,0.0005358369851852734,synthetic,12.0,fixed_1e-06,0.0003,,0.0658779231618127,5000,,single,1.0030512534507618,test
0.3,bump,0.00048744419398632897,test-single-bump-a0.3-noise0.0003-k12-r0,0.123139189202284,0.06583556477746307,0.0005607218070318935,,,0.0005358318391854867,synthetic,12.0,fixed_1e-05,0.0003,,0.06587764170531674,5000,,single,1.0030512938173386,test
0.3,bump,0.0004874549757281006,test-single-bump-a0.3-noise0.0003-k12-r0,0.12313143579358972,0.06583655787007917,0.0005607302652062575,,,0.0005357803833936409,synthetic,12.0,fixed_0.0001,0.0003,,0.06587482744272645,5000,,single,1.003051697464378,test
0.3,bump,0.00048756282942375844,test-single-bump-a0.3-noise0.0003-k12-r0,0.12305398671953947,0.06584649461811912,0.0005608148965348688,,,0.000535266246224251,synthetic,12.0,fixed_0.001,0.0003,,0.06584671504839361,5000,,single,1.0030557320786115,test
0.3,bump,0.00048864491661155,test-single-bump-a0.3-noise0.0003-k12-r0,0.12228796966823981,0.06594643504534829,0.0005616660896117552,,,0.0005301668674911439,synthetic,12.0,fixed_0.01,0.0003,,0.06556860049970502,5000,,single,1.0030958934355634,test
0.3,bump,0.0004997503094787872,test-single-bump-a0.3-noise0.0003-k12-r0,0.11544771254697986,0.06699464675115485,0.0005705937135156219,,,0.00048329518233688085,synthetic,12.0,fixed_0.1,0.0003,,0.0630749468987399,5000,,single,1.0034798478222169,test
0.3,bump,0.0006065060023624121,test-single-bump-a0.3-noise0.0003-k12-r0,0.10246859353057214,0.07809710862274725,0.0006651534321750577,,,0.0003527955993998009,synthetic,12.0,fixed_1,0.0003,,0.05635034054353059,5000,,single,1.0061130133508749,test
0.3,bump,0.0004875312859258135,test-single-bump-a0.3-noise0.0003-k12-r0,0.12307661703270983,0.06584358799487006,0.0005607901408113313,,,0.0005354165020679802,synthetic,12.0,frozen_initial,0.0003,,0.06585492949722509,5000,,single,1.0030545526965626,test
0.3,bump,,test-single-bump-a0.3-noise0.0003-k12-r0,0.11403648066762684,0.06267459914029071,0.000533799848208693,,,0.0004948028256728153,synthetic,12.0,rexafs_direct,0.0003,,0.06594513295129405,5000,,single,0.9998814157794752,test
0.3,bump,0.0004956571512859585,test-single-bump-a0.3-noise0.0003-k12-r1,0.12899403291542044,0.06849915903669515,0.0005834076515489843,,,0.0005651866455471195,synthetic,12.0,larch_dynamic,0.0003,,0.06251565060936438,5001,,single,1.0034648804072277,test
0.3,bump,0.0004955896516781506,test-single-bump-a0.3-noise0.0003-k12-r1,0.129038777218328,0.06849383855761501,0.0005833623370042671,,,0.0005654764396603114,synthetic,12.0,fixed_0,0.0003,,0.06253291196227147,5001,,single,1.0034625672591264,test
0.3,bump,0.0004955897864447545,test-single-bump-a0.3-noise0.0003-k12-r1,0.12903868776670346,0.06849384918021562,0.0005833624274770052,,,0.0005654758603012586,synthetic,12.0,fixed_1e-06,0.0003,,0.06253287745815471,5001,,single,1.003462571881227,test
0.3,bump,0.0004955909993657146,test-single-bump-a0.3-noise0.0003-k12-r1,0.12903788271003314,0.06849394478623318,0.000583363241753895,,,0.0005654706461077022,synthetic,12.0,fixed_1e-05,0.0003,,0.06253256692411925,5001,,single,1.0034626134806819,test
0.3,bump,0.0004956031288775816,test-single-bump-a0.3-noise0.0003-k12-r1,0.12902983300932444,0.06849490090844121,0.0005833713850511242,,,0.0005654185085107131,synthetic,12.0,fixed_0.0001,0.0003,,0.06252946190906952,5001,,single,1.0034630294557647,test
0.3,bump,0.0004957244552698986,test-single-bump-a0.3-noise0.0003-k12-r1,0.12894942244814414,0.06850446844160188,0.0005834528717749159,,,0.0005648975653480872,synthetic,12.0,fixed_0.001,0.0003,,0.06249844423738562,5001,,single,1.003467187296023,test
0.3,bump,0.0004969407689574615,test-single-bump-a0.3-noise0.0003-k12-r1,0.12815393284394916,0.06860076541868812,0.0005842730335702315,,,0.0005597313237637246,synthetic,12.0,fixed_0.01,0.0003,,0.06219150200297401,5001,,single,1.003508575527724,test
0.3,bump,0.000509338092792054,test-single-bump-a0.3-noise0.0003-k12-r1,0.12103231202463731,0.06961713735162608,0.0005929294779826073,,,0.0005123017911071167,synthetic,12.0,fixed_0.1,0.0003,,0.0594323964880723,5001,,single,1.0039042840181893,test
0.3,bump,0.0006249199547046265,test-single-bump-a0.3-noise0.0003-k12-r1,0.10629461468208176,0.0806629958068903,0.0006870071050856787,,,0.00037835334974284867,synthetic,12.0,fixed_1,0.0003,,0.052067731864990724,5001,,single,1.0066198325760736,test
0.3,bump,0.0004956902710011974,test-single-bump-a0.3-noise0.0003-k12-r1,0.12897205878918327,0.06850177203832042,0.000583429906495806,,,0.0005650442392168669,synthetic,12.0,frozen_initial,0.0003,,0.06250717616805661,5001,,single,1.0034660163535416,test
0.3,bump,,test-single-bump-a0.3-noise0.0003-k12-r1,0.12057164468986936,0.0654804239294005,0.0005576970708008062,,,0.0005306639125296768,synthetic,12.0,rexafs_direct,0.0003,,0.061880107707044975,5001,,single,1.000527997532247,test
0.3,bump,0.0004674458894432334,test-single-bump-a0.3-noise0.0003-k12-r2,0.11795519705277589,0.06276901453617137,0.0005346039845682546,,,0.0005175801820121679,synthetic,12.0,larch_dynamic,0.0003,,0.05373269122649094,5002,,single,1.0015134438247026,test
0.3,bump,0.00046739257308330137,test-single-bump-a0.3-noise0.0003-k12-r2,0.11799424030825051,0.06276410370887811,0.0005345621590296844,,,0.000517851306679527,synthetic,12.0,fixed_0,0.0003,,0.053750633555729274,5002,,single,1.0015113276448664,test
0.3,bump,0.00046739267955138924,test-single-bump-a0.3-noise0.0003-k12-r2,0.11799416225538757,0.06276411351315317,0.0005345622425327399,,,0.0005178507647560668,synthetic,12.0,fixed_1e-06,0.0003,,0.053750597697733785,5002,,single,1.0015113318730866,test
0.3,bump,0.00046739363778174064,test-single-bump-a0.3-noise0.0003-k12-r2,0.11799345978725663,0.06276420175365945,0.0005345629940775365,,,0.0005178458874811567,synthetic,12.0,fixed_1e-05,0.0003,,0.053750274978660924,5002,,single,1.001511369927447,test
0.3,bump,0.0004674032204487011,test-single-bump-a0.3-noise0.0003-k12-r2,0.11798643590499201,0.0627650842152938,0.0005345705100073219,,,0.0005177971186339403,synthetic,12.0,fixed_0.0001,0.0003,,0.05374704808991631,5002,,single,1.0015117504533502,test
0.3,bump,0.00046749908396038396,test-single-bump-a0.3-noise0.0003-k12-r2,0.11791627695089395,0.06277391454051708,0.000534645717927731,,,0.000517309820217319,synthetic,12.0,fixed_0.001,0.0003,,0.05371480938279494,5002,,single,1.00151555396375,test
0.3,bump,0.00046846133159169246,test-single-bump-a0.3-noise0.0003-k12-r2,0.11722264674329928,0.06286278011880679,0.0005354025864654276,,,0.0005124757586435775,synthetic,12.0,fixed_0.01,0.0003,,0.05339542952063838,5002,,single,1.0015534150268348,test
0.3,bump,0.0004783786989601046,test-single-bump-a0.3-noise0.0003-k12-r2,0.11105492910047667,0.063799684281489,0.0005433822035142161,,,0.0004679495066650088,synthetic,12.0,fixed_0.1,0.0003,,0.05049177859036642,5002,,single,1.0019153932736902,test
0.3,bump,0.0005756150786833082,test-single-bump-a0.3-noise0.0003-k12-r2,0.10031891104450352,0.07393879084304376,0.0006297370205815727,,,0.0003342770165444562,synthetic,12.0,fixed_1,0.0003,,0.04147490633110578,5002,,single,1.0043989424335087,test
0.3,bump,0.00046747021289234584,test-single-bump-a0.3-noise0.0003-k12-r2,0.11793738618896518,0.06277125468224358,0.0005346230639026215,,,0.0005174564687488635,synthetic,12.0,frozen_initial,0.0003,,0.05372451052571498,5002,,single,1.0015144090799986,test
0.3,bump,,test-single-bump-a0.3-noise0.0003-k12-r2,0.1087361951556611,0.059601257249237254,0.0005076241812328971,,,0.0004803889099287386,synthetic,12.0,rexafs_direct,0.0003,,0.05393912226340728,5002,,single,0.9990462522425511,test
0.3,bump,0.0012421906713002433,test-single-bump-a0.3-noise0.003-k10-r0,0.8256673438392693,0.3299656706605091,0.003114088835305934,,,0.0047225473950077874,synthetic,10.0,larch_dynamic,0.003,,0.27860321575590785,5000,,single,1.0028300752540857,test
0.3,bump,0.0012421602119791406,test-single-bump-a0.3-noise0.003-k10-r0,0.8258419551600671,0.3299769839009975,0.00311419560530969,,,0.0047239093817052075,synthetic,10.0,fixed_0,0.003,,0.27861753008958307,5000,,single,1.002817609715855,test
0.3,bump,0.001242160276186254,test-single-bump-a0.3-noise0.003-k10-r0,0.8258415947223202,0.32997696060135034,0.0031141953854166003,,,0.004723906570284207,synthetic,10.0,fixed_1e-06,0.003,,0.2786175003009439,5000,,single,1.00281763552093,test
0.3,bump,0.0012421608541879677,test-single-bump-a0.3-noise0.003-k10-r0,0.8258383508238033,0.3299767509127714,0.0031141934064566027,,,0.004723881267776804,synthetic,10.0,fixed_1e-05,0.003,,0.2786172322173256,5000,,single,1.0028178677654114,test
0.3,bump,0.0012421666471958024,test-single-bump-a0.3-noise0.003-k10-r0,0.8258059159148893,0.32997465481589294,0.0031141736243020727,,,0.004723628270577756,synthetic,10.0,fixed_0.0001,0.003,,0.27861455278103747,5000,,single,1.0028201900376974,test
0.3,bump,0.001242225874420423,test-single-bump-a0.3-noise0.003-k10-r0,0.8254819740894509,0.32995377264129194,0.0031139765463859006,,,0.004721101083796791,synthetic,10.0,fixed_0.001,0.003,,0.27858789823643404,5000,,single,1.0028433955375768,test
0.3,bump,0.0012429458318473626,test-single-bump-a0.3-noise0.003-k10-r0,0.8222829277828608,0.32975272937223876,0.0031120791774919827,,,0.0046961055278121255,synthetic,10.0,fixed_0.01,0.003,,0.2783351544018297,5000,,single,1.0030737410816746,test
0.3,bump,0.0012610412872887044,test-single-bump-a0.3-noise0.003-k10-r0,0.7939997906323443,0.32842823140425115,0.0030995790761140455,,,0.004471719054115152,synthetic,10.0,fixed_0.1,0.003,,0.277022376169127,5000,,single,1.0052181563497637,test
0.3,bump,0.0016905264813937336,test-single-bump-a0.3-noise0.003-k10-r0,0.6966467669684127,0.3399984586783021,0.0032087744221145843,,,0.0035875060567282786,synthetic,10.0,fixed_1,0.003,,0.304928459112143,5000,,single,1.0175642441783377,test
0.3,bump,0.0012422123609531122,test-single-bump-a0.3-noise0.003-k10-r0,0.8255546989937516,0.3299584523760052,0.0031140207119186164,,,0.00472166849896419,synthetic,10.0,frozen_initial,0.003,,0.27859386536166575,5000,,single,1.0028381840141283,test
0.3,bump,,test-single-bump-a0.3-noise0.003-k10-r0,0.7527056195731248,0.2955266470978585,0.0027890666032640127,,,0.0043288941859330994,synthetic,10.0,rexafs_direct,0.003,,0.2828134484627165,5000,,single,0.9994010849166086,test
0.3,bump,0.001285470229614327,test-single-bump-a0.3-noise0.003-k10-r1,0.6884536836117737,0.32876406645147305,0.003102748557863358,,,0.003266239915928658,synthetic,10.0,larch_dynamic,0.003,,0.24847327088641868,5001,,single,1.0125858928387987,test
0.3,bump,0.0012853185750088358,test-single-bump-a0.3-noise0.003-k10-r1,0.688492794001702,0.3287620669034352,0.003102729686899576,,,0.003266586964209406,synthetic,10.0,fixed_0,0.003,,0.24850127503444114,5001,,single,1.0125807577327168,test
0.3,bump,0.0012853188884798376,test-single-bump-a0.3-noise0.003-k10-r1,0.6884927132338666,0.3287620710453445,0.0031027297259893197,,,0.003266586247725088,synthetic,10.0,fixed_1e-06,0.003,,0.24850121719312743,5001,,single,1.0125807683494885,test
0.3,bump,0.0012853217097225534,test-single-bump-a0.3-noise0.003-k10-r1,0.6884919863330619,0.3287621083236104,0.003102730077807227,,,0.0032665797994462613,synthetic,10.0,fixed_1e-05,0.003,,0.24850069662686872,5001,,single,1.0125808639000606,test
0.3,bump,0.001285349921921452,test-single-bump-a0.3-noise0.003-k10-r1,0.6884847183003123,0.3287624811872822,0.003102733596750864,,,0.003266515324769573,synthetic,10.0,fixed_0.0001,0.003,,0.24849549151934447,5001,,single,1.012581819335143,test
0.3,bump,0.001285632020973739,test-single-bump-a0.3-noise0.003-k10-r1,0.6884121353715553,0.32876621790671406,0.0031027688624687805,,,0.003265871387934053,synthetic,10.0,fixed_0.001,0.003,,0.2484434958909896,5001,,single,1.0125913666253366,test
0.3,bump,0.0012884505547424328,test-single-bump-a0.3-noise0.003-k10-r1,0.6876959464915542,0.32880437929679895,0.0031031290149615086,,,0.003259512237580731,synthetic,10.0,fixed_0.01,0.003,,0.2479290344881475,5001,,single,1.012686138737938,test
0.3,bump,0.0013162526100337839,test-single-bump-a0.3-noise0.003-k10-r1,0.6814069240594136,0.32925282269312933,0.0031073612509119448,,,0.003203227641228398,synthetic,10.0,fixed_0.1,0.003,,0.2432879071758975,5001,,single,1.0135686614983983,test
0.3,bump,0.0015238881220397133,test-single-bump-a0.3-noise0.003-k10-r1,0.6592367478130647,0.3350817597608945,0.003162372512562567,,,0.002993181121949759,synthetic,10.0,fixed_1,0.003,,0.22245854152737196,5001,,single,1.018664140637746,test
0.3,bump,0.001285533786084593,test-single-bump-a0.3-noise0.003-k10-r1,0.6884373919460473,0.32876491494623394,0.0031027565656299126,,,0.003266095468843986,synthetic,10.0,frozen_initial,0.003,,0.24846159168592258,5001,,single,1.012588043283264,test
0.3,bump,,test-single-bump-a0.3-noise0.003-k10-r1,0.6234147268762268,0.3000411740558362,0.002831672968854663,,,0.003037920892105241,synthetic,10.0,rexafs_direct,0.003,,0.24912062427640586,5001,,single,1.0102876422047002,test
0.3,bump,0.0009424676074881374,test-single-bump-a0.3-noise0.003-k10-r2,0.6027314551102525,0.3016002121693059,0.0028463865697370035,,,0.003197976639435682,synthetic,10.0,larch_dynamic,0.003,,0.14176232532329222,5002,,single,0.9898001059098248,test
0.3,bump,0.0009424194641203663,test-single-bump-a0.3-noise0.003-k10-r2,0.6027654067736963,0.30160147778475543,0.002846398514127865,,,0.003198242440079696,synthetic,10.0,fixed_0,0.003,,0.14179576160508675,5002,,single,0.9897944542915661,test
0.3,bump,0.0009424195638044271,test-single-bump-a0.3-noise0.003-k10-r2,0.602765336656968,0.301601475177096,0.00284639848951778,,,0.003198241891342783,synthetic,10.0,fixed_1e-06,0.003,,0.14179569256068186,5002,,single,0.989794465980725,test
0.3,bump,0.0009424204609947839,test-single-bump-a0.3-noise0.003-k10-r2,0.6027647056171579,0.30160145170984953,0.002846398268042952,,,0.0031982369527907223,synthetic,10.0,fixed_1e-05,0.003,,0.14179507116876422,5002,,single,0.9897945711827247,test
0.3,bump,0.0009424294358030603,test-single-bump-a0.3-noise0.003-k10-r2,0.6027583963116719,0.301601217198134,0.002846396054811758,,,0.0031981875754856426,synthetic,10.0,fixed_0.0001,0.003,,0.14178885804717795,5002,,single,0.9897956231248349,test
0.3,bump,0.0009425194743156078,test-single-bump-a0.3-noise0.003-k10-r2,0.6026954123646349,0.30159888813525493,0.0028463740740138957,,,0.0031976946227979092,synthetic,10.0,fixed_0.001,0.003,,0.14172680649245276,5002,,single,0.9898061347825727,test
0.3,bump,0.000943448386990132,test-single-bump-a0.3-noise0.003-k10-r2,0.6020763637363723,0.3015771806320747,0.002846169206964664,,,0.003192846263711651,synthetic,10.0,fixed_0.01,0.003,,0.1411141891895193,5002,,single,0.9899104808033453,test
0.3,bump,0.000955127540928461,test-single-bump-a0.3-noise0.003-k10-r2,0.5968552414323989,0.3014983072940987,0.0028454248307975844,,,0.003151681553555729,synthetic,10.0,fixed_0.1,0.003,,0.13571450053183837,5002,,single,0.9908822517964497,test
0.3,bump,0.0011167359289135487,test-single-bump-a0.3-noise0.003-k10-r2,0.5867148753023963,0.3053755137386808,0.0028820164109976706,,,0.003063990950257237,synthetic,10.0,fixed_1,0.003,,0.11822310247590083,5002,,single,0.9964988944749995,test
0.3,bump,0.0009424940991334396,test-single-bump-a0.3-noise0.003-k10-r2,0.6027131055519148,0.30159954019952673,0.0028463802279451956,,,0.0031978331071694445,synthetic,10.0,frozen_initial,0.003,,0.1417442428635467,5002,,single,0.9898031799738657,test
0.3,bump,,test-single-bump-a0.3-noise0.003-k10-r2,0.5055383014858881,0.2579171123660349,0.0024341223086803403,,,0.0026489436900263177,synthetic,10.0,rexafs_direct,0.003,,0.1339627074190236,5002,,single,0.9920060753154459,test
0.3,bump,0.0007583161226793745,test-single-bump-a0.3-noise0.003-k12-r0,0.8061693949006034,0.32326176288265746,0.0027532219164606965,,,0.0030431400540120094,synthetic,12.0,larch_dynamic,0.003,,0.29917059243446714,5000,,single,0.992817295033471,test
0.3,bump,0.0007582463579550446,test-single-bump-a0.3-noise0.003-k12-r0,0.806176357899604,0.3232603152902949,0.0027532095873099086,,,0.0030431850765467302,synthetic,12.0,fixed_0,0.003,,0.2991754775138214,5000,,single,0.9928147960741773,test
0.3,bump,0.0007582464973708331,test-single-bump-a0.3-noise0.003-k12-r0,0.8061763439641164,0.3232603181812745,0.0027532096119323945,,,0.0030431849863765043,synthetic,12.0,fixed_1e-06,0.003,,0.29917546774319803,5000,,single,0.99281480107166,test
0.3,bump,0.0007582477521183602,test-single-bump-a0.3-noise0.003-k12-r0,0.8061762185468524,0.32326034420037475,0.00275320983353719,,,0.003043184174858864,synthetic,12.0,fixed_1e-05,0.003,,0.2991753798086867,5000,,single,0.992814846049161,test
0.3,bump,0.0007582602996953819,test-single-bump-a0.3-noise0.003-k12-r0,0.8061749645773487,0.32326060440769067,0.0027532120497240934,,,0.0030431760610563708,synthetic,12.0,fixed_0.0001,0.003,,0.29917450056881756,5000,,single,0.9928152958032108,test
0.3,bump,0.0007583857855871932,test-single-bump-a0.3-noise0.003-k12-r0,0.8061624451694122,0.3232632081127622,0.002753234225492124,,,0.003043095060227811,synthetic,12.0,fixed_0.001,0.003,,0.2991657186855663,5000,,single,0.9928197912609329,test
0.3,bump,0.0007596416085055315,test-single-bump-a0.3-noise0.003-k12-r0,0.8060392640222506,0.3232894062704743,0.0027534573553214627,,,0.0030422986655386057,synthetic,12.0,fixed_0.01,0.003,,0.2990789437770491,5000,,single,0.9928645385282518,test
0.3,bump,0.0007722521030147786,test-single-bump-a0.3-noise0.003-k12-r0,0.8049938882895799,0.3235655519417204,0.002755809289269452,,,0.0030355960027690387,synthetic,12.0,fixed_0.1,0.003,,0.29830839881111215,5000,,single,0.9932921994627932,test
0.3,bump,0.0008842456388033319,test-single-bump-a0.3-noise0.003-k12-r0,0.8043187850362155,0.32669450561360125,0.002782458602037506,,,0.003034587562552362,synthetic,12.0,fixed_1,0.003,,0.2959501977307591,5000,,single,0.9962153817623609,test
0.3,bump,0.0007583508055509653,test-single-bump-a0.3-noise0.003-k12-r0,0.8061659311488553,0.3232624820527228,0.002753228041635439,,,0.003043117613501989,synthetic,12.0,frozen_initial,0.003,,0.2991681646446672,5000,,single,0.9928185385684593,test
0.3,bump,,test-single-bump-a0.3-noise0.003-k12-r0,0.694338441376642,0.28051028689997354,0.0023891073995226234,,,0.0025565706819672316,synthetic,12.0,rexafs_direct,0.003,,0.29939424485644295,5000,,single,0.9886700064776525,test
0.3,bump,0.0008796258230310171,test-single-bump-a0.3-noise0.003-k12-r1,0.8756078229587434,0.3492338104202423,0.0029744259644068002,,,0.0031314296341900813,synthetic,12.0,larch_dynamic,0.003,,0.2636357722901371,5001,,single,0.9969311635703783,test
0.3,bump,0.0008794975267405335,test-single-bump-a0.3-noise0.003-k12-r1,0.8756208054787409,0.34923251972998176,0.0029744149715919344,,,0.0031315115434736194,synthetic,12.0,fixed_0,0.003,,0.26364371081503185,5001,,single,0.9969279790095242,test
0.3,bump,0.000879497782738276,test-single-bump-a0.3-noise0.003-k12-r1,0.8756207795047994,0.34923252230687396,0.002974414993539337,,,0.003131511379398237,synthetic,12.0,fixed_1e-06,0.003,,0.2636436949233326,5001,,single,0.996927985376842,test
0.3,bump,0.0008795000867199485,test-single-bump-a0.3-noise0.003-k12-r1,0.8756205457426696,0.34923254549950006,0.00297441519107104,,,0.00313150990274374,synthetic,12.0,fixed_1e-05,0.003,,0.2636435518999815,5001,,single,0.9969280426829115,test
0.3,bump,0.0008795231262520237,test-single-bump-a0.3-noise0.003-k12-r1,0.8756182084396262,0.34923277745742837,0.0029744171666577788,,,0.00313149513839571,synthetic,12.0,fixed_0.0001,0.003,,0.26364212184745284,5001,,single,0.9969286157170438,test
0.3,bump,0.0008797534932787437,test-single-bump-a0.3-noise0.003-k12-r1,0.8755948672251681,0.3492351002152683,0.0029744369495969506,,,0.0031313477146925933,synthetic,12.0,fixed_0.001,0.003,,0.26362783942183415,5001,,single,0.9969343434347571,test
0.3,bump,0.0008820542900113841,test-single-bump-a0.3-noise0.003-k12-r1,0.8753646129381112,0.3492586422086933,0.002974637456862879,,,0.003129895292177615,synthetic,12.0,fixed_0.01,0.003,,0.2634868121900581,5001,,single,0.9969913594496016,test
0.3,bump,0.0009047360963811383,test-single-bump-a0.3-noise0.003-k12-r1,0.8733554820626436,0.3495222998973458,0.0029768830306058673,,,0.003117398219026584,synthetic,12.0,fixed_0.1,0.003,,0.2622439973815245,5001,,single,0.9975365614225493,test
0.3,bump,0.0010879135526916323,test-single-bump-a0.3-noise0.003-k12-r1,0.8690820316134398,0.35320398101568,0.003008239925569336,,,0.003100910783976477,synthetic,12.0,fixed_1,0.003,,0.2590185689964168,5001,,single,1.0012835740144606,test
0.3,bump,0.0008797005563708293,test-single-bump-a0.3-noise0.003-k12-r1,0.8756002262361442,0.3492345659030256,0.002974432398857129,,,0.003131381559313703,synthetic,12.0,frozen_initial,0.003,,0.2636311188060362,5001,,single,0.9969330275496543,test
0.3,bump,,test-single-bump-a0.3-noise0.003-k12-r1,0.780274916499198,0.3139763921887201,0.002674138371691777,,,0.002804888577099301,synthetic,12.0,rexafs_direct,0.003,,0.25517788232993405,5001,,single,0.9951260183933726,test
0.3,bump,0.0005680331488079486,test-single-bump-a0.3-noise0.003-k12-r2,0.8383448281884728,0.3374223159703212,0.0028738274120271886,,,0.003062025476724442,synthetic,12.0,larch_dynamic,0.003,,0.25939381584914284,5002,,single,0.9774167981274569,test
0.3,bump,0.0005680149461155763,test-single-bump-a0.3-noise0.003-k12-r2,0.8383453781161646,0.3374222344763491,0.002873826717942655,,,0.0030620396517984697,synthetic,12.0,fixed_0,0.003,,0.2593963895266807,5002,,single,0.9774155828669806,test
0.3,bump,0.0005680149825222321,test-single-bump-a0.3-noise0.003-k12-r2,0.8383453770127239,0.3374222346386469,0.002873826719324946,,,0.0030620396234750896,synthetic,12.0,fixed_1e-06,0.003,,0.25939638438328916,5002,,single,0.9774155852953123,test
0.3,bump,0.0005680153101860326,test-single-bump-a0.3-noise0.003-k12-r2,0.8383453670821114,0.33742223609945676,0.0028738267317666697,,,0.003062039368568227,synthetic,12.0,fixed_1e-05,0.003,,0.2593963380931044,5002,,single,0.9774156071505286,test
0.3,bump,0.0005680185869148142,test-single-bump-a0.3-noise0.003-k12-r2,0.8383452678132628,0.3374222507133037,0.0028738268562328714,,,0.00306203681984834,synthetic,12.0,fixed_0.0001,0.003,,0.25939587522993734,5002,,single,0.9774158256927912,test
0.3,bump,0.0005680513629620053,test-single-bump-a0.3-noise0.003-k12-r2,0.8383442788502351,0.3374223974252592,0.002873828105779269,,,0.003062011367517409,synthetic,12.0,fixed_0.001,0.003,,0.25939125045306344,5002,,single,0.9774180101122302,test
0.3,bump,0.000568379982629039,test-single-bump-a0.3-noise0.003-k12-r2,0.8383347585537014,0.3374239213347251,0.0028738410849231764,,,0.0030617603044249078,synthetic,12.0,fixed_0.01,0.003,,0.2593453856340033,5002,,single,0.9774397544408097,test
0.3,bump,0.0005717368884103862,test-single-bump-a0.3-noise0.003-k12-r2,0.8382734753761606,0.337444317374928,0.00287401479809109,,,0.0030595707511656516,synthetic,12.0,fixed_0.1,0.003,,0.25892263440713814,5002,,single,0.9776476539775955,test
0.3,bump,0.0006047164453680629,test-single-bump-a0.3-noise0.003-k12-r2,0.8393045678797545,0.33786863830160013,0.0028776287413688497,,,0.0030548763188353776,synthetic,12.0,fixed_1,0.003,,0.25679994175369597,5002,,single,0.9790746725889626,test
0.3,bump,0.0005680380041602774,test-single-bump-a0.3-noise0.003-k12-r2,0.8383446810547769,0.33742233751146145,0.0028738275954931793,,,0.0030620217321920616,synthetic,12.0,frozen_initial,0.003,,0.2593931342946037,5002,,single,0.9774171201386336,test
0.3,bump,,test-single-bump-a0.3-noise0.003-k12-r2,0.7191350449102053,0.28930076885153433,0.002463975974603911,,,0.0025811673307983155,synthetic,12.0,rexafs_direct,0.003,,0.25901485867819724,5002,,single,0.9803176545376191,test
1.0,bump,0.001612920133325716,test-single-bump-a1-noise0-k10-r0,0.15004606979434276,0.05460663473221058,0.0017178545797689457,,,0.00330226857069986,synthetic,10.0,larch_dynamic,0.0,,0.04713407629817866,5000,,single,1.007588642020173,test
1.0,bump,0.001612972887845093,test-single-bump-a1-noise0-k10-r0,0.1501913853321649,0.05461250070125012,0.0017180391156193747,,,0.0033055964581882626,synthetic,10.0,fixed_0,0.0,,0.04718585444298588,5000,,single,1.0075824991629359,test
1.0,bump,0.001612972785444457,test-single-bump-a1-noise0-k10-r0,0.15019108549464164,0.05461248878838151,0.0017180387408558318,,,0.0033055895922866636,synthetic,10.0,fixed_1e-06,0.0,,0.04718574747877114,5000,,single,1.0075825119099997,test
1.0,bump,0.0016129718641363481,test-single-bump-a1-noise0-k10-r0,0.15018838698233467,0.054612381583032825,0.0017180353683132804,,,0.0033055277996410478,synthetic,10.0,fixed_1e-05,0.0,,0.04718478481481271,5000,,single,1.0075826266328094,test
1.0,bump,0.0016129626797495844,test-single-bump-a1-noise0-k10-r0,0.15016140437084702,0.05461131054162958,0.0017180016747266184,,,0.0033049099195405504,synthetic,10.0,fixed_0.0001,0.0,,0.04717515955765521,5000,,single,1.007583773775758,test
1.0,bump,0.001612873701526702,test-single-bump-a1-noise0-k10-r0,0.14989182924781927,0.05460070121883227,0.001717667919060389,,,0.0032987357496961256,synthetic,10.0,fixed_0.001,0.0,,0.047079045219097705,5000,,single,1.0075952367044552,test
1.0,bump,0.001612266435958379,test-single-bump-a1-noise0-k10-r0,0.14722105454581882,0.054504592250330317,0.0017146444543750515,,,0.0032374537952235536,synthetic,10.0,fixed_0.01,0.0,,0.04613172409316231,5000,,single,1.0077090222364329,test
1.0,bump,0.0016305935975706636,test-single-bump-a1-noise0-k10-r0,0.1229039196366967,0.054421201528296645,0.001712021089385462,,,0.0026674794164949964,synthetic,10.0,fixed_0.1,0.0,,0.03804865234453977,5000,,single,1.0087683782759678,test
1.0,bump,0.002394269276705221,test-single-bump-a1-noise0-k10-r0,0.07785917044557296,0.07760828474323321,0.0024414569406807788,,,0.0007107330655087542,synthetic,10.0,fixed_1,0.0,,0.05007684293511883,5000,,single,1.0148713010724706,test
1.0,bump,0.001612499164027561,test-single-bump-a1-noise0-k10-r0,0.14851894802011725,0.05454924886303886,0.001716049294043977,,,0.0032672602788237164,synthetic,10.0,frozen_initial,0.0,,0.0465909529274358,5000,,single,1.0076536766701008,test
1.0,bump,,test-single-bump-a1-noise0-k10-r0,0.07866190346916155,0.0535685318424663,0.001685197196427821,,,0.0015374335305496862,synthetic,10.0,rexafs_direct,0.0,,0.0292220308296283,5000,,single,1.0070553590781288,test
1.0,bump,0.001044238824822377,test-single-bump-a1-noise0-k12-r0,0.07571018907833625,0.037531271687929364,0.0010655133767589762,,,0.0013552780360816656,synthetic,12.0,larch_dynamic,0.0,,0.031146061659687006,5000,,single,1.0041347135372718,test
1.0,bump,0.0010440882954987256,test-single-bump-a1-noise0-k12-r0,0.07576749433055631,0.0375264789301548,0.0010653773102925152,,,0.0013563657985972517,synthetic,12.0,fixed_0,0.0,,0.03116871333644003,5000,,single,1.0041325741006308,test
1.0,bump,0.0010440885961738558,test-single-bump-a1-noise0-k12-r0,0.07576737956476663,0.03752648850182278,0.0010653775820323155,,,0.0013563636202010949,synthetic,12.0,fixed_1e-06,0.0,,0.0311686679949033,5000,,single,1.0041325783818003,test
1.0,bump,0.001044091302285012,test-single-bump-a1-noise0-k12-r0,0.07576634668146662,0.037526574648288694,0.001065380027731799,,,0.0013563440147620807,synthetic,12.0,fixed_1e-05,0.0,,0.031168259924790855,5000,,single,1.0041326169121894,test
1.0,bump,0.0010441183664454204,test-single-bump-a1-noise0-k12-r0,0.07575601867586783,0.03752743624173125,0.0010654044883827997,,,0.0013561479719969719,synthetic,12.0,fixed_0.0001,0.0,,0.03116417957724697,5000,,single,1.004133002198374,test
1.0,bump,0.0010443893126057208,test-single-bump-a1-noise0-k12-r0,0.07565282139808799,0.037536065040406456,0.001065649460109051,,,0.0013541887074046794,synthetic,12.0,fixed_0.001,0.0,,0.031123411470899646,5000,,single,1.0041368532897654,test
1.0,bump,0.0010471287693891197,test-single-bump-a1-noise0-k12-r0,0.07462912542807107,0.037623621507418166,0.0010681351895455182,,,0.0013347121315897804,synthetic,12.0,fixed_0.01,0.0,,0.03071926746795634,5000,,single,1.0041751879737955,test
1.0,bump,0.0010770969528220852,test-single-bump-a1-noise0-k12-r0,0.06522177885952266,0.03860933979775477,0.0010961197468715472,,,0.0011513604812216911,synthetic,12.0,fixed_0.1,0.0,,0.027032748025033294,5000,,single,1.0045416932828088,test
1.0,bump,0.0014249341077770073,test-single-bump-a1-noise0-k12-r0,0.05296030526680143,0.05102183739374263,0.001448510743304724,,,0.000623480119558576,synthetic,12.0,fixed_1,0.0,,0.023274702596680207,5000,,single,1.0070562252642254,test
1.0,bump,0.0010459829867349296,test-single-bump-a1-noise0-k12-r0,0.07505300838048189,0.03758693288382672,0.0010670935989610952,,,0.0013427859921755175,synthetic,12.0,frozen_initial,0.0,,0.030886552250907473,5000,,single,1.004159285052128,test
1.0,bump,,test-single-bump-a1-noise0-k12-r0,0.04421636429816462,0.03789951008802711,0.0010759676705650305,,,0.0007141544487443399,synthetic,12.0,rexafs_direct,0.0,,0.01994251513498065,5000,,single,1.0018914203648823,test
1.0,bump,0.0016319197427659706,test-single-bump-a1-noise0.0003-k10-r0,0.15757737903168925,0.05648284674014636,0.0017768777993146252,,,0.0034498242734271943,synthetic,10.0,larch_dynamic,0.0003,,0.04851629624235589,5000,,single,1.0072470033707004,test
1.0,bump,0.0016319698307713949,test-single-bump-a1-noise0.0003-k10-r0,0.15772420623778188,0.056489356811942844,0.0017770825978103586,,,0.0034532019377595856,synthetic,10.0,fixed_0,0.0003,,0.04856661868012204,5000,,single,1.0072407460637878,test
1.0,bump,0.0016319697340989852,test-single-bump-a1-noise0.0003-k10-r0,0.15772390326502103,0.056489343569837994,0.001777082181230751,,,0.003453194968758333,synthetic,10.0,fixed_1e-06,0.0003,,0.04856651469877962,5000,,single,1.0072407590497647,test
1.0,bump,0.0016319688643511119,test-single-bump-a1-noise0.0003-k10-r0,0.1577211765358296,0.056489224401438,0.0017770784323459736,,,0.003453132248219725,synthetic,10.0,fixed_1e-05,0.0003,,0.048565578881483516,5000,,single,1.0072408759228162,test
1.0,bump,0.0016319601962585012,test-single-bump-a1-noise0.0003-k10-r0,0.15769391181354414,0.05648803373945212,0.001777040975649449,,,0.0034525050903446435,synthetic,10.0,fixed_0.0001,0.0003,,0.04855622217418243,5000,,single,1.0072420445666108,test
1.0,bump,0.0016318764496776811,test-single-bump-a1-noise0.0003-k10-r0,0.15742152137318513,0.05647622919346916,0.0017766696197972095,,,0.00344623825803917,synthetic,10.0,fixed_0.001,0.0003,,0.04846280165691438,5000,,single,1.007253722344003,test
1.0,bump,0.0016313282570448349,test-single-bump-a1-noise0.0003-k10-r0,0.15472316866474833,0.05636826698502907,0.0017732732674103557,,,0.003384041177525821,synthetic,10.0,fixed_0.01,0.0003,,0.047543250486443006,5000,,single,1.0073696405038453,test
1.0,bump,0.0016508130410048066,test-single-bump-a1-noise0.0003-k10-r0,0.1301835441389149,0.056176969550142744,0.0017672552958538027,,,0.002806045087244515,synthetic,10.0,fixed_0.1,0.0003,,0.03981788364127664,5000,,single,1.0084488473700106,test
1.0,bump,0.0024347712054698283,test-single-bump-a1-noise0.0003-k10-r0,0.08099923286595587,0.07914060092390213,0.0024896616392769268,,,0.0007255678435484654,synthetic,10.0,fixed_1,0.0003,,0.05353591899050028,5000,,single,1.0146658736713792,test
1.0,bump,0.0016315289836955364,test-single-bump-a1-noise0.0003-k10-r0,0.1560261614059957,0.05641835777365569,0.0017748490592728,,,0.003414101977917922,synthetic,10.0,frozen_initial,0.0003,,0.04798593201007221,5000,,single,1.007313611237063,test
1.0,bump,,test-single-bump-a1-noise0.0003-k10-r0,0.08547139484462649,0.0550974283135929,0.0017332943153548033,,,0.0016634685244531085,synthetic,10.0,rexafs_direct,0.0003,,0.03258965407240043,5000,,single,1.0067351328173906,test
1.0,bump,0.0016228990659933528,test-single-bump-a1-noise0.0003-k10-r1,0.14916321451938105,0.055649227753438585,0.0017506532168784254,,,0.0032702988703221126,synthetic,10.0,larch_dynamic,0.0003,,0.04954615894465621,5001,,single,1.0075396791269233,test
1.0,bump,0.0016229042503722003,test-single-bump-a1-noise0.0003-k10-r1,0.14930520563682628,0.05565420985066521,0.0017508099472570613,,,0.0032735554104890005,synthetic,10.0,fixed_0,0.0003,,0.04959750765895222,5001,,single,1.0075336405042887,test
1.0,bump,0.0016229042461096924,test-single-bump-a1-noise0.0003-k10-r1,0.14930491264856482,0.05565419975656996,0.001750809629709792,,,0.0032735486918370918,synthetic,10.0,fixed_1e-06,0.0003,,0.0495974015838527,5001,,single,1.0075336530346204,test
1.0,bump,0.0016229042080249132,test-single-bump-a1-noise0.0003-k10-r1,0.1493022757792902,0.055654108919535365,0.001750806772093375,,,0.0032734882244336307,synthetic,10.0,fixed_1e-05,0.0003,,0.04959644692117118,5001,,single,1.007533765806848,test
1.0,bump,0.0016229038541407444,test-single-bump-a1-noise0.0003-k10-r1,0.14927590956833062,0.05565320150383804,0.0017507782259612236,,,0.0032728835963060717,synthetic,10.0,fixed_0.0001,0.0003,,0.04958690159903591,5001,,single,1.0075348934455302,test
1.0,bump,0.00162290300717305,test-single-bump-a1-noise0.0003-k10-r1,0.14901249548914766,0.05564422267483992,0.0017504957635353477,,,0.003266841901801543,synthetic,10.0,fixed_0.001,0.0003,,0.04949157882810706,5001,,single,1.0075461614766366,test
1.0,bump,0.0016231597220705985,test-single-bump-a1-noise0.0003-k10-r1,0.14640303745951747,0.055563845907574516,0.0017479672136909744,,,0.0032068803637046,synthetic,10.0,fixed_0.01,0.0003,,0.04855138223865589,5001,,single,1.007658012433533,test
1.0,bump,0.0016484697892787542,test-single-bump-a1-noise0.0003-k10-r1,0.12267159852064663,0.05558486202109877,0.0017486283536246765,,,0.0026497808400381758,synthetic,10.0,fixed_0.1,0.0003,,0.040446203670540276,5001,,single,1.0086993625244647,test
1.0,bump,0.0024153488711168977,test-single-bump-a1-noise0.0003-k10-r1,0.0780135193377003,0.07817937380434145,0.0024594226689094415,,,0.0007558140990866997,synthetic,10.0,fixed_1,0.0003,,0.04787407924066413,5001,,single,1.01469887056516,test
1.0,bump,0.0016229723217899322,test-single-bump-a1-noise0.0003-k10-r1,0.14769473460622942,0.055601681244934566,0.0017491574648001993,,,0.003236587143364713,synthetic,10.0,frozen_initial,0.0003,,0.04901584106872093,5001,,single,1.0076025934558537,test
1.0,bump,,test-single-bump-a1-noise0.0003-k10-r1,0.07989789519573633,0.05459156883598151,0.0017173806260275676,,,0.0015653192268451372,synthetic,10.0,rexafs_direct,0.0003,,0.030633373212613738,5001,,single,1.0069459838737722,test
1.0,bump,0.0015913939716544025,test-single-bump-a1-noise0.0003-k10-r2,0.1470048796294852,0.05396988675412785,0.0016978233063591822,,,0.0032321840113958846,synthetic,10.0,larch_dynamic,0.0003,,0.0466745053655272,5002,,single,1.006856105735784,test
1.0,bump,0.001591437093451407,test-single-bump-a1-noise0.0003-k10-r2,0.14714731350009605,0.05397569351569402,0.0016980059796185578,,,0.003235443282939531,synthetic,10.0,fixed_0,0.0003,,0.046727143709849046,5002,,single,1.006850051401058,test
1.0,bump,0.0015914370107679011,test-single-bump-a1-noise0.0003-k10-r2,0.14714701961360216,0.053975681717362604,0.0016980056084582077,,,0.003235436558906818,synthetic,10.0,fixed_1e-06,0.0003,,0.04672703498660333,5002,,single,1.0068500639635538,test
1.0,bump,0.0015914362669116504,test-single-bump-a1-noise0.0003-k10-r2,0.14714437466015587,0.05397557554277734,0.0016980022683421498,,,0.0032353760430735554,synthetic,10.0,fixed_1e-05,0.0003,,0.04672605649062733,5002,,single,1.0068501770253333,test
1.0,bump,0.0015914288564829733,test-single-bump-a1-noise0.0003-k10-r2,0.14711792762131432,0.053974514791971566,0.0016979688984844641,,,0.0032347709309210244,synthetic,10.0,fixed_0.0001,0.0003,,0.04671627284435514,5002,,single,1.0068513075592265,test
1.0,bump,0.0015913575617847525,test-single-bump-a1-noise0.0003-k10-r2,0.14685370662517946,0.05396400667113986,0.0016976383265020663,,,0.003228724422933332,synthetic,10.0,fixed_0.001,0.0003,,0.0466185677160128,5002,,single,1.0068626045213487,test
1.0,bump,0.0015909215662924373,test-single-bump-a1-noise0.0003-k10-r2,0.1442363174144025,0.05386874151526224,0.0016946414070779098,,,0.0031687174402996584,synthetic,10.0,fixed_0.01,0.0003,,0.04565464535185029,5002,,single,1.0069747426954967,test
1.0,bump,0.0016104485348452347,test-single-bump-a1-noise0.0003-k10-r2,0.12044161172474624,0.053779120848395555,0.0016918220560270005,,,0.002611450446951109,synthetic,10.0,fixed_0.1,0.0003,,0.03733391197100766,5002,,single,1.0080187702334102,test
1.0,bump,0.0023678472384492076,test-single-bump-a1-noise0.0003-k10-r2,0.0786732030750855,0.07655739017031206,0.0024083971474193923,,,0.0008195060813225056,synthetic,10.0,fixed_1,0.0003,,0.04745313979576726,5002,,single,1.0140339131802736,test
1.0,bump,0.0015910729919447078,test-single-bump-a1-noise0.0003-k10-r2,0.14551447281537222,0.05391325243955127,0.001696041663576312,,,0.0031980460563643147,synthetic,10.0,frozen_initial,0.0003,,0.04612444871356204,5002,,single,1.0069199291716517,test
1.0,bump,,test-single-bump-a1-noise0.0003-k10-r2,0.07727286603543691,0.0528487558311415,0.0016625539677519333,,,0.0015125124803132607,synthetic,10.0,rexafs_direct,0.0003,,0.027777817476475248,5002,,single,1.006422144686707,test
1.0,bump,0.0010455491724552285,test-single-bump-a1-noise0.0003-k12-r0,0.07951364630731234,0.03865798004456408,0.0010975006442217655,,,0.0013824086462144217,synthetic,12.0,larch_dynamic,0.0003,,0.033610714301576125,5000,,single,1.0037935069097446,test
1.0,bump,0.0010453921423097695,test-single-bump-a1-noise0.0003-k12-r0,0.07956832792002269,0.03865326232854626,0.0010973667081919253,,,0.0013834716605447446,synthetic,12.0,fixed_0,0.0003,,0.03363205498394912,5000,,single,1.0037913590042515,test
1.0,bump,0.0010453924559955113,test-single-bump-a1-noise0.0003-k12-r0,0.07956821840242245,0.03865327175040476,0.001097366975678632,,,0.0013834695315763023,synthetic,12.0,fixed_1e-06,0.0003,,0.033632012264506295,5000,,single,1.003791363302494,test
1.0,bump,0.0010453952792040958,test-single-bump-a1-noise0.0003-k12-r0,0.07956723275271944,0.038653356548636435,0.001097369383101725,,,0.0013834503709830807,synthetic,12.0,fixed_1e-05,0.0003,,0.03363162779319561,5000,,single,1.0037914019865826,test
1.0,bump,0.0010454235142821533,test-single-bump-a1-noise0.0003-k12-r0,0.07955737711976098,0.03865420465714254,0.001097393460915174,,,0.0013832587772640752,synthetic,12.0,fixed_0.0001,0.0003,,0.03362778344492106,5000,,single,1.003791788809672,test
1.0,bump,0.0010457061640536847,test-single-bump-a1-noise0.0003-k12-r0,0.07945890720909879,0.03866269835154641,0.0010976345970290973,,,0.0013813440614696812,synthetic,12.0,fixed_0.001,0.0003,,0.033589376447738614,5000,,single,1.0037956552625054,test
1.0,bump,0.0010485620986660853,test-single-bump-a1-noise0.0003-k12-r0,0.07848284766126964,0.03874887883555874,0.0011000812622871847,,,0.0013623188480081443,synthetic,12.0,fixed_0.01,0.0003,,0.0332089533379688,5000,,single,1.003834142810219,test
1.0,bump,0.0010796375703451427,test-single-bump-a1-noise0.0003-k12-r0,0.06958599017294952,0.03971882787181329,0.0011276181302488448,,,0.0011841094174085993,synthetic,12.0,fixed_0.1,0.0003,,0.029768311367060277,5000,,single,1.0042021050041638,test
1.0,bump,0.0014339760485827281,test-single-bump-a1-noise0.0003-k12-r0,0.058696079152237984,0.05197547775736928,0.001475584607801255,,,0.00070568222721792,synthetic,12.0,fixed_1,0.0003,,0.0261134161991396,5000,,single,1.006726304211287,test
1.0,bump,0.0010473454470101978,test-single-bump-a1-noise0.0003-k12-r0,0.07889452750388984,0.03871208684391601,0.0010990367370822065,,,0.0013703535857295815,synthetic,12.0,frozen_initial,0.0003,,0.03336934525055824,5000,,single,1.0038178731973462,test
1.0,bump,,test-single-bump-a1-noise0.0003-k12-r0,0.04927364202213078,0.0387517052392389,0.0011001615039308566,,,0.0007599317950745303,synthetic,12.0,rexafs_direct,0.0003,,0.023506681912483837,5000,,single,1.0015105309569545,test
1.0,bump,0.001055051077205463,test-single-bump-a1-noise0.0003-k12-r1,0.08118931626621512,0.03931782496302994,0.0011162336515405111,,,0.001415904865904588,synthetic,12.0,larch_dynamic,0.0003,,0.033450354726684284,5001,,single,1.0039169228521714,test
1.0,bump,0.001054884096066408,test-single-bump-a1-noise0.0003-k12-r1,0.08124443560384616,0.039313217658688664,0.0011161028500998552,,,0.0014169657039283716,synthetic,12.0,fixed_0,0.0003,,0.03347214695869796,5001,,single,1.0039147544923153,test
1.0,bump,0.0010548844295248689,test-single-bump-a1-noise0.0003-k12-r1,0.08124432520622432,0.039313226860197684,0.001116103111330837,,,0.0014169635791079274,synthetic,12.0,fixed_1e-06,0.0003,,0.03347210332968409,5001,,single,1.0039147588316446,test
1.0,bump,0.001054887430695726,test-single-bump-a1-noise0.0003-k12-r1,0.08124333163708859,0.03931330967562266,0.0011161054624620175,,,0.0014169444558641065,synthetic,12.0,fixed_1e-05,0.0003,,0.03347171067248756,5001,,single,1.0039147978855947,test
1.0,bump,0.001054917445306175,test-single-bump-a1-noise0.0003-k12-r1,0.08123339681373906,0.03931413795777109,0.001116128977404869,,,0.0014167532359145032,synthetic,12.0,fixed_0.0001,0.0003,,0.03346778446747858,5001,,single,1.0039151884070834,test
1.0,bump,0.0010552178818745,test-single-bump-a1-noise0.0003-k12-r1,0.08113413540923936,0.03932243357749476,0.0011163644901755945,,,0.0014148422857110465,synthetic,12.0,fixed_0.001,0.0003,,0.0334285591210349,5001,,single,1.0039190918277185,test
1.0,bump,0.0010582508291562846,test-single-bump-a1-noise0.0003-k12-r1,0.08015020103580739,0.03940665220337133,0.0011187554582512273,,,0.0013958575216249946,synthetic,12.0,fixed_0.01,0.0003,,0.03303997472319586,5001,,single,1.0039579474378584,test
1.0,bump,0.0010910096291186838,test-single-bump-a1-noise0.0003-k12-r1,0.07117766958877007,0.04035886454119674,0.0011457887810734384,,,0.0012183351955485694,synthetic,12.0,fixed_0.1,0.0003,,0.0295204260749981,5001,,single,1.0043294358629504,test
1.0,bump,0.0014556139756618782,test-single-bump-a1-noise0.0003-k12-r1,0.0594405545029657,0.05256727212129161,0.0014923856588365868,,,0.0007415906736176533,synthetic,12.0,fixed_1,0.0003,,0.025824668570065806,5001,,single,1.006878349978845,test
1.0,bump,0.001056995809624473,test-single-bump-a1-noise0.0003-k12-r1,0.08055341658081776,0.039371700317314184,0.0011177631736719435,,,0.0014036468905664966,synthetic,12.0,frozen_initial,0.0003,,0.03319916319982184,5001,,single,1.0039419881954543,test
1.0,bump,,test-single-bump-a1-noise0.0003-k12-r1,0.05086545371902732,0.03940136806058213,0.0011186054413566916,,,0.0007958787010708261,synthetic,12.0,rexafs_direct,0.0003,,0.023079102308309164,5001,,single,1.001717020573908,test
1.0,bump,0.0010261097219314238,test-single-bump-a1-noise0.0003-k12-r2,0.07818348292598906,0.03780520685575432,0.0010732904003596998,,,0.0013585598288024566,synthetic,12.0,larch_dynamic,0.0003,,0.03140530441450852,5002,,single,1.0033314921943906,test
1.0,bump,0.001025961164372268,test-single-bump-a1-noise0.0003-k12-r2,0.07823658668318897,0.03780074417887756,0.0010731637048949718,,,0.0013596122626959193,synthetic,12.0,fixed_0,0.0003,,0.03142766620327718,5002,,single,1.003329382608038,test
1.0,bump,0.0010259614611375606,test-single-bump-a1-noise0.0003-k12-r2,0.07823648032956088,0.03780075309018339,0.0010731639578870804,,,0.0013596101552340433,synthetic,12.0,fixed_1e-06,0.0003,,0.031427621445403744,5002,,single,1.00332938682921,test
1.0,bump,0.0010259641320601478,test-single-bump-a1-noise0.0003-k12-r2,0.07823552315580512,0.03780083329337498,0.0010731662348569153,,,0.0013595911882014857,synthetic,12.0,fixed_1e-05,0.0003,,0.03142721862811419,5002,,single,1.0033294248196252,test
1.0,bump,0.0010259908443098218,test-single-bump-a1-noise0.0003-k12-r2,0.07822595227578477,0.03780163545224678,0.001073189008159544,,,0.0013594015297023223,synthetic,12.0,fixed_0.0001,0.0003,,0.03142319079994206,5002,,single,1.0033298047063597,test
1.0,bump,0.0010262582683169168,test-single-bump-a1-noise0.0003-k12-r2,0.0781303292076131,0.03780966970500198,0.0010734171007180404,,,0.001357506126815829,synthetic,12.0,fixed_0.001,0.0003,,0.0313829469827262,5002,,single,1.0033336018280383,test
1.0,bump,0.0010289622042544612,test-single-bump-a1-noise0.0003-k12-r2,0.07718266958145656,0.03789126146495355,0.0010757334920299198,,,0.001338670102618241,synthetic,12.0,fixed_0.01,0.0003,,0.030983954697014024,5002,,single,1.003371399287596,test
1.0,bump,0.0010585492630778763,test-single-bump-a1-noise0.0003-k12-r2,0.06856296596035767,0.03881607434589823,0.0011019889438525791,,,0.0011619460130964639,synthetic,12.0,fixed_0.1,0.0003,,0.0273390219465572,5002,,single,1.0037327686396111,test
1.0,bump,0.0014020531541166226,test-single-bump-a1-noise0.0003-k12-r2,0.05871829104548278,0.050732413979691963,0.0014402940081569664,,,0.0006690115081611351,synthetic,12.0,fixed_1,0.0003,,0.022915982732880043,5002,,single,1.0062120829360857,test
1.0,bump,0.0010277909751659606,test-single-bump-a1-noise0.0003-k12-r2,0.07758894620033496,0.03785584115303858,0.0010747279088333744,,,0.0013467570958939554,synthetic,12.0,frozen_initial,0.0003,,0.03115504521559853,5002,,single,1.0033551573529502,test
1.0,bump,,test-single-bump-a1-noise0.0003-k12-r2,0.04909596024708457,0.037880961013626965,0.0010754410620593506,,,0.0007411884798150174,synthetic,12.0,rexafs_direct,0.0003,,0.020638882426028904,5002,,single,1.001240051862578,test
1.0,bump,0.0018713090755306532,test-single-bump-a1-noise0.003-k10-r0,0.28545752376275024,0.10964151357300074,0.0034491811690618296,,,0.005683857720901159,synthetic,10.0,larch_dynamic,0.003,,0.08370388604257109,5000,,single,1.0041722548068606,test
1.0,bump,0.0018713323954497256,test-single-bump-a1-noise0.003-k10-r0,0.2855859851801266,0.10964938511515994,0.0034494287976661983,,,0.00568709114072991,synthetic,10.0,fixed_0,0.003,,0.08373225216766103,5000,,single,1.0041649681713503,test
1.0,bump,0.001871332356102728,test-single-bump-a1-noise0.003-k10-r0,0.285585720016071,0.10964936900666722,0.0034494282909137116,,,0.00568708446692256,synthetic,10.0,fixed_1e-06,0.003,,0.083732193393137,5000,,single,1.0041649833075912,test
1.0,bump,0.0018713320023309226,test-single-bump-a1-noise0.003-k10-r0,0.2855833335699484,0.109649224037971,0.003449423730384758,,,0.005687024403278834,synthetic,10.0,fixed_1e-05,0.003,,0.08373166443859023,5000,,single,1.0041651195328416,test
1.0,bump,0.0018713284989595681,test-single-bump-a1-noise0.003-k10-r0,0.2855594721393227,0.10964777511127664,0.0034493781490122772,,,0.005686423829046637,synthetic,10.0,fixed_0.0001,0.003,,0.08372637649193232,5000,,single,1.0041664816842593,test
1.0,bump,0.0018712968948343196,test-single-bump-a1-noise0.003-k10-r0,0.2853211606725684,0.10963336177398066,0.0034489247239366414,,,0.005680424302899711,synthetic,10.0,fixed_0.001,0.003,,0.08367365678453553,5000,,single,1.004180093099838,test
1.0,bump,0.0018713187848480313,test-single-bump-a1-noise0.003-k10-r0,0.28296812703396373,0.10949672598222994,0.0034446263374535635,,,0.005621046782800202,synthetic,10.0,fixed_0.01,0.003,,0.0831623101649968,5000,,single,1.0043152049105621,test
1.0,bump,0.0019005580045962694,test-single-bump-a1-noise0.003-k10-r0,0.2622544140115669,0.10879178760735335,0.003422449881759576,,,0.005085437302582768,synthetic,10.0,fixed_0.1,0.003,,0.07950843693607582,5000,,single,1.0055730692162985,test
1.0,bump,0.002845515437144305,test-single-bump-a1-noise0.003-k10-r0,0.21060719458999205,0.12384829079311238,0.0038961081300622324,,,0.003296255111179918,synthetic,10.0,fixed_1,0.003,,0.0996172087356204,5000,,single,1.012817027061438,test
1.0,bump,0.0018712333296124714,test-single-bump-a1-noise0.003-k10-r0,0.2840306900309146,0.10955714156691138,0.0034465269341364276,,,0.005647891672721698,synthetic,10.0,frozen_initial,0.003,,0.08339113131059903,5000,,single,1.0042540294207039,test
1.0,bump,,test-single-bump-a1-noise0.003-k10-r0,0.20721144705454334,0.09840548107324529,0.0030957100206786066,,,0.003768399500124257,synthetic,10.0,rexafs_direct,0.003,,0.07995392570074172,5000,,single,1.0038787780028462,test
1.0,bump,0.0018622005664742421,test-single-bump-a1-noise0.003-k10-r1,0.23540307881891756,0.10836981454032282,0.003409175151146851,,,0.004203435532946676,synthetic,10.0,larch_dynamic,0.003,,0.08812163318278635,5001,,single,1.007099013111348,test
1.0,bump,0.0018618972264504126,test-single-bump-a1-noise0.003-k10-r1,0.23547088135740893,0.10836933466852657,0.003409160054996595,,,0.004205298534978817,synthetic,10.0,fixed_0,0.003,,0.0881585137328252,5001,,single,1.0070939125764165,test
1.0,bump,0.001861897858078348,test-single-bump-a1-noise0.003-k10-r1,0.23547074138062227,0.10836933574623742,0.0034091600888999938,,,0.004205294691008214,synthetic,10.0,fixed_1e-06,0.003,,0.08815843754055379,5001,,single,1.0070939231561575,test
1.0,bump,0.0018619035428541566,test-single-bump-a1-noise0.003-k10-r1,0.2354694816091686,0.10836934544900717,0.003409160394136666,,,0.004205260095718441,synthetic,10.0,fixed_1e-05,0.003,,0.08815775181875539,5001,,single,1.007094018373247,test
1.0,bump,0.0018619604021758499,test-single-bump-a1-noise0.003-k10-r1,0.23545688585214272,0.10836944279709734,0.003409163456582527,,,0.004204914187459985,synthetic,10.0,fixed_0.0001,0.003,,0.08815089545985139,5001,,single,1.007094970473504,test
1.0,bump,0.0018625301493961494,test-single-bump-a1-noise0.003-k10-r1,0.23533112384519692,0.1083704482739538,0.0034091950875927727,,,0.004201459564880117,synthetic,10.0,fixed_0.001,0.003,,0.08808241771312215,5001,,single,1.0071044844261763,test
1.0,bump,0.0018683404761219706,test-single-bump-a1-noise0.003-k10-r1,0.23409289888882484,0.1083836543915319,0.0034096105350869053,,,0.0041673563314523505,synthetic,10.0,fixed_0.01,0.003,,0.0874061646177066,5001,,single,1.007198924207444,test
1.0,bump,0.0019354663640181638,test-single-bump-a1-noise0.003-k10-r1,0.22349818679331124,0.10878717107442874,0.0034223046515642693,,,0.003867781759471904,synthetic,10.0,fixed_0.1,0.003,,0.08143967235388401,5001,,single,1.0080782207608958,test
1.0,bump,0.002664851645397155,test-single-bump-a1-noise0.003-k10-r1,0.20453885152308776,0.12035877382457535,0.0037863324089437355,,,0.003143540803113046,synthetic,10.0,fixed_1,0.003,,0.06523665754850026,5001,,single,1.0131469959992738,test
1.0,bump,0.0018650031587381093,test-single-bump-a1-noise0.003-k10-r1,0.23479450130227342,0.10837542860920577,0.0034093517625419494,,,0.004186700054238699,synthetic,10.0,frozen_initial,0.003,,0.08778980063219982,5001,,single,1.0071452398513445,test
1.0,bump,,test-single-bump-a1-noise0.003-k10-r1,0.1913136416415069,0.10065216845579132,0.0031663879195885586,,,0.003258977382841212,synthetic,10.0,rexafs_direct,0.003,,0.07459336133522666,5001,,single,1.006031096664606,test
1.0,bump,0.0014671095632800156,test-single-bump-a1-noise0.003-k10-r2,0.20962064555984924,0.09827707547220045,0.0030916705454224484,,,0.004016668194224734,synthetic,10.0,larch_dynamic,0.003,,0.062328058749583845,5002,,single,1.0002632784297032,test
1.0,bump,0.0014670694348210655,test-single-bump-a1-noise0.003-k10-r2,0.2096868659137164,0.09827966274712058,0.003091751937767764,,,0.004018369205379676,synthetic,10.0,fixed_0,0.003,,0.062368723252987666,5002,,single,1.000258021544073,test
1.0,bump,0.0014670695224914417,test-single-bump-a1-noise0.003-k10-r2,0.20968672927209078,0.0982796574702023,0.003091751771762694,,,0.004018365697118452,synthetic,10.0,fixed_1e-06,0.003,,0.062368639330797684,5002,,single,1.0002580324455255,test
1.0,bump,0.001467070311756461,test-single-bump-a1-noise0.003-k10-r2,0.20968549951925955,0.09827960998228866,0.003091750277853935,,,0.004018334123248851,synthetic,10.0,fixed_1e-05,0.003,,0.062367884041332346,5002,,single,1.0002581305580365,test
1.0,bump,0.0014670782263256125,test-single-bump-a1-noise0.003-k10-r2,0.20967320416681356,0.09827913552053986,0.003091735351896822,,,0.004018018432766068,synthetic,10.0,fixed_0.0001,0.003,,0.06236033216960293,5002,,single,1.0002591116104156,test
1.0,bump,0.001467159560966373,test-single-bump-a1-noise0.003-k10-r2,0.20955046802907368,0.09827443258712681,0.0030915874036531415,,,0.004014866345177805,synthetic,10.0,fixed_0.001,0.003,,0.06228491568251741,5002,,single,1.0002689148733492,test
1.0,bump,0.0014681883699085596,test-single-bump-a1-noise0.003-k10-r2,0.20834467119022285,0.09823151451749586,0.0030902372563160656,,,0.00398382390976569,synthetic,10.0,fixed_0.01,0.003,,0.061540925252654005,5002,,single,1.0003662268270659,test
1.0,bump,0.0014968175252016132,test-single-bump-a1-noise0.003-k10-r2,0.19827741211802344,0.09816125670228946,0.0030880270357044356,,,0.003718108758842171,synthetic,10.0,fixed_0.1,0.003,,0.055072716885395064,5002,,single,1.001272297850311,test
1.0,bump,0.0021745807309367965,test-single-bump-a1-noise0.003-k10-r2,0.19170968434356564,0.1087906672502352,0.0034224146367638746,,,0.00336984343449813,synthetic,10.0,fixed_1,0.003,,0.04822116395493638,5002,,single,1.0064974221504461,test
1.0,bump,0.0014676162436240382,test-single-bump-a1-noise0.003-k10-r2,0.20895345351849298,0.09825242941918365,0.0030908952122554122,,,0.0039995138918842614,synthetic,10.0,frozen_initial,0.003,,0.0619172551915783,5002,,single,1.0003168653780783,test
1.0,bump,,test-single-bump-a1-noise0.003-k10-r2,0.15737055054090204,0.08624502847482157,0.002713157803522051,,,0.002830561373187004,synthetic,10.0,rexafs_direct,0.003,,0.0445727901519763,5002,,single,1.000745447907479,test
1.0,bump,0.0011808404963051522,test-single-bump-a1-noise0.003-k12-r0,0.25120043837960127,0.1020316762994824,0.0028966808493516905,,,0.003284493945057215,synthetic,12.0,larch_dynamic,0.003,,0.09423162220957715,5000,,single,1.0007226467692,test
1.0,bump,0.0011806459967574874,test-single-bump-a1-noise0.003-k12-r0,0.2512180603116421,0.102029661885009,0.002896623660094007,,,0.003284927142923776,synthetic,12.0,fixed_0,0.003,,0.09424038967690028,5000,,single,1.0007204231368367,test
1.0,bump,0.0011806463855684424,test-single-bump-a1-noise0.003-k12-r0,0.2512180249906754,0.10202966590849448,0.0028966237743208215,,,0.0032849262744132353,synthetic,12.0,fixed_1e-06,0.003,,0.09424037211726528,5000,,single,1.0007204275887789,test
1.0,bump,0.0011806498848987998,test-single-bump-a1-noise0.003-k12-r0,0.2512177071070145,0.10202970212051449,0.002896624802380622,,,0.0032849184579282274,synthetic,12.0,fixed_1e-05,0.003,,0.09424021408281208,5000,,single,1.000720467656145,test
1.0,bump,0.0011806848804983988,test-single-bump-a1-noise0.003-k12-r0,0.25121452876382244,0.10203006429469635,0.00289663508451118,,,0.0032848403038245083,synthetic,12.0,fixed_0.0001,0.003,,0.09423863396163286,5000,,single,1.0007208683113276,test
1.0,bump,0.0011810350661343818,test-single-bump-a1-noise0.003-k12-r0,0.25118279463558896,0.10203369143393191,0.0028967380590495064,,,0.0032840598366634414,synthetic,12.0,fixed_0.001,0.003,,0.09422285506787749,5000,,single,1.0007248730172047,test
1.0,bump,0.0011845594733545933,test-single-bump-a1-noise0.003-k12-r0,0.2508703497970925,0.10207049654283075,0.0028977829566535864,,,0.0032763619146939575,synthetic,12.0,fixed_0.01,0.003,,0.0940672834620543,5000,,single,1.000764736338027,test
1.0,bump,0.0012216797131118712,test-single-bump-a1-noise0.003-k12-r0,0.24820320339636182,0.1024862964489257,0.002909587522341718,,,0.0032094420966746677,synthetic,12.0,fixed_0.1,0.003,,0.09271945205937838,5000,,single,1.0011458104963484,test
1.0,bump,0.0016042153747562282,test-single-bump-a1-noise0.003-k12-r0,0.24637710498257515,0.1083133690415519,0.0030750182022934894,,,0.003115354611323265,synthetic,12.0,fixed_1,0.003,,0.09083377893720514,5000,,single,1.0037570147347383,test
1.0,bump,0.0011828872265084583,test-single-bump-a1-noise0.003-k12-r0,0.2510170437664524,0.10205296603844932,0.0028972852653663026,,,0.00327997923847746,synthetic,12.0,frozen_initial,0.003,,0.09414037458968375,5000,,single,1.0007459208800948,test
1.0,bump,,test-single-bump-a1-noise0.003-k12-r0,0.21101064932604538,0.09027159002778337,0.0025628118203849764,,,0.0026330523688827662,synthetic,12.0,rexafs_direct,0.003,,0.0907478240337949,5000,,single,0.9981060389518012,test
1.0,bump,0.0013086294652083453,test-single-bump-a1-noise0.003-k12-r1,0.2738005999257035,0.11034282983941182,0.003132634625358183,,,0.003456034606724617,synthetic,12.0,larch_dynamic,0.003,,0.08578346807408875,5001,,single,1.0019568061768325,test
1.0,bump,0.0013083486900225768,test-single-bump-a1-noise0.003-k12-r1,0.2738217689154924,0.11034109749886943,0.0031325854441837113,,,0.003456544229911336,synthetic,12.0,fixed_0,0.003,,0.08579461204366863,5001,,single,1.0019543780174305,test
1.0,bump,0.0013083492501734925,test-single-bump-a1-noise0.003-k12-r1,0.273821726479713,0.11034110095991673,0.0031325855424428973,,,0.0034565432073998,synthetic,12.0,fixed_1e-06,0.003,,0.08579458969642827,5001,,single,1.0019543828803246,test
1.0,bump,0.0013083542915491924,test-single-bump-a1-noise0.003-k12-r1,0.27382134456329166,0.11034113211006832,0.003132586426796177,,,0.003456534004920517,synthetic,12.0,fixed_1e-05,0.003,,0.08579438857414684,5001,,single,1.001954426646254,test
1.0,bump,0.0013084047067414115,test-single-bump-a1-noise0.003-k12-r1,0.27381752594678677,0.11034144367543097,0.0031325952721415837,,,0.0034564419921993815,synthetic,12.0,fixed_0.0001,0.003,,0.08579237763291557,5001,,single,1.0019548642854705,test
1.0,bump,0.001308909001543571,test-single-bump-a1-noise0.003-k12-r1,0.2737793945174041,0.11034456570484988,0.0031326839066044966,,,0.003455523071608342,synthetic,12.0,fixed_0.001,0.003,,0.08577229636430596,5001,,single,1.0019592386693421,test
1.0,bump,0.0013139658429232085,test-single-bump-a1-noise0.003-k12-r1,0.2734035170903284,0.1103764168197602,0.0031335881602435373,,,0.0034464538386477306,synthetic,12.0,fixed_0.01,0.003,,0.08557428121191407,5001,,single,1.0020027826144338,test
1.0,bump,0.00136556709127302,test-single-bump-a1-noise0.003-k12-r1,0.2701534234133924,0.11075168713171489,0.0031442420901346695,,,0.0033670927489499306,synthetic,12.0,fixed_0.1,0.003,,0.08385764836506947,5001,,single,1.0024191190842702,test
1.0,bump,0.0018367541235769426,test-single-bump-a1-noise0.003-k12-r1,0.26573681537583654,0.11664466232063399,0.003311543745802294,,,0.0032319016631809925,synthetic,12.0,fixed_1,0.003,,0.08169489168247063,5001,,single,1.0052774724103637,test
1.0,bump,0.001312089359164529,test-single-bump-a1-noise0.003-k12-r1,0.2735416344580761,0.11036448296118652,0.0031332493578162617,,,0.003449788706814993,synthetic,12.0,frozen_initial,0.003,,0.0856470563022237,5001,,single,1.0019866915531104,test
1.0,bump,,test-single-bump-a1-noise0.003-k12-r1,0.23694338812425805,0.10058864378632809,0.0028557131342513632,,,0.0029107253244531088,synthetic,12.0,rexafs_direct,0.003,,0.07932819495686144,5001,,single,1.0001524512244646,test
1.0,bump,0.0009647893969173167,test-single-bump-a1-noise0.003-k12-r2,0.25861493706909927,0.10467086971902984,0.002971607590863795,,,0.0032309089747993673,synthetic,12.0,larch_dynamic,0.003,,0.08216870375643413,5002,,single,0.9961024998105437,test
1.0,bump,0.0009646723669680744,test-single-bump-a1-noise0.003-k12-r2,0.2586251103403348,0.10467011270655822,0.002971586099268158,,,0.0032312371567372244,synthetic,12.0,fixed_0,0.003,,0.08217679445760329,5002,,single,0.996100659174666,test
1.0,bump,0.0009646726009902264,test-single-bump-a1-noise0.003-k12-r2,0.25862508995788297,0.10467011421560166,0.0029715861421099237,,,0.003231236499896243,synthetic,12.0,fixed_1e-06,0.003,,0.08217677826943619,5002,,single,0.9961006628558574,test
1.0,bump,0.000964674707227316,test-single-bump-a1-noise0.003-k12-r2,0.2586249065192029,0.10467012779753868,0.0029715865277013236,,,0.0032312305884086077,synthetic,12.0,fixed_1e-05,0.003,,0.08217663257781943,5002,,single,0.9961006959865557,test
1.0,bump,0.0009646957721119964,test-single-bump-a1-noise0.003-k12-r2,0.2586230724536498,0.10467026365799462,0.002971590384781743,,,0.003231171481302316,synthetic,12.0,fixed_0.0001,0.003,,0.08217517584335213,5002,,single,0.9961010272781952,test
1.0,bump,0.0009649066729221807,test-single-bump-a1-noise0.003-k12-r2,0.2586047639007774,0.10467162637678587,0.0029716290723890517,,,0.003230581186781713,synthetic,12.0,fixed_0.001,0.003,,0.08216062665707073,5002,,single,0.9961043386725792,test
1.0,bump,0.000967040516623598,test-single-bump-a1-noise0.003-k12-r2,0.2584248647705091,0.10468566084075898,0.002972027511035717,,,0.0032247554061397227,synthetic,12.0,fixed_0.01,0.003,,0.08201693920210897,5002,,single,0.9961373011117907,test
1.0,bump,0.0009905279365362292,test-single-bump-a1-noise0.003-k12-r2,0.25692190563484674,0.10486285865476543,0.0029770581596832305,,,0.0031737450804418237,synthetic,12.0,fixed_0.1,0.003,,0.08074957191997531,5002,,single,0.9964524468507856,test
1.0,bump,0.0012716619478843946,test-single-bump-a1-noise0.003-k12-r2,0.25747893925442145,0.10813133702639435,0.003069850310601423,,,0.003074428082903246,synthetic,12.0,fixed_1,0.003,,0.07775049104242306,5002,,single,0.9986148019827159,test
1.0,bump,0.000965859548284897,test-single-bump-a1-noise0.003-k12-r2,0.25852324769638235,0.10467783884728435,0.0029718054445214406,,,0.00322794722060722,synthetic,12.0,frozen_initial,0.003,,0.08209568448073591,5002,,single,0.9961191778367865,test
1.0,bump,,test-single-bump-a1-noise0.003-k12-r2,0.21993358152484668,0.09107624622744172,0.0025856560221897275,,,0.0026262956237142446,synthetic,12.0,rexafs_direct,0.003,,0.07913964984046529,5002,,single,0.9954070191621888,test
0.3,polynomial,0.0008239381905711119,test-double-polynomial-a0.3-noise0-k10-r0,0.28054859319158465,0.08063326150262505,0.0008689437078723484,,,0.0020478425835920733,synthetic,10.0,larch_dynamic,0.0,,0.10790531948511775,5000,,double,0.997452693258979,test
0.3,polynomial,0.0008241577630792295,test-double-polynomial-a0.3-noise0-k10-r0,0.2806960508377002,0.08065705650429611,0.0008692001345205523,,,0.002048891951320605,synthetic,10.0,fixed_0,0.0,,0.1079655370783051,5000,,double,0.9974565839721482,test
0.3,polynomial,0.000824157309983896,test-double-polynomial-a0.3-noise0-k10-r0,0.2806957464300658,0.08065700739570887,0.0008691996053022484,,,0.002048889785320201,synthetic,10.0,fixed_1e-06,0.0,,0.10796541274790722,5000,,double,0.9974565759227242,test
0.3,polynomial,0.0008241532322095332,test-double-polynomial-a0.3-noise0-k10-r0,0.2806930067840609,0.08065656542672713,0.0008691948424269957,,,0.002048870291470171,synthetic,10.0,fixed_1e-05,0.0,,0.10796429378394685,5000,,double,0.9974565034782478,test
0.3,polynomial,0.0008241124622411591,test-double-polynomial-a0.3-noise0-k10-r0,0.28066561258552053,0.08065214651324645,0.0008691472220406551,,,0.002048675368260815,synthetic,10.0,fixed_0.0001,0.0,,0.10795310510245366,5000,,double,0.9974557790873834,test
0.3,polynomial,0.0008237055399464427,test-double-polynomial-a0.3-noise0-k10-r0,0.28039189657229246,0.08060803499793663,0.000868671854643146,,,0.002046727664020168,synthetic,10.0,fixed_0.001,0.0,,0.1078413140273144,5000,,double,0.9974485405380118,test
0.3,polynomial,0.0008197133837613276,test-double-polynomial-a0.3-noise0-k10-r0,0.2776771735163499,0.08017461782006537,0.0008640011378374916,,,0.0020274022978049237,synthetic,10.0,fixed_0.01,0.0,,0.10673291129177803,5000,,double,0.9973766869851459,test
0.3,polynomial,0.0007868613054878954,test-double-polynomial-a0.3-noise0-k10-r0,0.2526247331616861,0.07654954470936605,0.000824935565995072,,,0.0018482843627708261,synthetic,10.0,fixed_0.1,0.0,,0.09653840572722865,5000,,double,0.9967076408947992,test
0.3,polynomial,0.0007793544385129002,test-double-polynomial-a0.3-noise0-k10-r0,0.12692097705344652,0.07366054298065058,0.000793802261606561,,,0.0008843124021499205,synthetic,10.0,fixed_1,0.0,,0.04875652761957078,5000,,double,0.9928482796238604,test
0.3,polynomial,0.0008237791001719405,test-double-polynomial-a0.3-noise0-k10-r0,0.2804414167982364,0.08061601002772319,0.0008687577974888648,,,0.002047080050084742,synthetic,10.0,frozen_initial,0.0,,0.10786153860987156,5000,,double,0.9974498502069031,test
0.3,polynomial,,test-double-polynomial-a0.3-noise0-k10-r0,0.2614980659645376,0.07660121406968173,0.0008254923804497947,,,0.0019115372163404389,synthetic,10.0,rexafs_direct,0.0,,0.10063438400211505,5000,,double,0.9951002885536291,test
0.3,polynomial,0.00045541535317781303,test-double-polynomial-a0.3-noise0-k12-r0,0.1322986342413796,0.048084977062205075,0.00046761811251433004,,,0.0007848655201462455,synthetic,12.0,larch_dynamic,0.0,,0.05348520378783183,5000,,double,1.0007506308344185,test
0.3,polynomial,0.00045559197082326947,test-double-polynomial-a0.3-noise0-k12-r0,0.13238490638970346,0.0481044728084567,0.0004678077052857365,,,0.0007853653578918232,synthetic,12.0,fixed_0,0.0,,0.0535222153357877,5000,,double,1.000748870086995,test
0.3,polynomial,0.0004555916185592948,test-double-polynomial-a0.3-noise0-k12-r0,0.1323847343345507,0.048104433923366,0.00046780732713493285,,,0.0007853643611659916,synthetic,12.0,fixed_1e-06,0.0,,0.053522141509889584,5000,,double,1.000748873599567,test
0.3,polynomial,0.00045558844821825303,test-double-polynomial-a0.3-noise0-k12-r0,0.13238318584616424,0.04810408396125513,0.00046780392381373496,,,0.0007853553906734695,synthetic,12.0,fixed_1e-05,0.0,,0.05352147708017164,5000,,double,1.0007489052123086,test
0.3,polynomial,0.00045555674710897183,test-double-polynomial-a0.3-noise0-k12-r0,0.13236770183277233,0.04810058458962786,0.00046776989302791994,,,0.0007852656902703087,synthetic,12.0,fixed_0.0001,0.0,,0.053514833123825746,5000,,double,1.0007492213251394,test
0.3,polynomial,0.00045523996587119766,test-double-polynomial-a0.3-noise0-k12-r0,0.13221294860045854,0.04806561579432233,0.00046742982752187795,,,0.0007843691374489005,synthetic,12.0,fixed_0.001,0.0,,0.05344842760851499,5000,,double,1.0007523810008956,test
0.3,polynomial,0.0004520950590491504,test-double-polynomial-a0.3-noise0-k12-r0,0.130674079288758,0.047718411491619796,0.0004640533255329807,,,0.0007754485520749747,synthetic,12.0,fixed_0.01,0.0,,0.05278776471213453,5000,,double,1.0007838331652636,test
0.3,polynomial,0.00042285965629959105,test-double-polynomial-a0.3-noise0-k12-r0,0.11612693631789996,0.04448663044069004,0.000432624811942544,,,0.0006905703082767854,synthetic,12.0,fixed_0.1,0.0,,0.046508708120563624,5000,,double,1.001084536689708,test
0.3,polynomial,0.00029391545769123475,test-double-polynomial-a0.3-noise0-k12-r0,0.0489971954870795,0.030158711966033345,0.0002932882747802049,,,0.00020719531343068418,synthetic,12.0,fixed_1,0.0,,0.014359971264786529,5000,,double,1.003147593770614,test
0.3,polynomial,0.00045532064397153457,test-double-polynomial-a0.3-noise0-k12-r0,0.13225236565927742,0.04807452175324275,0.00046751643643707215,,,0.0007845975066464358,synthetic,12.0,frozen_initial,0.0,,0.05346534225821039,5000,,double,1.000751576147147,test
0.3,polynomial,,test-double-polynomial-a0.3-noise0-k12-r0,0.13372451479552414,0.04810876674913146,0.000467849463118562,,,0.0007924158200641937,synthetic,12.0,rexafs_direct,0.0,,0.05453494603470823,5000,,double,0.998460246957717,test
0.3,polynomial,0.0008369331932174529,test-double-polynomial-a0.3-noise0.0003-k10-r0,0.30081767755911715,0.08653268851509233,0.0009325188366344252,,,0.0021781739153980103,synthetic,10.0,larch_dynamic,0.0003,,0.1046833896783102,5000,,double,0.9943173162888823,test
0.3,polynomial,0.0008371597362546987,test-double-polynomial-a0.3-noise0.0003-k10-r0,0.30097286442588317,0.08655751556024173,0.00093278638509105,,,0.002179288376526085,synthetic,10.0,fixed_0,0.0003,,0.1047476752834654,5000,,double,0.994321428990352,test
0.3,polynomial,0.0008371592687918316,test-double-polynomial-a0.3-noise0.0003-k10-r0,0.3009725440535312,0.08655746432058231,0.0009327858329072634,,,0.0021792860761001343,synthetic,10.0,fixed_1e-06,0.0003,,0.10474754254618902,5000,,double,0.9943214204806554,test
0.3,polynomial,0.0008371550617146077,test-double-polynomial-a0.3-noise0.0003-k10-r0,0.30096966072603415,0.08655700317215889,0.0009327808633449085,,,0.002179265372425688,synthetic,10.0,fixed_1e-05,0.0003,,0.10474634792082224,5000,,double,0.9943213438937086,test
0.3,polynomial,0.0008371129993608881,test-double-polynomial-a0.3-noise0.0003-k10-r0,0.3009408298442225,0.08655239250181093,0.0009327311764921968,,,0.0021790583518249786,synthetic,10.0,fixed_0.0001,0.0003,,0.1047344026869611,5000,,double,0.9943205780808909,test
0.3,polynomial,0.0008366932164740552,test-double-polynomial-a0.3-noise0.0003-k10-r0,0.3006527600837918,0.08650636707847342,0.0009322351838798927,,,0.002176989758318289,synthetic,10.0,fixed_0.001,0.0003,,0.10461505222897839,5000,,double,0.9943129256206352,test
0.3,polynomial,0.0008325787279225318,test-double-polynomial-a0.3-noise0.0003-k10-r0,0.2977957987765661,0.08605417313642154,0.0009273621194228487,,,0.0021564639003925816,synthetic,10.0,fixed_0.01,0.0003,,0.10343166696898685,5000,,double,0.9942369635623197,test
0.3,polynomial,0.0007990779396297394,test-double-polynomial-a0.3-noise0.0003-k10-r0,0.27144210242304645,0.08227399630615297,0.0008866250735674016,,,0.001966121005947343,synthetic,10.0,fixed_0.1,0.0003,,0.09254598522353252,5000,,double,0.9935296796352425,test
0.3,polynomial,0.000806429838513827,test-double-polynomial-a0.3-noise0.0003-k10-r0,0.13960423653115414,0.07922510447053012,0.0008537687147003897,,,0.0009335538469926626,synthetic,10.0,fixed_1,0.0003,,0.04312277711438529,5000,,double,0.9894508179161325,test
0.3,polynomial,0.0008367708741908784,test-double-polynomial-a0.3-noise0.0003-k10-r0,0.3007060978577943,0.08651488304266776,0.000932326956100999,,,0.002177372784596629,synthetic,10.0,frozen_initial,0.0003,,0.10463715026377306,5000,,double,0.9943143426113966,test
0.3,polynomial,,test-double-polynomial-a0.3-noise0.0003-k10-r0,0.28095173267044543,0.08194386047726505,0.0008830673674060793,,,0.0020388862586087205,synthetic,10.0,rexafs_direct,0.0003,,0.09894840080207193,5000,,double,0.9920510927795094,test
0.3,polynomial,0.0008124751593362819,test-double-polynomial-a0.3-noise0.0003-k10-r1,0.28267136105912644,0.08440657221568365,0.0009096067610697297,,,0.0020499802371458536,synthetic,10.0,larch_dynamic,0.0003,,0.11600151157861911,5001,,double,0.9970768024439487,test
0.3,polynomial,0.0008126569802238606,test-double-polynomial-a0.3-noise0.0003-k10-r1,0.28280743266132946,0.08442691859611474,0.0009098260236782872,,,0.0020509502634526327,synthetic,10.0,fixed_0,0.0003,,0.11605830061361644,5001,,double,0.997080491713569,test
0.3,polynomial,0.0008126566050682506,test-double-polynomial-a0.3-noise0.0003-k10-r1,0.28280715174874227,0.08442687660523883,0.0009098255711639436,,,0.0020509482611917604,synthetic,10.0,fixed_1e-06,0.0003,,0.11605818335851185,5001,,double,0.9970804840814106,test
0.3,polynomial,0.0008126532287433076,test-double-polynomial-a0.3-noise0.0003-k10-r1,0.2828046235561222,0.08442649869462582,0.0009098214986131972,,,0.0020509302409822887,synthetic,10.0,fixed_1e-05,0.0003,,0.11605712807127824,5001,,double,0.9970804153922161,test
0.3,polynomial,0.000812619472574389,test-double-polynomial-a0.3-noise0.0003-k10-r1,0.2827793437790085,0.08442272027572548,0.0009097807805116597,,,0.00205075005345504,synthetic,10.0,fixed_0.0001,0.0003,,0.11604657609445963,5001,,double,0.9970797285512103,test
0.3,polynomial,0.0008122826181383241,test-double-polynomial-a0.3-noise0.0003-k10-r1,0.2825267606457674,0.08438500473426602,0.0009093743392760026,,,0.002048949632925448,synthetic,10.0,fixed_0.001,0.0003,,0.11594114577220242,5001,,double,0.9970728652205815,test
0.3,polynomial,0.0008089841435465999,test-double-polynomial-a0.3-noise0.0003-k10-r1,0.2800222404034755,0.08401465294920124,0.0009053832461795036,,,0.0020310898491174645,synthetic,10.0,fixed_0.01,0.0003,,0.11489572366552972,5001,,double,0.9970047360650751,test
0.3,polynomial,0.0007823870896726817,test-double-polynomial-a0.3-noise0.0003-k10-r1,0.25696597616775996,0.08093387030519698,0.0008721832162670002,,,0.001865953850102962,synthetic,10.0,fixed_0.1,0.0003,,0.10527052899980761,5001,,double,0.9963703484988841,test
0.3,polynomial,0.0007944337137728664,test-double-polynomial-a0.3-noise0.0003-k10-r1,0.1435456288748376,0.07858077812465052,0.0008468251369058808,,,0.0010004473345377324,synthetic,10.0,fixed_1,0.0003,,0.05798721352523093,5001,,double,0.9927096693640338,test
0.3,polynomial,0.0008123404784349077,test-double-polynomial-a0.3-noise0.0003-k10-r1,0.28257018679968043,0.08439148436302596,0.000909444166944329,,,0.0020492591856524278,synthetic,10.0,frozen_initial,0.0003,,0.11595927223259414,5001,,double,0.9970740453178594,test
0.3,polynomial,,test-double-polynomial-a0.3-noise0.0003-k10-r1,0.26328158425018566,0.07988935737912217,0.000860927030941116,,,0.0019169680945899503,synthetic,10.0,rexafs_direct,0.0003,,0.10907816661784035,5001,,double,0.9946335456067277,test
0.3,polynomial,0.0007961635902412621,test-double-polynomial-a0.3-noise0.0003-k10-r2,0.2774447707328993,0.08252726517229847,0.0008893544235097938,,,0.002014271343684703,synthetic,10.0,larch_dynamic,0.0003,,0.11338639752200004,5002,,double,0.9977190187558354,test
0.3,polynomial,0.0007963746756687922,test-double-polynomial-a0.3-noise0.0003-k10-r2,0.277581354732437,0.08254940791156659,0.0008895930445652186,,,0.002015244066440098,synthetic,10.0,fixed_0,0.0003,,0.11344249804786234,5002,,double,0.9977227384349345,test
0.3,polynomial,0.0007963742400703406,test-double-polynomial-a0.3-noise0.0003-k10-r2,0.2775810727725361,0.08254936221012217,0.0008895925520639625,,,0.002015242058682475,synthetic,10.0,fixed_1e-06,0.0003,,0.11344238222156844,5002,,double,0.99772273073996,test
0.3,polynomial,0.000796370319763715,test-double-polynomial-a0.3-noise0.0003-k10-r2,0.27757853515461284,0.0825489509047091,0.0008895881196344161,,,0.002015223989005617,synthetic,10.0,fixed_1e-05,0.0003,,0.11344133979379127,5002,,double,0.9977226614853832,test
0.3,polynomial,0.0007963311240891045,test-double-polynomial-a0.3-noise0.0003-k10-r2,0.27755316115289197,0.08254483856262816,0.0008895438030123516,,,0.0020150433069830607,synthetic,10.0,fixed_0.0001,0.0003,,0.11343091642862912,5002,,double,0.9977219689910599,test
0.3,polynomial,0.0007959399056711585,test-double-polynomial-a0.3-noise0.0003-k10-r2,0.2772996385316747,0.0825037862641339,0.0008891014032407744,,,0.0020132379586127722,synthetic,10.0,fixed_0.001,0.0003,,0.11332677389786809,5002,,double,0.9977150491679518,test
0.3,polynomial,0.0007921009164235471,test-double-polynomial-a0.3-noise0.0003-k10-r2,0.27478599844595597,0.08210031484394924,0.0008847533966571093,,,0.0019953306014622654,synthetic,10.0,fixed_0.01,0.0003,,0.11229439683026206,5002,,double,0.9976463591267682,test
0.3,polynomial,0.0007604255278716774,test-double-polynomial-a0.3-noise0.0003-k10-r2,0.2516652314221362,0.0787133933492658,0.0008482542638300569,,,0.0018298829153166579,synthetic,10.0,fixed_0.1,0.0003,,0.10281597395786148,5002,,double,0.9970067384733098,test
0.3,polynomial,0.000749665657969303,test-double-polynomial-a0.3-noise0.0003-k10-r2,0.13975808246937046,0.07517876042705532,0.0008101633199669802,,,0.0009740534708521991,synthetic,10.0,fixed_1,0.0003,,0.05820021550273768,5002,,double,0.9933152250357901,test
0.3,polynomial,0.0007960063409319108,test-double-polynomial-a0.3-noise0.0003-k10-r2,0.2773427242721108,0.08251075842778006,0.0008891765387074253,,,0.0020135447842904697,synthetic,10.0,frozen_initial,0.0003,,0.11334447251150206,5002,,double,0.9977162252845723,test
0.3,polynomial,,test-double-polynomial-a0.3-noise0.0003-k10-r2,0.2575797024968601,0.07768645571301755,0.0008371874784766433,,,0.001875959267874591,synthetic,10.0,rexafs_direct,0.0003,,0.10606621984766341,5002,,double,0.9954328676164094,test
0.3,polynomial,0.00046795880768409027,test-double-polynomial-a0.3-noise0.0003-k12-r0,0.15178519723984377,0.05497711081331825,0.0005346429251023151,,,0.000847754316206448,synthetic,12.0,larch_dynamic,0.0003,,0.058745665578670114,5000,,double,0.9977920248502454,test
0.3,polynomial,0.00046813499801732925,test-double-polynomial-a0.3-noise0.0003-k12-r0,0.15185991387882578,0.05499412587447613,0.0005348083936388326,,,0.000848218170763112,synthetic,12.0,fixed_0,0.0003,,0.05877842542289336,5000,,double,0.9977902801565217,test
0.3,polynomial,0.0004681346466003268,test-double-polynomial-a0.3-noise0.0003-k12-r0,0.15185976485763603,0.05499409193504886,0.0005348080635837531,,,0.0008482172457414511,synthetic,12.0,fixed_1e-06,0.0003,,0.058778360073178534,5000,,double,0.9977902836370965,test
0.3,polynomial,0.0004681314838880643,test-double-polynomial-a0.3-noise0.0003-k12-r0,0.15185842367580282,0.05499378648432228,0.0005348050931280942,,,0.0008482089205894924,synthetic,12.0,fixed_1e-05,0.0003,,0.05877777192948864,5000,,double,0.9977903149617338,test
0.3,polynomial,0.0004680998589980341,test-double-polynomial-a0.3-noise0.0003-k12-r0,0.1518450128090881,0.054990732219398555,0.0005347753909282386,,,0.0008481256738754017,synthetic,12.0,fixed_0.0001,0.0003,,0.05877189087576224,5000,,double,0.9977906281939255,test
0.3,polynomial,0.0004677838341528524,test-double-polynomial-a0.3-noise0.0003-k12-r0,0.15171099925738077,0.054960213876554746,0.0005344786053051692,,,0.0008472936869231996,synthetic,12.0,fixed_0.001,0.0003,,0.058713118651630355,5000,,double,0.9977937590771814,test
0.3,polynomial,0.0004646459097692281,test-double-polynomial-a0.3-noise0.0003-k12-r0,0.15038034842291875,0.05465745137469002,0.0005315342921680547,,,0.0008390216742465664,synthetic,12.0,fixed_0.01,0.0003,,0.05812921726012489,5000,,double,0.9978249247240826,test
0.3,polynomial,0.00043542149162010743,test-double-polynomial-a0.3-noise0.0003-k12-r0,0.13799725773333738,0.05186259256150176,0.0005043547720182077,,,0.0007609367851365035,synthetic,12.0,fixed_0.1,0.0003,,0.052662696785664896,5000,,double,0.9981228975627132,test
0.3,polynomial,0.0003010942705126169,test-double-polynomial-a0.3-noise0.0003-k12-r0,0.08849350032218141,0.04004926712006899,0.00038947221861085075,,,0.00036530994511013563,synthetic,12.0,fixed_1,0.0003,,0.029905968718394012,5000,,double,1.0001678351901406,test
0.3,polynomial,0.00046786521821579,test-double-polynomial-a0.3-noise0.0003-k12-r0,0.1517455109780646,0.054968072626143186,0.0005345550302901392,,,0.0008475079628029014,synthetic,12.0,frozen_initial,0.0003,,0.0587282545073681,5000,,double,0.9977929526629715,test
0.3,polynomial,,test-double-polynomial-a0.3-noise0.0003-k12-r0,0.14847240365710654,0.05339423846983157,0.0005192497644347984,,,0.0008401372424096982,synthetic,12.0,rexafs_direct,0.0003,,0.05961577989559693,5000,,double,0.9956441735842875,test
0.3,polynomial,0.0004581438914203349,test-double-polynomial-a0.3-noise0.0003-k12-r1,0.15118525893920745,0.05628778152994808,0.00054738897187375,,,0.0008227939881881587,synthetic,12.0,larch_dynamic,0.0003,,0.05521260483633344,5001,,double,1.0005582054612738,test
0.3,polynomial,0.00045832934526806614,test-double-polynomial-a0.3-noise0.0003-k12-r1,0.15125641023390904,0.05630384662278384,0.000547545202132101,,,0.0008232519548385128,synthetic,12.0,fixed_0,0.0003,,0.055246336953274994,5001,,double,1.0005564993871343,test
0.3,polynomial,0.00045832897532546544,test-double-polynomial-a0.3-noise0.0003-k12-r1,0.15125626831876607,0.05630381457782762,0.0005475448905004259,,,0.0008232510415071112,synthetic,12.0,fixed_1e-06,0.0003,,0.0552462696606276,5001,,double,1.0005565027906544,test
0.3,polynomial,0.000458325645873295,test-double-polynomial-a0.3-noise0.0003-k12-r1,0.15125499109124282,0.05630352617644059,0.0005475420858466549,,,0.0008232428215663169,synthetic,12.0,fixed_1e-05,0.0003,,0.05524566403026155,5001,,double,1.0005565334220379,test
0.3,polynomial,0.00045829235346723135,test-double-polynomial-a0.3-noise0.0003-k12-r1,0.15124221975831723,0.0563006423969189,0.000547514041587944,,,0.0008231606268227319,synthetic,12.0,fixed_0.0001,0.0003,,0.05523960808459804,5001,,double,1.0005568397218216,test
0.3,polynomial,0.0004579596412750291,test-double-polynomial-a0.3-noise0.0003-k12-r1,0.151114600660931,0.05627182805853328,0.0005472338271144754,,,0.0008223391458279458,synthetic,12.0,fixed_0.001,0.0003,,0.055179084436444814,5001,,double,1.0005599013115645,test
0.3,polynomial,0.00045465362838384036,test-double-polynomial-a0.3-noise0.0003-k12-r1,0.14984780594995548,0.055986020566698866,0.0005444543985270151,,,0.0008141708205686779,synthetic,12.0,fixed_0.01,0.0003,,0.05457741822345883,5001,,double,1.000590377051133,test
0.3,polynomial,0.00042363029671381035,test-double-polynomial-a0.3-noise0.0003-k12-r1,0.1380941991835629,0.053352093668362424,0.0005188399135058939,,,0.0007369879562603472,synthetic,12.0,fixed_0.1,0.0003,,0.0489081167104522,5001,,double,1.0008817402048535,test
0.3,polynomial,0.00026560431423543386,test-double-polynomial-a0.3-noise0.0003-k12-r1,0.09261666584983934,0.04226386582984821,0.0004110088092866442,,,0.00034086916262061196,synthetic,12.0,fixed_1,0.0003,,0.023392402310227562,5001,,double,1.002880350609157,test
0.3,polynomial,0.00045804313976643805,test-double-polynomial-a0.3-noise0.0003-k12-r1,0.15114662613185523,0.056279058522165096,0.0005473041421268282,,,0.0008225453169493248,synthetic,12.0,frozen_initial,0.0003,,0.05519427410692264,5001,,double,1.000559132872878,test
0.3,polynomial,,test-double-polynomial-a0.3-noise0.0003-k12-r1,0.14854564192393996,0.05465738751490232,0.0005315336711426281,,,0.0008230497972835012,synthetic,12.0,rexafs_direct,0.0003,,0.056678313155334004,5001,,double,0.9982046860612553,test
0.3,polynomial,0.0004580278200272046,test-double-polynomial-a0.3-noise0.0003-k12-r2,0.15740603482105583,0.055155227055804106,0.0005363750748548589,,,0.0008690739897749241,synthetic,12.0,larch_dynamic,0.0003,,0.05824524868110301,5002,,double,1.0009660029237706,test
0.3,polynomial,0.0004582065319114395,test-double-polynomial-a0.3-noise0.0003-k12-r2,0.15748431883719008,0.05517215545000309,0.0005365397005701419,,,0.0008695525844755002,synthetic,12.0,fixed_0,0.0003,,0.058279831098021026,5002,,double,1.000964185742,test
0.3,polynomial,0.0004582061755032052,test-double-polynomial-a0.3-noise0.0003-k12-r2,0.15748416270666055,0.05517212168523518,0.0005365393722135947,,,0.0008695516301450279,synthetic,12.0,fixed_1e-06,0.0003,,0.0582797621162707,5002,,double,1.000964189367012,test
0.3,polynomial,0.0004582029678597503,test-double-polynomial-a0.3-noise0.0003-k12-r2,0.15748275754153498,0.05517181780553192,0.0005365364170358666,,,0.0008695430412195422,synthetic,12.0,fixed_1e-05,0.0003,,0.05827914128444504,5002,,double,1.0009642219918289,test
0.3,polynomial,0.0004581708938411676,test-double-polynomial-a0.3-noise0.0003-k12-r2,0.15746870687971526,0.0551687792682514,0.0005365068677846299,,,0.0008694571570449574,synthetic,12.0,fixed_0.0001,0.0003,,0.058272933366001846,5002,,double,1.0009645482250538,test
0.3,polynomial,0.00045785039519520825,test-double-polynomial-a0.3-noise0.0003-k12-r2,0.15732829916432256,0.05513841986392442,0.000536211627811237,,,0.0008685988230358837,synthetic,12.0,fixed_0.001,0.0003,,0.05821089415225366,5002,,double,1.0009678090580545,test
0.3,polynomial,0.0004546694805738206,test-double-polynomial-a0.3-noise0.0003-k12-r2,0.1559340844673605,0.05483741242952461,0.0005332843824026612,,,0.0008600660922759335,synthetic,12.0,fixed_0.01,0.0003,,0.05759448878871153,5002,,double,1.0010002681605406,test
0.3,polynomial,0.0004251886960725931,test-double-polynomial-a0.3-noise0.0003-k12-r2,0.14295225690983773,0.0520760868376771,0.0005064309670495286,,,0.000779647605530563,synthetic,12.0,fixed_0.1,0.0003,,0.05181979248356795,5002,,double,1.0013105981778057,test
0.3,polynomial,0.0003021660253890514,test-double-polynomial-a0.3-noise0.0003-k12-r2,0.09079781678539506,0.041530919581216234,0.00040388103337200956,,,0.00038763262733368804,synthetic,12.0,fixed_1,0.0003,,0.028675544346883772,5002,,double,1.0034396644897468,test
0.3,polynomial,0.00045793331474182797,test-double-polynomial-a0.3-noise0.0003-k12-r2,0.15736462671393783,0.055146273923662656,0.0005362880071882225,,,0.0008688209158415085,synthetic,12.0,frozen_initial,0.0003,,0.058226946146954464,5002,,double,1.0009669652468405,test
0.3,polynomial,,test-double-polynomial-a0.3-noise0.0003-k12-r2,0.15295897909062797,0.053184270357205035,0.000517207860736111,,,0.0008565966985362013,synthetic,12.0,rexafs_direct,0.0003,,0.05908647030202169,5002,,double,0.9987767909289462,test
0.3,polynomial,0.0010855802894297458,test-double-polynomial-a0.3-noise0.003-k10-r0,0.7293367476884802,0.27501451334591326,0.0029636917382751217,,,0.004597787286453711,synthetic,10.0,larch_dynamic,0.003,,0.19311638161201908,5000,,double,0.9660989264889313,test
0.3,polynomial,0.0010858193013402082,test-double-polynomial-a0.3-noise0.003-k10-r0,0.7294860306878526,0.2750319664818698,0.002963879821857374,,,0.004599025455452585,synthetic,10.0,fixed_0,0.003,,0.19315840038918006,5000,,double,0.966105034154501,test
0.3,polynomial,0.001085818808528189,test-double-polynomial-a0.3-noise0.003-k10-r0,0.7294857224613269,0.2750319304616129,0.0029638794336853585,,,0.0045990228993109976,synthetic,10.0,fixed_1e-06,0.003,,0.19315831350670135,5000,,double,0.96610502150227,test
0.3,polynomial,0.0010858143733588953,test-double-polynomial-a0.3-noise0.003-k10-r0,0.7294829484537055,0.27503160628588813,0.0029638759402082133,,,0.004598999894266202,synthetic,10.0,fixed_1e-05,0.003,,0.19315753157924023,5000,,double,0.9661049076328031,test
0.3,polynomial,0.00108577003498472,test-double-polynomial-a0.3-noise0.003-k10-r0,0.7294552114780188,0.2750283651710817,0.0029638410123600137,,,0.004598769866753991,synthetic,10.0,fixed_0.0001,0.003,,0.19314971377213927,5000,,double,0.9661037690226973,test
0.3,polynomial,0.001085327981896239,test-double-polynomial-a0.3-noise0.003-k10-r0,0.7291781514352491,0.2749960181864017,0.002963492425334232,,,0.004596471882698198,synthetic,10.0,fixed_0.001,0.003,,0.19307168232512245,5000,,double,0.9660923913643621,test
0.3,polynomial,0.0010810392292088353,test-double-polynomial-a0.3-noise0.003-k10-r0,0.7264382586346065,0.2746788925087949,0.0029600749229657802,,,0.0045737193345306995,synthetic,10.0,fixed_0.01,0.003,,0.19230589476643004,5000,,double,0.9659794527569665,test
0.3,polynomial,0.0010500962806522423,test-double-polynomial-a0.3-noise0.003-k10-r0,0.7018649090467027,0.2720759754224637,0.002932024607473987,,,0.004367232820461771,synthetic,10.0,fixed_0.1,0.003,,0.18597347496752256,5000,,double,0.9649280282994196,test
0.3,polynomial,0.0012022183556098678,test-double-polynomial-a0.3-noise0.003-k10-r0,0.601573740822477,0.2699034740474063,0.0029086126635066854,,,0.003438638720005157,synthetic,10.0,fixed_1,0.003,,0.182116408517608,5000,,double,0.9588736625468134,test
0.3,polynomial,0.0010854217973338468,test-double-polynomial-a0.3-noise0.003-k10-r0,0.7292370306986293,0.27500288813024354,0.002963566459229966,,,0.004596960279758383,synthetic,10.0,frozen_initial,0.003,,0.19308825610126365,5000,,double,0.9660948099315926,test
0.3,polynomial,,test-double-polynomial-a0.3-noise0.003-k10-r0,0.653908939540624,0.24216748296489032,0.002609715973931861,,,0.004153333937648495,synthetic,10.0,rexafs_direct,0.003,,0.19645034024517893,5000,,double,0.9646090073725564,test
0.3,polynomial,0.0010171877519770112,test-double-polynomial-a0.3-noise0.003-k10-r1,0.6508445359545262,0.27857085084240457,0.003002016581312086,,,0.0036257936304962654,synthetic,10.0,larch_dynamic,0.003,,0.24477968352404436,5001,,double,0.9936937864503058,test
0.3,polynomial,0.001017154149810814,test-double-polynomial-a0.3-noise0.003-k10-r1,0.6508691067553305,0.2785722991016195,0.003002032188466117,,,0.0036260092098947157,synthetic,10.0,fixed_0,0.003,,0.24480119204419876,5001,,double,0.9936956613866843,test
0.3,polynomial,0.0010171542193679597,test-double-polynomial-a0.3-noise0.003-k10-r1,0.6508690560180663,0.278572296115152,0.0030020321562824726,,,0.00362600876487628,synthetic,10.0,fixed_1e-06,0.003,,0.24480114762697405,5001,,double,0.9936956575098067,test
0.3,polynomial,0.0010171548453915085,test-double-polynomial-a0.3-noise0.003-k10-r1,0.6508685993875329,0.2785722692376157,0.0030020318666369146,,,0.0036260047597513824,synthetic,10.0,fixed_1e-05,0.003,,0.24480074787525552,5001,,double,0.9936956226180286,test
0.3,polynomial,0.0010171611062532405,test-double-polynomial-a0.3-noise0.003-k10-r1,0.6508640335713801,0.2785720005210318,0.0030020289708147635,,,0.0036259647126644272,synthetic,10.0,fixed_0.0001,0.003,,0.24479675069623022,5001,,double,0.9936952737258499,test
0.3,polynomial,0.0010172237770784368,test-double-polynomial-a0.3-noise0.003-k10-r1,0.6508184242686803,0.2785693192211988,0.003002000075808219,,,0.0036255646574363995,synthetic,10.0,fixed_0.001,0.003,,0.24475681267468843,5001,,double,0.9936917873637546,test
0.3,polynomial,0.0010178565750075415,test-double-polynomial-a0.3-noise0.003-k10-r1,0.6503671709871373,0.278543085709509,0.0030017173705759923,,,0.0036216052884880437,synthetic,10.0,fixed_0.01,0.003,,0.2443607819762398,5001,,double,0.9936571777845472,test
0.3,polynomial,0.0010246765649389972,test-double-polynomial-a0.3-noise0.003-k10-r1,0.6462962200050427,0.2783322368770145,0.0029994451597923277,,,0.0035857789404154555,synthetic,10.0,fixed_0.1,0.003,,0.2407100619779496,5001,,double,0.993334716935802,test
0.3,polynomial,0.0010953401812391808,test-double-polynomial-a0.3-noise0.003-k10-r1,0.6276346123766653,0.27830873889083835,0.002999191933929267,,,0.003418544359985492,synthetic,10.0,fixed_1,0.003,,0.22110965693212445,5001,,double,0.9914621770257511,test
0.3,polynomial,0.001017219749238944,test-double-polynomial-a0.3-noise0.003-k10-r1,0.6508213504331395,0.27856949108253026,0.003002001927870504,,,0.003625590324557933,synthetic,10.0,frozen_initial,0.003,,0.24475937547750898,5001,,double,0.9936920111030498,test
0.3,polynomial,,test-double-polynomial-a0.3-noise0.003-k10-r1,0.5901956534492019,0.25224942608455636,0.0027183639546001794,,,0.00340114980093752,synthetic,10.0,rexafs_direct,0.003,,0.24556455355193954,5001,,double,0.9904429114411785,test
0.3,polynomial,0.0006852465129227754,test-double-polynomial-a0.3-noise0.003-k10-r2,0.5888326075422141,0.26903308168447715,0.002899232887058938,,,0.0035550308882338105,synthetic,10.0,larch_dynamic,0.003,,0.20839738899462826,5002,,double,1.0001159505022266,test
0.3,polynomial,0.0006853527626278304,test-double-polynomial-a0.3-noise0.003-k10-r2,0.5888554275350406,0.26903691049431655,0.002899274148198033,,,0.003555212035670933,synthetic,10.0,fixed_0,0.003,,0.20841884917047757,5002,,double,1.000118128600215,test
0.3,polynomial,0.0006853525433928409,test-double-polynomial-a0.3-noise0.003-k10-r2,0.5888553804387943,0.2690369025907043,0.0028992740630248183,,,0.003555211662012376,synthetic,10.0,fixed_1e-06,0.003,,0.20841880488129125,5002,,double,1.0001181240951569,test
0.3,polynomial,0.0006853505703170454,test-double-polynomial-a0.3-noise0.003-k10-r2,0.5888549565779998,0.26903683145933344,0.00289927329647816,,,0.0035552082991278486,synthetic,10.0,fixed_1e-05,0.003,,0.20841840628235764,5002,,double,1.000118083549642,test
0.3,polynomial,0.0006853308428828014,test-double-polynomial-a0.3-noise0.003-k10-r2,0.5888507185180545,0.2690361202513712,0.002899265632151153,,,0.0035551746745710136,synthetic,10.0,fixed_0.0001,0.003,,0.20841442067019458,5002,,double,1.0001176781243184,test
0.3,polynomial,0.0006851339008372821,test-double-polynomial-a0.3-noise0.003-k10-r2,0.5888083926088754,0.2690290187279192,0.0028991891026395734,,,0.0035548388568386203,synthetic,10.0,fixed_0.001,0.003,,0.20837460219147746,5002,,double,1.0001136268375341,test
0.3,polynomial,0.0006831973855201715,test-double-polynomial-a0.3-noise0.003-k10-r2,0.5883905467802413,0.2689590475825601,0.0028984350591423937,,,0.0035515230341843854,synthetic,10.0,fixed_0.01,0.003,,0.20798014963477449,5002,,double,1.000073408401487,test
0.3,polynomial,0.0006668212665926819,test-double-polynomial-a0.3-noise0.003-k10-r2,0.584702294928689,0.2683532285298768,0.0028919064548899023,,,0.003522206038451117,synthetic,10.0,fixed_0.1,0.003,,0.20437912313206835,5002,,double,0.9996986166799999,test
0.3,polynomial,0.0006387254130952848,test-double-polynomial-a0.3-noise0.003-k10-r2,0.5708709789414811,0.26650158232985294,0.0028719522041907148,,,0.0034111496350747728,synthetic,10.0,fixed_1,0.003,,0.18650297886106773,5002,,double,0.9975177337433573,test
0.3,polynomial,0.0006851449267454455,test-double-polynomial-a0.3-noise0.003-k10-r2,0.5888107630521399,0.2690294163792054,0.0028991933879255285,,,0.003554857664449667,synthetic,10.0,frozen_initial,0.003,,0.20837683287062295,5002,,double,1.0001138538370138,test
0.3,polynomial,,test-double-polynomial-a0.3-noise0.003-k10-r2,0.49956388405999014,0.2300257328657769,0.0024788704995634503,,,0.0030236158118690133,synthetic,10.0,rexafs_direct,0.003,,0.1965733947726275,5002,,double,0.9984401878293742,test
0.3,polynomial,0.000774462507844292,test-double-polynomial-a0.3-noise0.003-k12-r0,0.7436710269968455,0.28074515278283,0.002730198212885118,,,0.0031386490944340967,synthetic,12.0,larch_dynamic,0.003,,0.2624766305248891,5000,,double,0.9711645720682723,test
0.3,polynomial,0.000774589146315475,test-double-polynomial-a0.3-noise0.003-k12-r0,0.7436853478869137,0.28074840090009956,0.0027302298002656183,,,0.003138775802630724,synthetic,12.0,fixed_0,0.003,,0.26248219455507754,5000,,double,0.971162970782119,test
0.3,polynomial,0.0007745888938936601,test-double-polynomial-a0.3-noise0.003-k12-r0,0.7436853193437413,0.28074839442448535,0.0027302297372913866,,,0.00313877555008541,synthetic,12.0,fixed_1e-06,0.003,,0.26248218346168783,5000,,double,0.9711629739746066,test
0.3,polynomial,0.0007745866221258362,test-double-polynomial-a0.3-noise0.003-k12-r0,0.7436850624580955,0.2807483361448037,0.0027302291705315293,,,0.003138773277200131,synthetic,12.0,fixed_1e-05,0.003,,0.26248208362244935,5000,,double,0.97116300270655,test
0.3,polynomial,0.0007745639061204953,test-double-polynomial-a0.3-noise0.003-k12-r0,0.7436824938825922,0.28074775340617103,0.0027302235034987847,,,0.0031387505505296076,synthetic,12.0,fixed_0.0001,0.003,,0.2624810853552485,5000,,double,0.9711632900127624,test
0.3,polynomial,0.0007743369129876987,test-double-polynomial-a0.3-noise0.003-k12-r0,0.7436568361947249,0.28074193183324037,0.002730166889705621,,,0.0031385235018309776,synthetic,12.0,fixed_0.001,0.003,,0.2624711151881424,5000,,double,0.9711661617637622,test
0.3,polynomial,0.0007720835889752811,test-double-polynomial-a0.3-noise0.003-k12-r0,0.7434030461940713,0.28068429340453976,0.0027296063659228522,,,0.003136274671312892,synthetic,12.0,fixed_0.01,0.003,,0.26237265491821077,5000,,double,0.9711947487535177,test
0.3,polynomial,0.0007511293189260054,test-double-polynomial-a0.3-noise0.003-k12-r0,0.7411251519107186,0.2801618239889741,0.0027245254409254825,,,0.0031158157553188097,synthetic,12.0,fixed_0.1,0.003,,0.26150363018273837,5000,,double,0.9714681454197188,test
0.3,polynomial,0.0006431716132000185,test-double-polynomial-a0.3-noise0.003-k12-r0,0.7328982063379965,0.2779940752733996,0.0027034444583668143,,,0.0030285725862754472,synthetic,12.0,fixed_1,0.003,,0.25914503318712234,5000,,double,0.9733500079659057,test
0.3,polynomial,0.0007743845888134167,test-double-polynomial-a0.3-noise0.003-k12-r0,0.7436622237437961,0.28074315431894425,0.002730178778168346,,,0.00313857118163245,synthetic,12.0,frozen_initial,0.003,,0.2624732084625054,5000,,double,0.9711655584833359,test
0.3,polynomial,,test-double-polynomial-a0.3-noise0.003-k12-r0,0.6425564010917716,0.24341191017780128,0.0023671388644649458,,,0.00267841050783534,synthetic,12.0,rexafs_direct,0.003,,0.26205756352155496,5000,,double,0.9703086828800611,test
0.3,polynomial,0.0007921020293685211,test-double-polynomial-a0.3-noise0.003-k12-r1,0.7980024481221123,0.30155272639670017,0.0029325482792423034,,,0.0031069420588638206,synthetic,12.0,larch_dynamic,0.003,,0.22673323860676514,5001,,double,0.998826377506603,test
0.3,polynomial,0.0007922351576157799,test-double-polynomial-a0.3-noise0.003-k12-r1,0.7980096156113113,0.3015547741157443,0.0029325681929569993,,,0.0031070215113152663,synthetic,12.0,fixed_0,0.003,,0.22673749612559613,5001,,double,0.9988251630883658,test
0.3,polynomial,0.0007922348918915638,test-double-polynomial-a0.3-noise0.003-k12-r1,0.7980096013150961,0.30155477003160586,0.0029325681532394567,,,0.0031070213527768964,synthetic,12.0,fixed_1e-06,0.003,,0.22673748762407245,5001,,double,0.9988251655105362,test
0.3,polynomial,0.0007922325003921144,test-double-polynomial-a0.3-noise0.003-k12-r1,0.7980094726505491,0.3015547332749121,0.0029325677957869464,,,0.0031070199259450476,synthetic,12.0,fixed_1e-05,0.003,,0.226737411111258,5001,,double,0.998825187309762,test
0.3,polynomial,0.0007922085866663782,test-double-polynomial-a0.3-noise0.003-k12-r1,0.7980081861549477,0.3015543657419641,0.0029325642215923863,,,0.003107005658979657,synthetic,12.0,fixed_0.0001,0.003,,0.2267366460723686,5001,,double,0.9988254052920261,test
0.3,polynomial,0.0007919695765814133,test-double-polynomial-a0.3-noise0.003-k12-r1,0.7979953361729546,0.3015506938216075,0.0029325285127999247,,,0.0031068631245990005,synthetic,12.0,fixed_0.001,0.003,,0.22672900460596374,5001,,double,0.998827584107551,test
0.3,polynomial,0.0007895921324820986,test-double-polynomial-a0.3-noise0.003-k12-r1,0.7978683228026666,0.30151431317997235,0.0029321747173317167,,,0.0031054512170550982,synthetic,12.0,fixed_0.01,0.003,,0.22665347579354428,5001,,double,0.9988492720241509,test
0.3,polynomial,0.0007670252062861167,test-double-polynomial-a0.3-noise0.003-k12-r1,0.7967365492705267,0.30118215357779426,0.002928944522461849,,,0.003092589858522231,synthetic,12.0,fixed_0.1,0.003,,0.22598073617883271,5001,,double,0.999056571841103,test
0.3,polynomial,0.0006224628531793445,test-double-polynomial-a0.3-noise0.003-k12-r1,0.7930349528728979,0.2996727103735006,0.0029142654475144644,,,0.0030363986897242574,synthetic,12.0,fixed_1,0.003,,0.22382182524745164,5001,,double,1.0004751621562071,test
0.3,polynomial,0.0007920184012009534,test-double-polynomial-a0.3-noise0.003-k12-r1,0.797997959946173,0.301551443701039,0.002932535805248123,,,0.003106892232529394,synthetic,12.0,frozen_initial,0.003,,0.2267305648758602,5001,,double,0.9988271389998891,test
0.3,polynomial,,test-double-polynomial-a0.3-noise0.003-k12-r1,0.7118835349718753,0.2704260068268874,0.0026298462973911086,,,0.002803163374914848,synthetic,12.0,rexafs_direct,0.003,,0.2207033198935175,5001,,double,0.995906124723571,test
0.3,polynomial,0.0006685700213878351,test-double-polynomial-a0.3-noise0.003-k12-r2,0.7907372491655827,0.2986979065790672,0.0029047856486609665,,,0.0032437171386231643,synthetic,12.0,larch_dynamic,0.003,,0.24839202603363764,5002,,double,1.0029043522104826,test
0.3,polynomial,0.0006687068496212966,test-double-polynomial-a0.3-noise0.003-k12-r2,0.7907650940659456,0.29870060203361953,0.002904811861491816,,,0.00324392052832385,synthetic,12.0,fixed_0,0.003,,0.24840106794747366,5002,,double,1.002902026637012,test
0.3,polynomial,0.0006687065770809495,test-double-polynomial-a0.3-noise0.003-k12-r2,0.7907650385466491,0.2987005966595334,0.002904811809229755,,,0.0032439201230516856,synthetic,12.0,fixed_1e-06,0.003,,0.24840104991494844,5002,,double,1.0029020312740993,test
0.3,polynomial,0.0006687041242473173,test-double-polynomial-a0.3-noise0.003-k12-r2,0.7907645388781602,0.298700548293592,0.002904811338879313,,,0.00324391647563864,synthetic,12.0,fixed_1e-05,0.003,,0.24840088762462778,5002,,double,1.0029020730076974,test
0.3,polynomial,0.0006686795989892241,test-double-polynomial-a0.3-noise0.003-k12-r2,0.7907595427424051,0.29870006472019345,0.0029048066362113755,,,0.0032438800055044634,synthetic,12.0,fixed_0.0001,0.003,,0.24839926497396048,5002,,double,1.0029024903243335,test
0.3,polynomial,0.0006684346536266973,test-double-polynomial-a0.3-noise0.003-k12-r2,0.7907096362538969,0.2986952375725135,0.0029047596930323444,,,0.003243515703384577,synthetic,12.0,fixed_0.001,0.003,,0.24838306368847457,5002,,double,1.0029066615726026,test
0.3,polynomial,0.0006660157685746903,test-double-polynomial-a0.3-noise0.003-k12-r2,0.7902160204065586,0.2986478179486881,0.002904298545365358,,,0.0032399123413288052,synthetic,12.0,fixed_0.01,0.003,,0.24822355439020596,5002,,double,1.0029481831181157,test
0.3,polynomial,0.0006447344056237005,test-double-polynomial-a0.3-noise0.003-k12-r2,0.7857890209314324,0.298252436090828,0.0029004535249579286,,,0.0032075954878431055,synthetic,12.0,fixed_0.1,0.003,,0.2468612749760212,5002,,double,1.0033451515706746,test
0.3,polynomial,0.0006075318478512977,test-double-polynomial-a0.3-noise0.003-k12-r2,0.7702067556125087,0.2983865797325793,0.002901758048748808,,,0.0030969521546763434,synthetic,12.0,fixed_1,0.003,,0.24568169638740844,5002,,double,1.0060683009620066,test
0.3,polynomial,0.0006685006549941268,test-double-polynomial-a0.3-noise0.003-k12-r2,0.7907230851124681,0.29869653781117056,0.002904772337629135,,,0.003243613876175954,synthetic,12.0,frozen_initial,0.003,,0.2483874283040143,5002,,double,1.0029055370224267,test
0.3,polynomial,,test-double-polynomial-a0.3-noise0.003-k12-r2,0.6825813057797957,0.25643153471780095,0.002493752468650799,,,0.002779502725520481,synthetic,12.0,rexafs_direct,0.003,,0.24712125959860934,5002,,double,1.0016287108177861,test
1.0,polynomial,0.002744812525179337,test-double-polynomial-a1-noise0-k10-r0,0.2802970406185113,0.08057246425602607,0.002894295089409815,,,0.0068201566924119975,synthetic,10.0,larch_dynamic,0.0,,0.10794018311329447,5000,,double,0.9974655281045848,test
1.0,polynomial,0.002745546220137495,test-double-polynomial-a1-noise0-k10-r0,0.2804443894253788,0.08059629931742007,0.0028951512839147913,,,0.006823652701005449,synthetic,10.0,fixed_0,0.0,,0.10800033093235188,5000,,double,0.9974693963485797,test
1.0,polynomial,0.0027455447104283905,test-double-polynomial-a1-noise0-k10-r0,0.2804440854185415,0.0805962502411186,0.0028951495210135366,,,0.006823645490905777,synthetic,10.0,fixed_1e-06,0.0,,0.10800020677909505,5000,,double,0.9974693883077249,test
1.0,polynomial,0.0027455311233111216,test-double-polynomial-a1-noise0-k10-r0,0.2804413493794996,0.08059580856232647,0.0028951336551867805,,,0.006823580600513964,synthetic,10.0,fixed_1e-05,0.0,,0.10799908940933552,5000,,double,0.9974693159404994,test
1.0,polynomial,0.0027453952780442247,test-double-polynomial-a1-noise0-k10-r0,0.2804139912487932,0.08059139255039943,0.002894975024794212,,,0.006822931747529372,synthetic,10.0,fixed_0.0001,0.0,,0.10798791666896802,5000,,double,0.9974685923218509,test
1.0,polynomial,0.0027440394133463964,test-double-polynomial-a1-noise0-k10-r0,0.2801406356919842,0.08054730995628819,0.00289339150569941,,,0.006816448305652319,synthetic,10.0,fixed_0.001,0.0,,0.10787628490125217,5000,,double,0.9974613614889499,test
1.0,polynomial,0.0027307373264207654,test-double-polynomial-a1-noise0-k10-r0,0.27742949516547405,0.080114172644978,0.002877832502946537,,,0.006752118990489597,synthetic,10.0,fixed_0.01,0.0,,0.10676946491017113,5000,,double,0.9973895845332842,test
1.0,polynomial,0.0026212516093476034,test-double-polynomial-a1-noise0-k10-r0,0.2524108337395873,0.07649104379104471,0.002747683771030921,,,0.006155900288401459,synthetic,10.0,fixed_0.1,0.0,,0.09658980501609947,5000,,double,0.9967212516324839,test
1.0,polynomial,0.002595402262526779,test-double-polynomial-a1-noise0-k10-r0,0.12692211487656543,0.07358743684481908,0.0026433814463641095,,,0.0029486721738582367,synthetic,10.0,fixed_1,0.0,,0.048874542553873156,5000,,double,0.9928660027647036,test
1.0,polynomial,0.0027309555520457205,test-double-polynomial-a1-noise0-k10-r0,0.27747441387081934,0.08012128821951539,0.002878088106056509,,,0.006753185208851582,synthetic,10.0,frozen_initial,0.0,,0.10678779775438947,5000,,double,0.9973907746700967,test
1.0,polynomial,,test-double-polynomial-a1-noise0-k10-r0,0.17009088031490602,0.06612485817510279,0.0023753133787242538,,,0.0041462233184233425,synthetic,10.0,rexafs_direct,0.0,,0.06439767602345967,5000,,double,0.993287921303993,test
1.0,polynomial,0.001517719069779824,test-double-polynomial-a1-noise0-k12-r0,0.13191019797112163,0.048064026085981974,0.0015580478929410652,,,0.002608606823047397,synthetic,12.0,larch_dynamic,0.0,,0.053519495611090456,5000,,double,1.000735127083745,test
1.0,polynomial,0.0015183089993419032,test-double-polynomial-a1-noise0-k12-r0,0.13199656874161814,0.04808355618950936,0.0015586809825743663,,,0.002610274949093216,synthetic,12.0,fixed_0,0.0,,0.05355651862097708,5000,,double,1.00073336365433,test
1.0,polynomial,0.001518307827385034,test-double-polynomial-a1-noise0-k12-r0,0.13199639712758104,0.04808351738708312,0.0015586797247513463,,,0.0026102716356471906,synthetic,12.0,fixed_1e-06,0.0,,0.05355644501417197,5000,,double,1.000733367160527,test
1.0,polynomial,0.0015182972798628712,test-double-polynomial-a1-noise0-k12-r0,0.13199485261033214,0.04808316816815189,0.001558668404438333,,,0.002610241814791303,synthetic,12.0,fixed_1e-05,0.0,,0.053555782556472885,5000,,double,1.000733398716096,test
1.0,polynomial,0.0015181918122852,test-double-polynomial-a1-noise0-k12-r0,0.1319794083063894,0.04807967622752306,0.0015585552093695448,,,0.002609943621267592,synthetic,12.0,fixed_0.0001,0.0,,0.05354915831996588,5000,,double,1.0007337142572537,test
1.0,polynomial,0.0015171379009103732,test-double-polynomial-a1-noise0-k12-r0,0.13182505212536957,0.04804478168919178,0.0015574240648036496,,,0.002606963189603129,synthetic,12.0,fixed_0.001,0.0,,0.05348295000222638,5000,,double,1.0007368682188158,test
1.0,polynomial,0.0015066749596637054,test-double-polynomial-a1-noise0-k12-r0,0.13029014925408738,0.0476983146175316,0.0015461929563233086,,,0.002577308641298239,synthetic,12.0,fixed_0.01,0.0,,0.05282425909461829,5000,,double,1.0007682635027844,test
1.0,polynomial,0.0014094066768724589,test-double-polynomial-a1-noise0-k12-r0,0.11578241018520122,0.04447337724080058,0.0014416530895278367,,,0.0022951873600582182,synthetic,12.0,fixed_0.1,0.0,,0.0465649890436632,5000,,double,1.0010684231973983,test
1.0,polynomial,0.0009798529722946112,test-double-polynomial-a1-noise0-k12-r0,0.04910317235985219,0.03016478018050166,0.0009778242903993465,,,0.0006956091089922756,synthetic,12.0,fixed_1,0.0,,0.014579523468407914,5000,,double,1.0031277480756615,test
1.0,polynomial,0.001510380031274024,test-double-polynomial-a1-noise0-k12-r0,0.13083420179821573,0.04782101250219371,0.0015501703422444162,,,0.00258782347645002,synthetic,12.0,frozen_initial,0.0,,0.05305780230969073,5000,,double,1.0007571284711132,test
1.0,polynomial,,test-double-polynomial-a1-noise0-k12-r0,0.0821784537861941,0.03851285123398261,0.0012484361299429285,,,0.001619592853166102,synthetic,12.0,rexafs_direct,0.0,,0.03263403573771894,5000,,double,0.9991783379389199,test
1.0,polynomial,0.0027565277346630504,test-double-polynomial-a1-noise0.0003-k10-r0,0.2851534339397028,0.08154103066363437,0.002929087583634643,,,0.006931860062671514,synthetic,10.0,larch_dynamic,0.0003,,0.10662146530398764,5000,,double,0.9965249158842485,test
1.0,polynomial,0.00275726893678047,test-double-polynomial-a1-noise0.0003-k10-r0,0.28530373334857717,0.08156541077142984,0.00292996335710047,,,0.00693543055609831,synthetic,10.0,fixed_0,0.0003,,0.1066830198301854,5000,,double,0.9965288498540521,test
1.0,polynomial,0.0027572674116567307,test-double-polynomial-a1-noise0.0003-k10-r0,0.28530342323146035,0.08156536056965198,0.002929961553770257,,,0.006935423191802662,synthetic,10.0,fixed_1e-06,0.0003,,0.10668289276023506,5000,,double,0.9965288416751107,test
1.0,polynomial,0.0027572536858121196,test-double-polynomial-a1-noise0.0003-k10-r0,0.28530063220026447,0.08156490876167156,0.002929945324086442,,,0.006935356913655455,synthetic,10.0,fixed_1e-05,0.0003,,0.10668174914040421,5000,,double,0.9965287680651356,test
1.0,polynomial,0.0027571164539040437,test-double-polynomial-a1-noise0.0003-k10-r0,0.2852727241841701,0.08156039147382155,0.0029297830556965832,,,0.006934694183909141,synthetic,10.0,fixed_0.0001,0.0003,,0.1066703139166239,5000,,double,0.9965280320199135,test
1.0,polynomial,0.002755746786315643,test-double-polynomial-a1-noise0.0003-k10-r0,0.28499387340987786,0.08151529772506315,0.0029281632142681307,,,0.006928072054298474,synthetic,10.0,fixed_0.001,0.0003,,0.10655605905092867,5000,,double,0.9965206770137394,test
1.0,polynomial,0.002742312968952171,test-double-polynomial-a1-noise0.0003-k10-r0,0.2822281415399938,0.08107220828279013,0.0029122467146453176,,,0.006862363784309947,synthetic,10.0,fixed_0.01,0.0003,,0.10542318083581763,5000,,double,0.9964476675064415,test
1.0,polynomial,0.0026320877416382616,test-double-polynomial-a1-noise0.0003-k10-r0,0.25669706405883946,0.07736450916631814,0.002779060080167877,,,0.0062530871946356835,synthetic,10.0,fixed_0.1,0.0003,,0.09499946344336706,5000,,double,0.9957678632546223,test
1.0,polynomial,0.00262075164708872,test-double-polynomial-a1-noise0.0003-k10-r0,0.12802975936124628,0.07437949783237316,0.0026718335763561427,,,0.002954390152558579,synthetic,10.0,fixed_1,0.0003,,0.04634185760706221,5000,,double,0.9918467642523934,test
1.0,polynomial,0.0027425988063262486,test-double-polynomial-a1-noise0.0003-k10-r0,0.2822875870290691,0.0810816517244716,0.0029125859385618026,,,0.006863776629281156,synthetic,10.0,frozen_initial,0.0003,,0.10544752388017513,5000,,double,0.9964492379062198,test
1.0,polynomial,,test-double-polynomial-a1-noise0.0003-k10-r0,0.17326475904498975,0.06685510202752055,0.0024015449358156253,,,0.004215013459024286,synthetic,10.0,rexafs_direct,0.0003,,0.06273294927977462,5000,,double,0.9923500480628441,test
1.0,polynomial,0.002730811222840262,test-double-polynomial-a1-noise0.0003-k10-r1,0.27955492428154627,0.08079228530051888,0.0029021914219286116,,,0.006805570705744628,synthetic,10.0,larch_dynamic,0.0003,,0.11011243401196959,5001,,double,0.9973527606089188,test
1.0,polynomial,0.002731507037765625,test-double-polynomial-a1-noise0.0003-k10-r1,0.27969950948236805,0.08081529231238896,0.0029030178715363335,,,0.006808994633486936,synthetic,10.0,fixed_0,0.0003,,0.11017168028747347,5001,,double,0.9973565686710176,test
1.0,polynomial,0.002731505606174531,test-double-polynomial-a1-noise0.0003-k10-r1,0.2796992111593895,0.08081524494115033,0.0029030161698837334,,,0.006808987571758265,synthetic,10.0,fixed_1e-06,0.0003,,0.11017155798673807,5001,,double,0.997356560755339,test
1.0,polynomial,0.002731492722109677,test-double-polynomial-a1-noise0.0003-k10-r1,0.2796965262747137,0.08081481860762114,0.002903000855283995,,,0.0068089240166977275,synthetic,10.0,fixed_1e-05,0.0003,,0.11017045728947802,5001,,double,0.9973564895146936,test
1.0,polynomial,0.002731363906693634,test-double-polynomial-a1-noise0.0003-k10-r1,0.27966967965152445,0.08081055602681181,0.002902847736388866,,,0.006808288516270912,synthetic,10.0,fixed_0.0001,0.0003,,0.11015945125426088,5001,,double,0.9973557771610073,test
1.0,polynomial,0.0027300782731774155,test-double-polynomial-a1-noise0.0003-k10-r1,0.2794014355985308,0.08076800559285365,0.0029013192550001623,,,0.006801938525664155,synthetic,10.0,fixed_0.001,0.0003,,0.11004948456683229,5001,,double,0.9973486588937202,test
1.0,polynomial,0.0027174717786206445,test-double-polynomial-a1-noise0.0003-k10-r1,0.27674105526874654,0.08034997554131618,0.002886302929800699,,,0.006738936348449947,synthetic,10.0,fixed_0.01,0.0003,,0.10895911894339116,5001,,double,0.9972779992572682,test
1.0,polynomial,0.002614284966017404,test-double-polynomial-a1-noise0.0003-k10-r1,0.252196650845328,0.07685728829169246,0.0027608398742919537,,,0.0061553042745436,synthetic,10.0,fixed_0.1,0.0003,,0.098924972591407,5001,,double,0.9966200639137113,test
1.0,polynomial,0.002608809604448497,test-double-polynomial-a1-noise0.0003-k10-r1,0.12916273548580082,0.07408956881392398,0.002661418850405743,,,0.0030330463857596926,synthetic,10.0,fixed_1,0.0003,,0.05098511480415689,5001,,double,0.9928244196867599,test
1.0,polynomial,0.00271755350286064,test-double-polynomial-a1-noise0.0003-k10-r1,0.2767584826849583,0.08035269027679946,0.002886400447552587,,,0.006739349204910517,synthetic,10.0,frozen_initial,0.0003,,0.10896626008214305,5001,,double,0.9972784625022149,test
1.0,polynomial,,test-double-polynomial-a1-noise0.0003-k10-r1,0.17097751446549847,0.06667196213768259,0.0023949662505448267,,,0.0041822630335865574,synthetic,10.0,rexafs_direct,0.0003,,0.06695818790435958,5001,,double,0.9931718083349508,test
1.0,polynomial,0.002716210835700712,test-double-polynomial-a1-noise0.0003-k10-r2,0.27818252305997365,0.08024056336958968,0.0028823726651094833,,,0.006768174846625835,synthetic,10.0,larch_dynamic,0.0003,,0.10940955236398879,5002,,double,0.9975454252415463,test
1.0,polynomial,0.002716936226263315,test-double-polynomial-a1-noise0.0003-k10-r2,0.2783271925850775,0.0802641531508446,0.0028832200487495007,,,0.0067716029605496015,synthetic,10.0,fixed_0,0.0003,,0.10946853316093025,5002,,double,0.99754924268742,test
1.0,polynomial,0.002716934733585641,test-double-polynomial-a1-noise0.0003-k10-r2,0.27832689411325245,0.08026410457650673,0.0028832183038796015,,,0.006771595890758034,synthetic,10.0,fixed_1e-06,0.0003,,0.1094684114225638,5002,,double,0.9975492347528987,test
1.0,polynomial,0.002716921299745181,test-double-polynomial-a1-noise0.0003-k10-r2,0.27832420788866424,0.08026366741516502,0.0028832026003270746,,,0.00677153226312245,synthetic,10.0,fixed_1e-05,0.0003,,0.10946731578653462,5002,,double,0.9975491633426449,test
1.0,polynomial,0.0027167869868640637,test-double-polynomial-a1-noise0.0003-k10-r2,0.27829734787517324,0.08025929656360263,0.0028830455921688867,,,0.006770896037118144,synthetic,10.0,fixed_0.0001,0.0003,,0.10945636036977693,5002,,double,0.99754844929296,test
1.0,polynomial,0.0027154464074897583,test-double-polynomial-a1-noise0.0003-k10-r2,0.2780289707619878,0.08021566415025282,0.0028814782443055244,,,0.006764538806929728,synthetic,10.0,fixed_0.001,0.0003,,0.1093469004690005,5002,,double,0.9975413140779353,test
1.0,polynomial,0.0027022933539825604,test-double-polynomial-a1-noise0.0003-k10-r2,0.2753673438647514,0.07978688741662202,0.0028660758806561093,,,0.006701465846509203,synthetic,10.0,fixed_0.01,0.0003,,0.10826166285061072,5002,,double,0.9974704861757772,test
1.0,polynomial,0.002593948219499489,test-double-polynomial-a1-noise0.0003-k10-r2,0.2508186514558211,0.07619428418767166,0.0027370236792649727,,,0.006117281056002295,synthetic,10.0,fixed_0.1,0.0003,,0.09828474644019362,5002,,double,0.9968109809060451,test
1.0,polynomial,0.002564821411488332,test-double-polynomial-a1-noise0.0003-k10-r2,0.12843656158367947,0.07304523930319998,0.0026239048212330757,,,0.0030022892903211872,synthetic,10.0,fixed_1,0.0003,,0.05139398517677804,5002,,double,0.9930060863882875,test
1.0,polynomial,0.0027023481597863957,test-double-polynomial-a1-noise0.0003-k10-r2,0.27537854448019944,0.07978867665325985,0.0028661401529712547,,,0.00670173136629587,synthetic,10.0,frozen_initial,0.0003,,0.10826622845757944,5002,,double,0.9974707844811426,test
1.0,polynomial,,test-double-polynomial-a1-noise0.0003-k10-r2,0.16949614256968826,0.06580273902487828,0.002363742330434888,,,0.004136917297241959,synthetic,10.0,rexafs_direct,0.0003,,0.06645529289185664,5002,,double,0.9934054698084972,test
1.0,polynomial,0.0015280645211780844,test-double-polynomial-a1-noise0.0003-k12-r0,0.1339378144655491,0.04859296180242953,0.0015751939218034436,,,0.002633257612595874,synthetic,12.0,larch_dynamic,0.0003,,0.053854065911666416,5000,,double,0.9998475452147474,test
1.0,polynomial,0.0015286548745728978,test-double-polynomial-a1-noise0.0003-k12-r0,0.1340227109873121,0.048612265948873946,0.001575819686791149,,,0.002634911258086758,synthetic,12.0,fixed_0,0.0003,,0.05389054839766352,5000,,double,0.9998457866751854,test
1.0,polynomial,0.0015286537017116398,test-double-polynomial-a1-noise0.0003-k12-r0,0.1340225422943183,0.04861222759316576,0.0015758184434489823,,,0.002634907973215826,synthetic,12.0,fixed_1e-06,0.0003,,0.053890475862306615,5000,,double,0.9998457901717782,test
1.0,polynomial,0.0015286431460456728,test-double-polynomial-a1-noise0.0003-k12-r0,0.13402102406597974,0.04861188239455984,0.0015758072534592042,,,0.0026348784095235815,synthetic,12.0,fixed_1e-05,0.0003,,0.053889823047511116,5000,,double,0.999845821640919,test
1.0,polynomial,0.0015285375969695918,test-double-polynomial-a1-noise0.0003-k12-r0,0.13400584266364565,0.04860843065623771,0.00157569536159209,,,0.00263458278771926,synthetic,12.0,fixed_0.0001,0.0003,,0.053883295245695115,5000,,double,0.9998461363178845,test
1.0,polynomial,0.0015274828646246721,test-double-polynomial-a1-noise0.0003-k12-r0,0.13385411669628705,0.04857393804777854,0.001574577246021919,,,0.0026316280803907535,synthetic,12.0,fixed_0.001,0.0003,,0.05381805182316724,5000,,double,0.9998492816417038,test
1.0,polynomial,0.001517011114093096,test-double-polynomial-a1-noise0.0003-k12-r0,0.13234563644924488,0.048231480852105886,0.0015634761220506188,,,0.002602231498878929,synthetic,12.0,fixed_0.01,0.0003,,0.053169065227628896,5000,,double,0.9998805909704315,test
1.0,polynomial,0.0014195944362249005,test-double-polynomial-a1-noise0.0003-k12-r0,0.11811483990875928,0.045045609136727366,0.0014602026113287665,,,0.0023227708869573423,synthetic,12.0,fixed_0.1,0.0003,,0.047012921942649805,5000,,double,1.0001799314593007,test
1.0,polynomial,0.0009834119591825288,test-double-polynomial-a1-noise0.0003-k12-r0,0.05401704030551341,0.030922820730337437,0.0010023970026253825,,,0.0007564276643172815,synthetic,12.0,fixed_1,0.0003,,0.016671257205566444,5000,,double,1.0022338205015253,test
1.0,polynomial,0.001520754829719181,test-double-polynomial-a1-noise0.0003-k12-r0,0.13288536652260696,0.04835391192881209,0.0015674448591004731,,,0.0026127538335772135,synthetic,12.0,frozen_initial,0.0003,,0.053401339870240046,5000,,double,0.9998693805462273,test
1.0,polynomial,,test-double-polynomial-a1-noise0.0003-k12-r0,0.08484099985747849,0.03905507616841898,0.001266012943318641,,,0.0016515644883782095,synthetic,12.0,rexafs_direct,0.0003,,0.03342856014779474,5000,,double,0.9983291398707639,test
1.0,polynomial,0.0015171015735538495,test-double-polynomial-a1-noise0.0003-k12-r1,0.13299098320690447,0.04878711775291653,0.001581487698962625,,,0.002605655990567965,synthetic,12.0,larch_dynamic,0.0003,,0.05301029683002513,5001,,double,1.0006773994778664,test
1.0,polynomial,0.0015177019884263841,test-double-polynomial-a1-noise0.0003-k12-r1,0.1330751534635043,0.04880615324563082,0.0015821047552462897,,,0.0026073060178412317,synthetic,12.0,fixed_0,0.0003,,0.05304700271532075,5001,,double,1.0006756524443703,test
1.0,polynomial,0.001517700795446736,test-double-polynomial-a1-noise0.0003-k12-r1,0.13307498622026218,0.048806115425956524,0.0015821035292802475,,,0.0026073027401691236,synthetic,12.0,fixed_1e-06,0.0003,,0.053046929735111735,5001,,double,1.0006756559178553,test
1.0,polynomial,0.0015176900587162416,test-double-polynomial-a1-noise0.0003-k12-r1,0.1330734810401214,0.04880577505171334,0.0015820924956774555,,,0.0026072732412744447,synthetic,12.0,fixed_1e-05,0.0003,,0.0530462729167224,5001,,double,1.0006756871790181,test
1.0,polynomial,0.0015175826988714973,test-double-polynomial-a1-noise0.0003-k12-r1,0.13305843011641358,0.04880237155532615,0.0015819821676253444,,,0.0026069782672498046,synthetic,12.0,fixed_0.0001,0.0003,,0.05303970506973863,5001,,double,1.0006759997762606,test
1.0,polynomial,0.0015165098464524388,test-double-polynomial-a1-noise0.0003-k12-r1,0.13290800865829172,0.04876836119584308,0.0015808796846823639,,,0.00260403001937103,synthetic,12.0,fixed_0.001,0.0003,,0.052974060291027636,5001,,double,1.0006791243120143,test
1.0,polynomial,0.0015058556609568849,test-double-polynomial-a1-noise0.0003-k12-r1,0.1314125461399461,0.04843070942858424,0.0015699343339207702,,,0.0025746961954356312,synthetic,12.0,fixed_0.01,0.0003,,0.05232096924352948,5001,,double,1.0007102266685528,test
1.0,polynomial,0.0014064957004220168,test-double-polynomial-a1-noise0.0003-k12-r1,0.11730952699839642,0.04529114566894019,0.0014681619461537332,,,0.0022956768478553696,synthetic,12.0,fixed_0.1,0.0003,,0.04611421484651996,5001,,double,1.0010075842519381,test
1.0,polynomial,0.0009463646246487551,test-double-polynomial-a1-noise0.0003-k12-r1,0.05427478835591391,0.0314000915755612,0.001017868258267447,,,0.0007132374318879773,synthetic,12.0,fixed_1,0.0003,,0.01430757177994139,5001,,double,1.0030475751272283,test
1.0,polynomial,0.001509590705665578,test-double-polynomial-a1-noise0.0003-k12-r1,0.13193715869715997,0.048549060376524004,0.0015737708091410369,,,0.0025849913691651737,synthetic,12.0,frozen_initial,0.0003,,0.05255017212886318,5001,,double,1.0006993077624597,test
1.0,polynomial,,test-double-polynomial-a1-noise0.0003-k12-r1,0.08390831336238475,0.03919100775852317,0.0012704193142532582,,,0.0016177821741322747,synthetic,12.0,rexafs_direct,0.0003,,0.03226530536393025,5001,,double,0.9991035922846313,test
1.0,polynomial,0.001518487987003999,test-double-polynomial-a1-noise0.0003-k12-r2,0.13539658575913913,0.04840647823943274,0.0015691488534632359,,,0.0026548074853807863,synthetic,12.0,larch_dynamic,0.0003,,0.053851694606014126,5002,,double,1.0007997388366918,test
1.0,polynomial,0.00151908085633875,test-double-polynomial-a1-noise0.0003-k12-r2,0.13548272418510202,0.04842585238657622,0.001569776887600044,,,0.002656476086745984,synthetic,12.0,fixed_0,0.0003,,0.053888688155588386,5002,,double,1.0007979583508286,test
1.0,polynomial,0.0015190796786739048,test-double-polynomial-a1-noise0.0003-k12-r2,0.1354825530399222,0.048425813896392875,0.0015697756398987182,,,0.0026564727726621023,synthetic,12.0,fixed_1e-06,0.0003,,0.05388861461165966,5002,,double,1.0007979618907652,test
1.0,polynomial,0.001519069079780305,test-double-polynomial-a1-noise0.0003-k12-r2,0.13548101274192845,0.048425467487666206,0.0015697644106815547,,,0.0026564429460542638,synthetic,12.0,fixed_1e-05,0.0003,,0.05388795271974723,5002,,double,1.0007979937499538,test
1.0,polynomial,0.001518963098599122,test-double-polynomial-a1-noise0.0003-k12-r2,0.13546561065198384,0.04842200365362288,0.0015696521267184293,,,0.002656144695375422,synthetic,12.0,fixed_0.0001,0.0003,,0.05388133415087277,5002,,double,1.0007983123272328,test
1.0,polynomial,0.0015179040626896016,test-double-polynomial-a1-noise0.0003-k12-r2,0.13531167871092553,0.04838739064927889,0.0015685301083841758,,,0.0026531637275851293,synthetic,12.0,fixed_0.001,0.0003,,0.05381518347437305,5002,,double,1.0008014966359713,test
1.0,polynomial,0.001507391023687917,test-double-polynomial-a1-noise0.0003-k12-r2,0.13378122851766938,0.04804378557447276,0.0015573917746572455,,,0.0026235073690345045,synthetic,12.0,fixed_0.01,0.0003,,0.05315716588739686,5002,,double,1.0008331940013724,test
1.0,polynomial,0.001409734977188155,test-double-polynomial-a1-noise0.0003-k12-r2,0.11933931619147396,0.0448519984480156,0.001453926509425472,,,0.0023417324881532227,synthetic,12.0,fixed_0.1,0.0003,,0.04691478250451252,5002,,double,1.0011362416438265,test
1.0,polynomial,0.0009850761816851252,test-double-polynomial-a1-noise0.0003-k12-r2,0.05405075035774085,0.031106804114665834,0.0010083610249437837,,,0.0007886451603882545,synthetic,12.0,fixed_1,0.0003,,0.016501178912599043,5002,,double,1.0032153692914036,test
1.0,polynomial,0.0015111576997961114,test-double-polynomial-a1-noise0.0003-k12-r2,0.134330065644131,0.048166894930202805,0.0015613824988623588,,,0.002634146374349559,synthetic,12.0,frozen_initial,0.0003,,0.05339320656325258,5002,,double,1.0008218189908336,test
1.0,polynomial,,test-double-polynomial-a1-noise0.0003-k12-r2,0.0854946247041072,0.038821232940508925,0.0012584326597220895,,,0.0016661561565518759,synthetic,12.0,rexafs_direct,0.0003,,0.03322195757687607,5002,,double,0.9992752578470283,test
1.0,polynomial,0.0029089978198252957,test-double-polynomial-a1-noise0.003-k10-r0,0.36906876977155134,0.11574258852724989,0.004157663647291832,,,0.00856236934724195,synthetic,10.0,larch_dynamic,0.003,,0.10838175898051676,5000,,double,0.9880594067992052,test
1.0,polynomial,0.0029097881291017483,test-double-polynomial-a1-noise0.003-k10-r0,0.3692263713193567,0.11576547271018864,0.004158485684682848,,,0.00856630172490852,synthetic,10.0,fixed_0,0.003,,0.1084476018857805,5000,,double,0.9880639314032928,test
1.0,polynomial,0.0029097865037335945,test-double-polynomial-a1-noise0.003-k10-r0,0.3692260459659602,0.11576542556923355,0.00415848399130241,,,0.00856629360978315,synthetic,10.0,fixed_1e-06,0.003,,0.10844746583357477,5000,,double,0.9880639219815956,test
1.0,polynomial,0.002909771875748393,test-double-polynomial-a1-noise0.003-k10-r0,0.36922311781206957,0.11576500130862102,0.00415846875116524,,,0.008566220574254447,synthetic,10.0,fixed_1e-05,0.003,,0.10844624137571278,5000,,double,0.9880638371868653,test
1.0,polynomial,0.0029096256280180025,test-double-polynomial-a1-noise0.003-k10-r0,0.3691938389414916,0.1157607594880158,0.004158316378010698,,,0.008565490279134391,synthetic,10.0,fixed_0.0001,0.003,,0.10843399799118085,5000,,double,0.9880629893024518,test
1.0,polynomial,0.002908166359938871,test-double-polynomial-a1-noise0.003-k10-r0,0.3689013168342974,0.1157184197541023,0.004156795465313236,,,0.008558193339073854,synthetic,10.0,fixed_0.001,0.003,,0.10831168346780917,5000,,double,0.9880545167368588,test
1.0,polynomial,0.002893891808711925,test-double-polynomial-a1-noise0.003-k10-r0,0.3660025640546673,0.11530279534773462,0.004141865554834559,,,0.008485820704858123,synthetic,10.0,fixed_0.01,0.003,,0.1071003961344758,5000,,double,0.9879704142648352,test
1.0,polynomial,0.0027802916916269535,test-double-polynomial-a1-noise0.003-k10-r0,0.3394833152641858,0.11185432571965766,0.004017990868827601,,,0.007817724705388792,synthetic,10.0,fixed_0.1,0.003,,0.09610443731824263,5000,,double,0.9871873678538811,test
1.0,polynomial,0.0029098030888375804,test-double-polynomial-a1-noise0.003-k10-r0,0.21682066052841795,0.10903858340911586,0.00391684478601017,,,0.004379416359642202,synthetic,10.0,fixed_1,0.003,,0.05669284700487442,5000,,double,0.9826736176415952,test
1.0,polynomial,0.0028947637605177007,test-double-polynomial-a1-noise0.003-k10-r0,0.36618163789023134,0.11532826221639726,0.004142780366533489,,,0.00849029498739493,synthetic,10.0,frozen_initial,0.003,,0.10717518219827922,5000,,double,0.9879756174315242,test
1.0,polynomial,,test-double-polynomial-a1-noise0.003-k10-r0,0.2482353992275544,0.09640473330103864,0.0034630161652054793,,,0.005558178149788916,synthetic,10.0,rexafs_direct,0.003,,0.07038752232157655,5000,,double,0.9839124319015963,test
1.0,polynomial,0.00270383351151901,test-double-polynomial-a1-noise0.003-k10-r1,0.32307249645900477,0.1126284283340601,0.004045797904596609,,,0.0073069971838609455,synthetic,10.0,larch_dynamic,0.003,,0.13820577796206807,5001,,double,0.9963378529659345,test
1.0,polynomial,0.0027042011032575052,test-double-polynomial-a1-noise0.003-k10-r1,0.3231740877599554,0.1126404055405793,0.004046228145502525,,,0.007309552007168343,synthetic,10.0,fixed_0,0.003,,0.13825364106816154,5001,,double,0.996341119572951,test
1.0,polynomial,0.002704200348670564,test-double-polynomial-a1-noise0.003-k10-r1,0.32317387803273545,0.11264038088245172,0.004046227259742131,,,0.0073095467361006415,synthetic,10.0,fixed_1e-06,0.003,,0.13825354221066674,5001,,double,0.9963411127838652,test
1.0,polynomial,0.0027041935575761885,test-double-polynomial-a1-noise0.003-k10-r1,0.3231719905060176,0.11264015896379496,0.004046219288059939,,,0.007309499296911488,synthetic,10.0,fixed_1e-05,0.003,,0.1382526525008386,5001,,double,0.9963410516824411,test
1.0,polynomial,0.0027041256648547714,test-double-polynomial-a1-noise0.003-k10-r1,0.32315311708064487,0.11263794021401441,0.004046139586928122,,,0.007309024947666246,synthetic,10.0,fixed_0.0001,0.003,,0.1382437561721796,5001,,double,0.9963404407134001,test
1.0,polynomial,0.0027034485574863494,test-double-polynomial-a1-noise0.003-k10-r1,0.32296456683303915,0.11261579633955625,0.004045344142632151,,,0.0073042857155998,synthetic,10.0,fixed_0.001,0.003,,0.13815486977773758,5001,,double,0.9963343355366778,test
1.0,polynomial,0.0026968575061889362,test-double-polynomial-a1-noise0.003-k10-r1,0.3210973239278292,0.11239867334467994,0.004037544728481535,,,0.007257316248940109,synthetic,10.0,fixed_0.01,0.003,,0.13727363757952787,5001,,double,0.9962737317731168,test
1.0,polynomial,0.0026471195190993554,test-double-polynomial-a1-noise0.003-k10-r1,0.3041193417365141,0.11061603418474854,0.003973509405565453,,,0.006826939325113257,synthetic,10.0,fixed_0.1,0.003,,0.12917097194340676,5001,,double,0.9957093744447933,test
1.0,polynomial,0.002790863720781548,test-double-polynomial-a1-noise0.003-k10-r1,0.22760449433792831,0.10938544966659156,0.003929304790987848,,,0.00473891001733899,synthetic,10.0,fixed_1,0.003,,0.08829297990974909,5001,,double,0.9924501719852801,test
1.0,polynomial,0.002696249414245523,test-double-polynomial-a1-noise0.003-k10-r1,0.3209220040938499,0.11237849100312,0.004036819745665022,,,0.007252902771764179,synthetic,10.0,frozen_initial,0.003,,0.13719080451747062,5001,,double,0.996268028018888,test
1.0,polynomial,,test-double-polynomial-a1-noise0.003-k10-r1,0.23734432929938784,0.09905183184961765,0.0035581042874452446,,,0.00527853804220358,synthetic,10.0,rexafs_direct,0.003,,0.10347484270834716,5001,,double,0.9921400082177809,test
1.0,polynomial,0.002492531967261848,test-double-polynomial-a1-noise0.003-k10-r2,0.304035314244746,0.10774504325422606,0.0038703787016869276,,,0.0070185012339982825,synthetic,10.0,larch_dynamic,0.003,,0.12889476500351524,5002,,double,0.9982645001165327,test
1.0,polynomial,0.0024931735776688234,test-double-polynomial-a1-noise0.003-k10-r2,0.3041384208522101,0.10776033088709835,0.0038709278585379635,,,0.007021040599290191,synthetic,10.0,fixed_0,0.003,,0.12894162514445145,5002,,double,0.9982678597370082,test
1.0,polynomial,0.002493172257111809,test-double-polynomial-a1-noise0.003-k10-r2,0.3041382081781512,0.10776029939263537,0.0038709267272051882,,,0.007021035364500851,synthetic,10.0,fixed_1e-06,0.003,,0.12894152846552306,5002,,double,0.9982678527594627,test
1.0,polynomial,0.0024931603723261854,test-double-polynomial-a1-noise0.003-k10-r2,0.304136294131088,0.1077600159475878,0.0038709165453941073,,,0.007020988251843722,synthetic,10.0,fixed_1e-05,0.003,,0.12894065836324803,5002,,double,0.9982677899619171,test
1.0,polynomial,0.002493041546312705,test-double-polynomial-a1-noise0.003-k10-r2,0.30411715559258923,0.10775718199291817,0.003870814745093476,,,0.007020517169615069,synthetic,10.0,fixed_0.0001,0.003,,0.12893195814346753,5002,,double,0.9982671620329359,test
1.0,polynomial,0.002491855468927686,test-double-polynomial-a1-noise0.003-k10-r2,0.30392596324699866,0.10772889198084665,0.0038697985214521365,,,0.007015810777520218,synthetic,10.0,fixed_0.001,0.003,,0.12884503616938975,5002,,double,0.9982608873788122,test
1.0,polynomial,0.002480211065588076,test-double-polynomial-a1-noise0.003-k10-r2,0.3020331978652506,0.10745089568581306,0.0038598124385016007,,,0.00696918658302328,synthetic,10.0,fixed_0.01,0.003,,0.1279837792729627,5002,,double,0.9981986009581966,test
1.0,polynomial,0.002383604592369049,test-double-polynomial-a1-noise0.003-k10-r2,0.28488516156108223,0.10511531040234982,0.0037759143837599036,,,0.006543845677060292,synthetic,10.0,fixed_0.1,0.003,,0.12011198890816666,5002,,double,0.9976185443680533,test
1.0,polynomial,0.0023264988335976178,test-double-polynomial-a1-noise0.003-k10-r2,0.21160357380889222,0.10158960730780417,0.0036492653449414427,,,0.0045903831584370005,synthetic,10.0,fixed_1,0.003,,0.08320110599134235,5002,,double,0.9942668390005609,test
1.0,polynomial,0.0024788945703903705,test-double-polynomial-a1-noise0.003-k10-r2,0.30181735581087266,0.10741943483709285,0.0038586823132063103,,,0.006963866057491449,synthetic,10.0,frozen_initial,0.003,,0.1278854783259761,5002,,double,0.9981914783862158,test
1.0,polynomial,,test-double-polynomial-a1-noise0.003-k10-r2,0.21188451353045834,0.08965621371930375,0.0032205982713684987,,,0.00481064576929702,synthetic,10.0,rexafs_direct,0.003,,0.09230655872470758,5002,,double,0.9944869514503208,test
1.0,polynomial,0.001701510188467813,test-double-polynomial-a1-noise0.003-k12-r0,0.25691899190598083,0.09522409592925277,0.0030867930571272066,,,0.004037989363562512,synthetic,12.0,larch_dynamic,0.003,,0.0929259188560427,5000,,double,0.9918593088131099,test
1.0,polynomial,0.0017020746972527426,test-double-polynomial-a1-noise0.003-k12-r0,0.2569624722693472,0.09523388363841284,0.003087110336408103,,,0.0040390738030682575,synthetic,12.0,fixed_0,0.003,,0.09294548102688047,5000,,double,0.9918575938628725,test
1.0,polynomial,0.0017020735755092482,test-double-polynomial-a1-noise0.003-k12-r0,0.2569623858453549,0.09523386418417254,0.003087109705777659,,,0.0040390716481082545,synthetic,12.0,fixed_1e-06,0.003,,0.0929454421203045,5000,,double,0.991857597273044,test
1.0,polynomial,0.0017020634799047374,test-double-polynomial-a1-noise0.003-k12-r0,0.2569616080373302,0.09523368909799648,0.003087104030168063,,,0.004039052253628462,synthetic,12.0,fixed_1e-05,0.003,,0.09294509196469616,5000,,double,0.9918576279643643,test
1.0,polynomial,0.0017019625309475594,test-double-polynomial-a1-noise0.003-k12-r0,0.2569538307432965,0.09523193840735425,0.003087047279619088,,,0.004038858324840557,synthetic,12.0,fixed_0.0001,0.003,,0.09294159076134936,5000,,double,0.991857934863541,test
1.0,polynomial,0.0017009537508168354,test-double-polynomial-a1-noise0.003-k12-r0,0.2568761363970045,0.09521444861907388,0.0030864803290326045,,,0.004036920637577625,synthetic,12.0,fixed_0.001,0.003,,0.09290661399089596,5000,,double,0.9918610024476793,test
1.0,polynomial,0.0016909366137116586,test-double-polynomial-a1-noise0.003-k12-r0,0.25610701050834805,0.09504125230099342,0.0030808659812464312,,,0.0040177031339507915,synthetic,12.0,fixed_0.01,0.003,,0.09256035539288959,5000,,double,0.9918915381792632,test
1.0,polynomial,0.0015975631776993728,test-double-polynomial-a1-noise0.003-k12-r0,0.24915727515002545,0.09346966854988129,0.003029921377737346,,,0.00384079768283491,synthetic,12.0,fixed_0.1,0.003,,0.0894320563484177,5000,,double,0.9921835058164034,test
1.0,polynomial,0.0011465395683978572,test-double-polynomial-a1-noise0.003-k12-r0,0.22520544094899295,0.0873008056484647,0.0028299509502038604,,,0.0030969480545146376,synthetic,12.0,fixed_1,0.003,,0.07919847098515495,5000,,double,0.9941884723342517,test
1.0,polynomial,0.0016946072714135714,test-double-polynomial-a1-noise0.003-k12-r0,0.25638834444860287,0.09510461729786969,0.00308292002681666,,,0.00402474014310893,synthetic,12.0,frozen_initial,0.003,,0.0926870132074831,5000,,double,0.9918803328417133,test
1.0,polynomial,,test-double-polynomial-a1-noise0.003-k12-r0,0.20691123308549036,0.08080542271364885,0.0026193960192180277,,,0.0030596588336427254,synthetic,12.0,rexafs_direct,0.003,,0.08332071082703554,5000,,double,0.9907066890540716,test
1.0,polynomial,0.001637017579921216,test-double-polynomial-a1-noise0.003-k12-r1,0.2667997589796367,0.10107377522971726,0.003276416799677725,,,0.003883075949100893,synthetic,12.0,larch_dynamic,0.003,,0.08075986501833336,5001,,double,1.0001578510518743,test
1.0,polynomial,0.0016376472000784804,test-double-polynomial-a1-noise0.003-k12-r1,0.26683529632546854,0.10108208417663261,0.003276686143265606,,,0.003884065201131756,synthetic,12.0,fixed_0,0.003,,0.08078016720618346,5001,,double,1.0001562515547393,test
1.0,polynomial,0.0016376459478543114,test-double-polynomial-a1-noise0.003-k12-r1,0.2668352257030437,0.10108206766867919,0.0032766856081422693,,,0.0038840632349941727,synthetic,12.0,fixed_1e-06,0.003,,0.0807801268144934,5001,,double,1.000156254733819,test
1.0,polynomial,0.0016376346779094627,test-double-polynomial-a1-noise0.003-k12-r1,0.26683459010795385,0.10108191909873733,0.0032766807920853614,,,0.0038840455399023538,synthetic,12.0,fixed_1e-05,0.003,,0.08077976329271422,5001,,double,1.0001562833453326,test
1.0,polynomial,0.0016375219845829537,test-double-polynomial-a1-noise0.003-k12-r1,0.2668282348356983,0.10108043354466818,0.00327663263622794,,,0.003883868603801086,synthetic,12.0,fixed_0.0001,0.003,,0.08077612841794014,5001,,double,1.0001565694473173,test
1.0,polynomial,0.0016363956639710952,test-double-polynomial-a1-noise0.003-k12-r1,0.2667647499474471,0.10106559254282313,0.0032761515489463113,,,0.0038821007240632476,synthetic,12.0,fixed_0.001,0.003,,0.08073981395971132,5001,,double,1.0001594291508122,test
1.0,polynomial,0.0016251934681981851,test-double-polynomial-a1-noise0.003-k12-r1,0.26613664542652843,0.10091862737514803,0.0032713875125457348,,,0.003864569396241192,synthetic,12.0,fixed_0.01,0.003,,0.08038008307736255,5001,,double,1.000187895160453,test
1.0,polynomial,0.0015190295949068522,test-double-polynomial-a1-noise0.003-k12-r1,0.26049259900632377,0.09958487235815544,0.003228152387169274,,,0.0037033690675147128,synthetic,12.0,fixed_0.1,0.003,,0.07710937491987482,5001,,double,1.000460033742818,test
1.0,polynomial,0.0008800758800468319,test-double-polynomial-a1-noise0.003-k12-r1,0.2420399909971198,0.0942437834870923,0.0030550151587838653,,,0.0030292567196767467,synthetic,12.0,fixed_1,0.003,,0.06570546006759653,5001,,double,1.002326018591341,test
1.0,polynomial,0.0016287138875333146,test-double-polynomial-a1-noise0.003-k12-r1,0.2663333856415141,0.10096468717814834,0.003272880591358681,,,0.0038700686503480583,synthetic,12.0,frozen_initial,0.003,,0.08049284816410533,5001,,double,1.0001789446815925,test
1.0,polynomial,,test-double-polynomial-a1-noise0.003-k12-r1,0.2232886790683609,0.08818174766099847,0.00285850764755535,,,0.00304795606539729,synthetic,12.0,rexafs_direct,0.003,,0.06873687729452349,5001,,double,0.9984340952742333,test
1.0,polynomial,0.0015945332077011143,test-double-polynomial-a1-noise0.003-k12-r2,0.2736273209459629,0.09902181522238378,0.003209900275237886,,,0.004213014322334302,synthetic,12.0,larch_dynamic,0.003,,0.08965365675196545,5002,,double,1.0013812448164847,test
1.0,polynomial,0.0015951236661683821,test-double-polynomial-a1-noise0.003-k12-r2,0.27367933046570164,0.09903112370991464,0.003210202020026348,,,0.004214240896837266,synthetic,12.0,fixed_0,0.003,,0.0896768785231848,5002,,double,1.0013793106193378,test
1.0,polynomial,0.0015951224946552183,test-double-polynomial-a1-noise0.003-k12-r2,0.2736792271631042,0.09903110522685735,0.003210201420877862,,,0.004214238462650594,synthetic,12.0,fixed_1e-06,0.003,,0.08967683237706935,5002,,double,1.0013793144628986,test
1.0,polynomial,0.0015951119511363925,test-double-polynomial-a1-noise0.003-k12-r2,0.27367829744904476,0.09903093888145713,0.0032101960286100594,,,0.004214216555159432,synthetic,12.0,fixed_1e-05,0.003,,0.08967641706643195,5002,,double,1.0013793490547198,test
1.0,polynomial,0.001595006524770907,test-double-polynomial-a1-noise0.003-k12-r2,0.27366900123028826,0.09902927562139215,0.003210142112218723,,,0.004213997498994895,synthetic,12.0,fixed_0.0001,0.003,,0.08967226439452443,5002,,double,1.001379694957019,test
1.0,polynomial,0.0015939531432923838,test-double-polynomial-a1-noise0.003-k12-r2,0.27357613118946245,0.09901266240624895,0.0032096035767077255,,,0.004211808811495949,synthetic,12.0,fixed_0.001,0.003,,0.08963078110666253,5002,,double,1.001383152390332,test
1.0,polynomial,0.0015835072454343452,test-double-polynomial-a1-noise0.003-k12-r2,0.2726565985342059,0.09884845661109316,0.003204280666540077,,,0.004190108581179322,synthetic,12.0,fixed_0.01,0.003,,0.08922027245158042,5002,,double,1.0014175684886513,test
1.0,polynomial,0.0014875493985770656,test-double-polynomial-a1-noise0.003-k12-r2,0.26433280906389894,0.09738739343987658,0.003156918708320108,,,0.003991026983424512,synthetic,12.0,fixed_0.1,0.003,,0.08552920606788438,5002,,double,1.001746607661694,test
1.0,polynomial,0.0011385397467757916,test-double-polynomial-a1-noise0.003-k12-r2,0.23543400497751665,0.09319128065942708,0.0030208971302603123,,,0.003215533359988889,synthetic,12.0,fixed_1,0.003,,0.07529377196580578,5002,,double,1.0040039602330828,test
1.0,polynomial,0.0015875585961719965,test-double-polynomial-a1-noise0.003-k12-r2,0.27301292523436327,0.09891202574467986,0.0032063413294246977,,,0.004198523980589032,synthetic,12.0,frozen_initial,0.003,,0.08937929771536712,5002,,double,1.0014041921248542,test
1.0,polynomial,,test-double-polynomial-a1-noise0.003-k12-r2,0.21813185439644844,0.08346996124572302,0.002705769945491533,,,0.0031881100236589763,synthetic,12.0,rexafs_direct,0.003,,0.07880221148665785,5002,,double,1.0001526161600158,test
0.3,bump,0.0012831131763960443,test-double-bump-a0.3-noise0-k10-r0,0.4440826040599017,0.1297598580499454,0.0013983560888609025,,,0.0031810308245198964,synthetic,10.0,larch_dynamic,0.0,,0.1470608896535445,5000,,double,0.9952667974278149,test
0.3,bump,0.0012833074154836362,test-double-bump-a0.3-noise0-k10-r0,0.44431031535581145,0.12978481432084715,0.0013986250299178303,,,0.003182684342459881,synthetic,10.0,fixed_0,0.0,,0.14714179378201855,5000,,double,0.9952727134226961,test
0.3,bump,0.0012833070154543511,test-double-bump-a0.3-noise0-k10-r0,0.44430984532716505,0.12978476288348936,0.0013986244756035487,,,0.0031826809297288003,synthetic,10.0,fixed_1e-06,0.0,,0.14714162667746272,5000,,double,0.9952727011703661,test
0.3,bump,0.001283303415305157,test-double-bump-a0.3-noise0-k10-r0,0.4443056151029664,0.12978429995870097,0.0013986194868982108,,,0.003182650215374139,synthetic,10.0,fixed_1e-05,0.0,,0.14714012275219385,5000,,double,0.9952725908999602,test
0.3,bump,0.0012832674246591152,test-double-bump-a0.3-noise0-k10-r0,0.4442633162731996,0.12977967180203157,0.0013985696116042936,,,0.003182343094771117,synthetic,10.0,fixed_0.0001,0.0,,0.147125085071783,5000,,double,0.9952714882776376,test
0.3,bump,0.0012829086015519364,test-double-bump-a0.3-noise0-k10-r0,0.44384066886071005,0.12973349924056657,0.0013980720333591169,,,0.003179274180680855,synthetic,10.0,fixed_0.001,0.0,,0.14697486538249863,5000,,double,0.995260470214269,test
0.3,bump,0.0012794275465705632,test-double-bump-a0.3-noise0-k10-r0,0.4396480384929652,0.12928256699742774,0.0013932125655904777,,,0.0031488125363942393,synthetic,10.0,fixed_0.01,0.0,,0.14548828072643366,5000,,double,0.9951510994732213,test
0.3,bump,0.0012542457714994778,test-double-bump-a0.3-noise0-k10-r0,0.4008784441508752,0.1257516568201458,0.0013551617398588197,,,0.002865365893848964,synthetic,10.0,fixed_0.1,0.0,,0.13209113188663746,5000,,double,0.994132740942688,test
0.3,bump,0.001372165548181172,test-double-bump-a0.3-noise0-k10-r0,0.19939826563791707,0.13116524776199068,0.0014135012600301295,,,0.0012459580278505068,synthetic,10.0,fixed_1,0.0,,0.0871313750388302,5000,,double,0.9882595735809111,test
0.3,bump,0.0012829423961632567,test-double-bump-a0.3-noise0-k10-r0,0.4438805471715801,0.12973785021605216,0.001398118921612188,,,0.003179563758057493,synthetic,10.0,frozen_initial,0.0,,0.14698903635920835,5000,,double,0.9952615098648644,test
0.3,bump,,test-double-bump-a0.3-noise0-k10-r0,0.4244794989634416,0.12721211766325133,0.001370900384638421,,,0.0030380692478458315,synthetic,10.0,rexafs_direct,0.0,,0.14078532133085128,5000,,double,0.9928325287962455,test
0.3,bump,0.0006397102194938374,test-double-bump-a0.3-noise0-k12-r0,0.12511352635494935,0.06663559270812265,0.0006480196517123396,,,0.0007187131153825494,synthetic,12.0,larch_dynamic,0.0,,0.055615660579390935,5000,,double,1.0031140880872473,test
0.3,bump,0.0006398685814075065,test-double-bump-a0.3-noise0-k12-r0,0.12519094409711315,0.06665287086826123,0.0006481876788410884,,,0.000719190262730726,synthetic,12.0,fixed_0,0.0,,0.0556422800837778,5000,,double,1.0031123914295237,test
0.3,bump,0.0006398682654703939,test-double-bump-a0.3-noise0-k12-r0,0.12519078967319822,0.06665283639723825,0.0006481873436163326,,,0.0007191893110816693,synthetic,12.0,fixed_1e-06,0.0,,0.0556422269712839,5000,,double,1.0031123948148442,test
0.3,bump,0.0006398654220658575,test-double-bump-a0.3-noise0-k12-r0,0.1251893998673432,0.06665252616122617,0.0006481843266245968,,,0.000719180746285095,synthetic,12.0,fixed_1e-05,0.0,,0.05564174896327811,5000,,double,1.0031124252824626,test
0.3,bump,0.0006398369899854723,test-double-bump-a0.3-noise0-k12-r0,0.12517550273189115,0.0666494240167612,0.0006481541588044569,,,0.0007190951027566787,synthetic,12.0,fixed_0.0001,0.0,,0.05563696931369892,5000,,double,1.0031127299446705,test
0.3,bump,0.000639552866249469,test-double-bump-a0.3-noise0-k12-r0,0.12503662370350976,0.06661842419752154,0.0006478526909064399,,,0.0007182391112476571,synthetic,12.0,fixed_0.001,0.0,,0.05558921587204562,5000,,double,1.0031157751665503,test
0.3,bump,0.0006367312461265002,test-double-bump-a0.3-noise0-k12-r0,0.12365704508479768,0.06631057889215321,0.0006448589483814822,,,0.0007097234105668248,synthetic,12.0,fixed_0.01,0.0,,0.05511597720675594,5000,,double,1.0031460880282161,test
0.3,bump,0.0006103912324252912,test-double-bump-a0.3-noise0-k12-r0,0.11076390237360308,0.06343819207031245,0.0006169254817126179,,,0.000628836850212932,synthetic,12.0,fixed_0.1,0.0,,0.050803994620322174,5000,,double,1.003435898892932,test
0.3,bump,0.0004736771207503049,test-double-bump-a0.3-noise0-k12-r0,0.06415684842953483,0.0487138170349075,0.00047373347284253124,,,0.00020616968103076853,synthetic,12.0,fixed_1,0.0,,0.04004011423848197,5000,,double,1.0054242117342373,test
0.3,bump,0.0006396264133540244,test-double-bump-a0.3-noise0-k12-r0,0.12507257405362837,0.06662644866189331,0.0006479307274391102,,,0.0007184607158409571,synthetic,12.0,frozen_initial,0.0,,0.05560157539837974,5000,,double,1.003114986768703,test
0.3,bump,,test-double-bump-a0.3-noise0-k12-r0,0.12475676168438635,0.06669952648069946,0.0006486413966290442,,,0.0007157742791679965,synthetic,12.0,rexafs_direct,0.0,,0.055977174595553625,5000,,double,1.00083489842489,test
0.3,bump,0.0013013428559396822,test-double-bump-a0.3-noise0.0003-k10-r0,0.4685343469256505,0.13646292134099128,0.0014705915976531993,,,0.003339090484883408,synthetic,10.0,larch_dynamic,0.0003,,0.15251568252014155,5000,,double,0.9921314207598537,test
0.3,bump,0.0013015396640728087,test-double-bump-a0.3-noise0.0003-k10-r0,0.4687676903968955,0.13648885729910187,0.0014708710963016215,,,0.0033407945977846,synthetic,10.0,fixed_0,0.0003,,0.15259524676290656,5000,,double,0.9921375584409239,test
0.3,bump,0.0013015392588241839,test-double-bump-a0.3-noise0.0003-k10-r0,0.4687672087483771,0.13648880384258555,0.001470870520227894,,,0.00334079108066449,synthetic,10.0,fixed_1e-06,0.0003,,0.15259508240929512,5000,,double,0.99213754572832,test
0.3,bump,0.0013015356117077334,test-double-bump-a0.3-noise0.0003-k10-r0,0.46876287394682964,0.13648832274576558,0.0014708653356918005,,,0.0033407594268187544,synthetic,10.0,fixed_1e-05,0.0003,,0.15259360324340998,5000,,double,0.9921374313154123,test
0.3,bump,0.001301499151956469,test-double-bump-a0.3-noise0.0003-k10-r0,0.46871952948328915,0.13648351289988325,0.0014708135024255106,,,0.003340442912236926,synthetic,10.0,fixed_0.0001,0.0003,,0.15257881324537237,5000,,double,0.9921362872711756,test
0.3,bump,0.0013011356944203805,test-double-bump-a0.3-noise0.0003-k10-r0,0.4682864396986293,0.1364355265502092,0.0014702963779059765,,,0.003337280151512233,synthetic,10.0,fixed_0.001,0.0003,,0.15243107922933813,5000,,double,0.9921248552968976,test
0.3,bump,0.0012976138914165317,test-double-bump-a0.3-noise0.0003-k10-r0,0.46399077266132993,0.13596676350898768,0.0014652447566821554,,,0.0033058892938053063,synthetic,10.0,fixed_0.01,0.0003,,0.1509702304306059,5000,,double,0.9920113760504199,test
0.3,bump,0.0012725212182903426,test-double-bump-a0.3-noise0.0003-k10-r0,0.42432063970182443,0.1322852542971521,0.001425571001640082,,,0.0030140179083530576,synthetic,10.0,fixed_0.1,0.0003,,0.13791250369838629,5000,,double,0.9909547796831647,test
0.3,bump,0.0014060253034919306,test-double-bump-a0.3-noise0.0003-k10-r0,0.2212713876327778,0.1374502960405113,0.0014812320333303839,,,0.001365280026741079,synthetic,10.0,fixed_1,0.0003,,0.09871959294537623,5000,,double,0.9848621118732083,test
0.3,bump,0.001301171062363606,test-double-bump-a0.3-noise0.0003-k10-r0,0.46832866376888704,0.13644019915712116,0.0014703467322175823,,,0.003337588521240632,synthetic,10.0,frozen_initial,0.0003,,0.15244547895710459,5000,,double,0.9921259699286772,test
0.3,bump,,test-double-bump-a0.3-noise0.0003-k10-r0,0.4486045941793503,0.13361403480230133,0.0014398905942942283,,,0.0031950367556120556,synthetic,10.0,rexafs_direct,0.0003,,0.1481906598357986,5000,,double,0.9897821898052837,test
0.3,bump,0.0012811830429448135,test-double-bump-a0.3-noise0.0003-k10-r1,0.441245234045003,0.13286578073173444,0.0014318270401927017,,,0.0031402065136834994,synthetic,10.0,larch_dynamic,0.0003,,0.1542956106337716,5001,,double,0.9948909062187073,test
0.3,bump,0.0012813421542164207,test-double-bump-a0.3-noise0.0003-k10-r1,0.44146393436268433,0.13288813659966783,0.0014320679580275102,,,0.0031418003334992275,synthetic,10.0,fixed_0,0.0003,,0.15437439878032252,5001,,double,0.99489662116416,test
0.3,bump,0.0012813418266833859,test-double-bump-a0.3-noise0.0003-k10-r1,0.4414634829259366,0.13288809052581585,0.0014320674615130068,,,0.0031417970439904315,synthetic,10.0,fixed_1e-06,0.0003,,0.154374236051374,5001,,double,0.9948966093290873,test
0.3,bump,0.0012813388789923213,test-double-bump-a0.3-noise0.0003-k10-r1,0.4414594200279273,0.13288767587174086,0.0014320629929966315,,,0.003141767438630869,synthetic,10.0,fixed_1e-05,0.0003,,0.15437277150566736,5001,,double,0.9948965028139343,test
0.3,bump,0.0012813094120518852,test-double-bump-a0.3-noise0.0003-k10-r1,0.4414187943423686,0.13288353033139025,0.0014320183186136751,,,0.0031414714072102606,synthetic,10.0,fixed_0.0001,0.0003,,0.15435812752840894,5001,,double,0.9948954377415,test
0.3,bump,0.0012810157385425964,test-double-bump-a0.3-noise0.0003-k10-r1,0.4410128665466522,0.1328421748613872,0.0014315726517167195,,,0.003138513307618005,synthetic,10.0,fixed_0.001,0.0003,,0.1542118356061506,5001,,double,0.9948847948968299,test
0.3,bump,0.0012781774726948938,test-double-bump-a0.3-noise0.0003-k10-r1,0.43698625782569595,0.13243851164435563,0.001427222578235844,,,0.003109152134488795,synthetic,10.0,fixed_0.01,0.0003,,0.15276360343582113,5001,,double,0.9947791485531713,test
0.3,bump,0.0012585949587646404,test-double-bump-a0.3-noise0.0003-k10-r1,0.39976680204179726,0.12929557065810082,0.001393352699437362,,,0.00283599729621274,synthetic,10.0,fixed_0.1,0.0003,,0.13965859012700685,5001,,double,0.9937954485468059,test
0.3,bump,0.0013891972030866916,test-double-bump-a0.3-noise0.0003-k10-r1,0.2066042061059572,0.13459671917659072,0.0014504804847184848,,,0.001279435395476181,synthetic,10.0,fixed_1,0.0003,,0.09063826166611538,5001,,double,0.9881209633211019,test
0.3,bump,0.001281040442867361,test-double-bump-a0.3-noise0.0003-k10-r1,0.4410470873698153,0.13284565658223188,0.0014316101724539958,,,0.003138762696370311,synthetic,10.0,frozen_initial,0.0003,,0.15422416636133573,5001,,double,0.9948856921702597,test
0.3,bump,,test-double-bump-a0.3-noise0.0003-k10-r1,0.4210996997864801,0.12990698822154287,0.0013999416359969767,,,0.0029964156104178336,synthetic,10.0,rexafs_direct,0.0003,,0.1474424295401423,5001,,double,0.9923656025966141,test
0.3,bump,0.001263355408320548,test-double-bump-a0.3-noise0.0003-k10-r2,0.43398498397465046,0.12829216914532127,0.0013825395509332427,,,0.0031006442242828775,synthetic,10.0,larch_dynamic,0.0003,,0.1446171596376781,5002,,double,0.9955331226675538,test
0.3,bump,0.0012635410221366542,test-double-bump-a0.3-noise0.0003-k10-r2,0.43420536349193434,0.12831659977306661,0.0013828028274008328,,,0.0031022441889538587,synthetic,10.0,fixed_0,0.0003,,0.1446986674973879,5002,,double,0.9955388678855066,test
0.3,bump,0.001263540639849895,test-double-bump-a0.3-noise0.0003-k10-r2,0.43420490859273975,0.12831654941308465,0.0013828022846968833,,,0.00310224088676841,synthetic,10.0,fixed_1e-06,0.0003,,0.14469849915926225,5002,,double,0.995538855987608,test
0.3,bump,0.0012635371993774468,test-double-bump-a0.3-noise0.0003-k10-r2,0.43420081453254467,0.12831609618412296,0.0013827974004785451,,,0.0031022111673172053,synthetic,10.0,fixed_1e-05,0.0003,,0.14469698413113624,5002,,double,0.9955387489071013,test
0.3,bump,0.001263502805049612,test-double-bump-a0.3-noise0.0003-k10-r2,0.4341598772449423,0.1283115649423207,0.0013827485695869317,,,0.0031019139951071195,synthetic,10.0,fixed_0.0001,0.0003,,0.1446818353489534,5002,,double,0.9955376781813366,test
0.3,bump,0.0012631599000664181,test-double-bump-a0.3-noise0.0003-k10-r2,0.4337508354505083,0.12826635717763696,0.0013822613884666734,,,0.0030989445006107943,synthetic,10.0,fixed_0.001,0.0003,,0.14453049732083387,5002,,double,0.9955269788442135,test
0.3,bump,0.0012598335615392673,test-double-bump-a0.3-noise0.0003-k10-r2,0.4296932880474014,0.12782464196933782,0.0013775012480014316,,,0.0030694706697626368,synthetic,10.0,fixed_0.01,0.0003,,0.14303200054740167,5002,,double,0.9954207716148711,test
0.3,bump,0.0012357923398315916,test-double-bump-a0.3-noise0.0003-k10-r2,0.3921837888114444,0.12434692765480662,0.001340023687065972,,,0.002795311093696025,synthetic,10.0,fixed_0.1,0.0003,,0.1294462209776268,5002,,double,0.9944318385212082,test
0.3,bump,0.0013491137152492928,test-double-bump-a0.3-noise0.0003-k10-r2,0.19784552170515943,0.12888956533362,0.0013889773862539956,,,0.001237243400491239,synthetic,10.0,fixed_1,0.0003,,0.07956512760966063,5002,,double,0.9887265189928616,test
0.3,bump,0.001263187653333929,test-double-bump-a0.3-noise0.0003-k10-r2,0.4337840029894385,0.12827001828335044,0.0013823008423435761,,,0.003099185296786422,synthetic,10.0,frozen_initial,0.0003,,0.1445427668574613,5002,,double,0.9955278464601846,test
0.3,bump,,test-double-bump-a0.3-noise0.0003-k10-r2,0.4138938195725698,0.12528441717148256,0.0013501265354629122,,,0.002956504545946752,synthetic,10.0,rexafs_direct,0.0003,,0.13823294557343208,5002,,double,0.9931637957403391,test
0.3,bump,0.0006528779895412306,test-double-bump-a0.3-noise0.0003-k12-r0,0.14789446036784215,0.07241819563085193,0.0007042544682673815,,,0.0007858765996872038,synthetic,12.0,larch_dynamic,0.0003,,0.06635226652904909,5000,,double,1.0001554821120702,test
0.3,bump,0.0006530357477030756,test-double-bump-a0.3-noise0.0003-k12-r0,0.1479595392664139,0.07243403064625438,0.0007044084610623569,,,0.0007863143846862938,synthetic,12.0,fixed_0,0.0003,,0.06637383242645861,5000,,double,1.0001538014990226,test
0.3,bump,0.0006530354329688141,test-double-bump-a0.3-noise0.0003-k12-r0,0.14795940944398175,0.0724339990534744,0.000704408153828018,,,0.0007863135114923624,synthetic,12.0,fixed_1e-06,0.0003,,0.06637378939397941,5000,,double,1.0001538048523406,test
0.3,bump,0.0006530326003916933,test-double-bump-a0.3-noise0.0003-k12-r0,0.14795824105152322,0.0724337147217177,0.0007044053887507002,,,0.0007863056527925978,synthetic,12.0,fixed_1e-05,0.0003,,0.06637340210581713,5000,,double,1.0001538350318748,test
0.3,bump,0.0006530042765462133,test-double-bump-a0.3-noise0.0003-k12-r0,0.14794655809560117,0.07243087161095495,0.0007043777399886591,,,0.0007862270705604352,synthetic,12.0,fixed_0.0001,0.0003,,0.06636952963654084,5000,,double,1.0001541368134153,test
0.3,bump,0.0006527212312118794,test-double-bump-a0.3-noise0.0003-k12-r0,0.1478298254424097,0.07240246123980441,0.0007041014540269114,,,0.0007854417251145598,synthetic,12.0,fixed_0.001,0.0003,,0.06633084618591013,5000,,double,1.0001571532428382,test
0.3,bump,0.0006499100016687363,test-double-bump-a0.3-noise0.0003-k12-r0,0.14667216232603777,0.07212042136069347,0.0007013586648236844,,,0.000777635811363888,synthetic,12.0,fixed_0.01,0.0003,,0.06594812104685194,5000,,double,1.0001871795870245,test
0.3,bump,0.0006236355574002502,test-double-bump-a0.3-noise0.0003-k12-r0,0.13603602805835507,0.06949700183107028,0.0006758463621519242,,,0.0007041954521249419,synthetic,12.0,fixed_0.1,0.0003,,0.06251726863050146,5000,,double,1.0004742597659284,test
0.3,bump,0.0004847746062839579,test-double-bump-a0.3-noise0.0003-k12-r0,0.10104426774213278,0.0562914761181437,0.0005474249011070389,,,0.0003623044025536691,synthetic,12.0,fixed_1,0.0003,,0.054748062024043954,5000,,double,1.002444453153772,test
0.3,bump,0.0006527948051782792,test-double-bump-a0.3-noise0.0003-k12-r0,0.14786016556205128,0.07240984591117583,0.0007041732686829478,,,0.0007856458757857653,synthetic,12.0,frozen_initial,0.0003,,0.06634089885033047,5000,,double,1.0001563690435527,test
0.3,bump,,test-double-bump-a0.3-noise0.0003-k12-r0,0.14292415432303718,0.07131257643709413,0.0006935025122068472,,,0.0007667579115378456,synthetic,12.0,rexafs_direct,0.0003,,0.06691430545745855,5000,,double,0.9980190631662154,test
0.3,bump,0.0006470983614482949,test-double-bump-a0.3-noise0.0003-k12-r1,0.14647083929661214,0.07399522491418266,0.0007195908061821725,,,0.0007615309116702423,synthetic,12.0,larch_dynamic,0.0003,,0.06052767577432323,5001,,double,1.0029216627286623,test
0.3,bump,0.0006472603238022392,test-double-bump-a0.3-noise0.0003-k12-r1,0.14653285056322904,0.07401022991373073,0.0007197367272160511,,,0.0007619625302919073,synthetic,12.0,fixed_0,0.0003,,0.06055046018057774,5001,,double,1.002920020729645,test
0.3,bump,0.0006472600006411761,test-double-bump-a0.3-noise0.0003-k12-r1,0.14653272685597807,0.07401019997659347,0.0007197364360825521,,,0.0007619616693451594,synthetic,12.0,fixed_1e-06,0.0003,,0.06055041471327427,5001,,double,1.0029200240059382,test
0.3,bump,0.0006472570922217779,test-double-bump-a0.3-noise0.0003-k12-r1,0.14653161349911878,0.07400993054541852,0.0007197338159108232,,,0.0007619539208628763,synthetic,12.0,fixed_1e-05,0.0003,,0.06055000551147445,5001,,double,1.0029200534921918,test
0.3,bump,0.0006472280098975716,test-double-bump-a0.3-noise0.0003-k12-r1,0.1465204808851111,0.07400723643208885,0.0007197076161231332,,,0.0007618764406805576,synthetic,12.0,fixed_0.0001,0.0003,,0.060545913905749295,5001,,double,1.0029203483413365,test
0.3,bump,0.0006469373743367706,test-double-bump-a0.3-noise0.0003-k12-r1,0.1464092501105223,0.07398031520620842,0.0007194458118424219,,,0.0007611021023277399,synthetic,12.0,fixed_0.001,0.0003,,0.060505039054248824,5001,,double,1.0029232954771963,test
0.3,bump,0.0006440497019641441,test-double-bump-a0.3-noise0.0003-k12-r1,0.14530645140341586,0.07371308402740559,0.0007168470346968053,,,0.0007534049222719154,synthetic,12.0,fixed_0.01,0.0003,,0.06010039839974458,5001,,double,1.0029526319140762,test
0.3,bump,0.0006169599782199252,test-double-bump-a0.3-noise0.0003-k12-r1,0.1352030359503724,0.07122962181203688,0.0006926957927787934,,,0.0006809210540511429,synthetic,12.0,fixed_0.1,0.0003,,0.0564523511986878,5001,,double,1.0032331024080654,test
0.3,bump,0.0004675287606743406,test-double-bump-a0.3-noise0.0003-k12-r1,0.10309849442524735,0.05875918231196752,0.0005714229184317225,,,0.00034041189300316625,synthetic,12.0,fixed_1,0.0003,,0.047855052973018786,5001,,double,1.0051569685727926,test
0.3,bump,0.0006470115366308093,test-double-bump-a0.3-noise0.0003-k12-r1,0.14643762911204705,0.07398718433543534,0.000719512612939978,,,0.0007612996987357381,synthetic,12.0,frozen_initial,0.0003,,0.060515466645628124,5001,,double,1.0029225433536137,test
0.3,bump,,test-double-bump-a0.3-noise0.0003-k12-r1,0.14208466484610996,0.07275910328265114,0.0007075697364117299,,,0.0007510536296664066,synthetic,12.0,rexafs_direct,0.0003,,0.061234763569604486,5001,,double,1.0005793163594796,test
0.3,bump,0.0006384233625059374,test-double-bump-a0.3-noise0.0003-k12-r2,0.14950203491172662,0.07039247690265749,0.0006845547028512979,,,0.0008072994957928543,synthetic,12.0,larch_dynamic,0.0003,,0.05688090783323491,5002,,double,1.0033294601521932,test
0.3,bump,0.0006385855714449393,test-double-bump-a0.3-noise0.0003-k12-r2,0.1495724794477541,0.07040891290541326,0.0006847145401446793,,,0.0008077516189274922,synthetic,12.0,fixed_0,0.0003,,0.05690731117050434,5002,,double,1.0033277070845354,test
0.3,bump,0.0006385852478589109,test-double-bump-a0.3-noise0.0003-k12-r2,0.14957233892692942,0.07040888011507038,0.0006847142212642474,,,0.0008077507172099793,synthetic,12.0,fixed_1e-06,0.0003,,0.0569072584903268,5002,,double,1.003327710582324,test
0.3,bump,0.0006385823356188396,test-double-bump-a0.3-noise0.0003-k12-r2,0.1495710742493904,0.07040858500555003,0.0006847113513750363,,,0.0008077426018012941,synthetic,12.0,fixed_1e-05,0.0003,,0.05690678437330018,5002,,double,1.003327742062011,test
0.3,bump,0.0006385532152704688,test-double-bump-a0.3-noise0.0003-k12-r2,0.14955842847945894,0.07040563413175441,0.0006846826546360779,,,0.0008076614527682642,synthetic,12.0,fixed_0.0001,0.0003,,0.05690204365947617,5002,,double,1.0033280568445804,test
0.3,bump,0.0006382622179368586,test-double-bump-a0.3-noise0.0003-k12-r2,0.14943207133542197,0.0703761476241708,0.0006843959034330347,,,0.0008068504679072084,synthetic,12.0,fixed_0.001,0.0003,,0.056854682172082824,5002,,double,1.0033312032237212,test
0.3,bump,0.0006353727677739078,test-double-bump-a0.3-noise0.0003-k12-r2,0.14817852885012245,0.07008349535802012,0.0006815499105953262,,,0.0007987910176435952,synthetic,12.0,fixed_0.01,0.0003,,0.05638562217359192,5002,,double,1.0033625230234937,test
0.3,bump,0.0006084420188201582,test-double-bump-a0.3-noise0.0003-k12-r2,0.13662100699307025,0.06736838841294929,0.0006551459636144196,,,0.0007231000729689382,synthetic,12.0,fixed_0.1,0.0003,,0.05214069927981947,5002,,double,1.0036619603810426,test
0.3,bump,0.0004719818337089347,test-double-bump-a0.3-noise0.0003-k12-r2,0.09755440924783973,0.054266450285319005,0.0005277318739789768,,,0.00038577571426776173,synthetic,12.0,fixed_1,0.0003,,0.04312028031698237,5002,,double,1.0057162824533845,test
0.3,bump,0.000638338665719228,test-double-bump-a0.3-noise0.0003-k12-r2,0.1494652646198023,0.07038389377555755,0.0006844712334199046,,,0.000807063533539295,synthetic,12.0,frozen_initial,0.0003,,0.05686712235631067,5002,,double,1.0033303765020654,test
0.3,bump,,test-double-bump-a0.3-noise0.0003-k12-r2,0.14331803764757073,0.06906854906217848,0.000671679732835838,,,0.0007839262147855092,synthetic,12.0,rexafs_direct,0.0003,,0.05736399117087996,5002,,double,1.0011514716285592,test
0.3,bump,0.0015496119743738071,test-double-bump-a0.3-noise0.003-k10-r0,0.8693370858236086,0.3065161061907587,0.003303168405600477,,,0.005644714231611969,synthetic,10.0,larch_dynamic,0.003,,0.265458147157428,5000,,double,0.9639130328804638,test
0.3,bump,0.0015498119721191832,test-double-bump-a0.3-noise0.003-k10-r0,0.8695643984089245,0.3065384052221706,0.003303408710936959,,,0.005646543167740367,synthetic,10.0,fixed_0,0.003,,0.2655092346553068,5000,,double,0.9639211636050722,test
0.3,bump,0.0015498115612847005,test-double-bump-a0.3-noise0.003-k10-r0,0.8695639293319659,0.30653835927815604,0.0033034082158216477,,,0.0056465393939461985,synthetic,10.0,fixed_1e-06,0.003,,0.2655091289841063,5000,,double,0.9639211467499178,test
0.3,bump,0.0015498078639370242,test-double-bump-a0.3-noise0.003-k10-r0,0.8695597076836469,0.3065379457916598,0.0033034037598876765,,,0.005646505430114984,synthetic,10.0,fixed_1e-05,0.003,,0.26550817796241627,5000,,double,0.9639209950545072,test
0.3,bump,0.0015497709064225906,test-double-bump-a0.3-noise0.003-k10-r0,0.8695174956188061,0.3065338118759103,0.0033033592107771415,,,0.005646165823376194,synthetic,10.0,fixed_0.0001,0.003,,0.2654986696331349,5000,,double,0.9639194782129735,test
0.3,bump,0.0015494029255544975,test-double-bump-a0.3-noise0.003-k10-r0,0.8690958164005249,0.3064925675228573,0.003302914741331124,,,0.00564277291050009,synthetic,10.0,fixed_0.001,0.003,,0.26540377493498096,5000,,double,0.9639043210406116,test
0.3,bump,0.001545880721958543,test-double-bump-a0.3-noise0.003-k10-r0,0.8649228124746974,0.3060894959933206,0.003298571044165879,,,0.005609156837992952,synthetic,10.0,fixed_0.01,0.003,,0.2644735058971827,5000,,double,0.9637538652450587,test
0.3,bump,0.0015247011186992879,test-double-bump-a0.3-noise0.003-k10-r0,0.8272410851887889,0.302896515636575,0.0032641619164851922,,,0.005302069817237679,synthetic,10.0,fixed_0.1,0.003,,0.25686863619460487,5000,,double,0.9623531283473268,test
0.3,bump,0.0017978056384526635,test-double-bump-a0.3-noise0.003-k10-r0,0.6661465316380897,0.3049615265590648,0.003286415490436517,,,0.003849061842246745,synthetic,10.0,fixed_1,0.003,,0.255135512479168,5000,,double,0.9542849565038778,test
0.3,bump,0.0015494450155161775,test-double-bump-a0.3-noise0.003-k10-r0,0.8691441762591932,0.3064972928273921,0.0033029656635382475,,,0.005643162059976131,synthetic,10.0,frozen_initial,0.003,,0.2654146496023353,5000,,double,0.9639060597525371,test
0.3,bump,,test-double-bump-a0.3-noise0.003-k10-r0,0.802551598228252,0.2777970562330743,0.002993677789795621,,,0.0052495087644168405,synthetic,10.0,rexafs_direct,0.003,,0.270257711289625,5000,,double,0.9623263875438002,test
0.3,bump,0.0014629642594224481,test-double-bump-a0.3-noise0.003-k10-r1,0.7106508074411279,0.2997784188016766,0.0032305597704882397,,,0.004050120806407431,synthetic,10.0,larch_dynamic,0.003,,0.2712467831965769,5001,,double,0.9915078866240886,test
0.3,bump,0.0014629042734960426,test-double-bump-a0.3-noise0.003-k10-r1,0.7107332534019708,0.2997819425858319,0.0032305977445204518,,,0.004050848522768582,synthetic,10.0,fixed_0,0.003,,0.27129233250094764,5001,,double,0.9915117908372634,test
0.3,bump,0.0014629043979797697,test-double-bump-a0.3-noise0.003-k10-r1,0.7107330831853335,0.29978193533553876,0.0032305976663877245,,,0.004050847020778927,synthetic,10.0,fixed_1e-06,0.003,,0.27129223843670863,5001,,double,0.9915117827574841,test
0.3,bump,0.0014629055183619237,test-double-bump-a0.3-noise0.003-k10-r1,0.7107315512516994,0.2997818700851814,0.003230596963217762,,,0.004050833503001057,synthetic,10.0,fixed_1e-05,0.003,,0.27129139186635765,5001,,double,0.9915117100397464,test
0.3,bump,0.0014629167246340577,test-double-bump-a0.3-noise0.003-k10-r1,0.7107162335421018,0.29978121778652306,0.003230589933726405,,,0.004050698338356531,synthetic,10.0,fixed_0.0001,0.003,,0.2712829269502503,5001,,double,0.9915109829161305,test
0.3,bump,0.0014630290320798006,test-double-bump-a0.3-noise0.003-k10-r1,0.7105632189416194,0.2997747152772031,0.0032305198594859033,,,0.00404934800381969,synthetic,10.0,fixed_0.001,0.003,,0.27119835645433144,5001,,double,0.9915037170400085,test
0.3,bump,0.001464176130314499,test-double-bump-a0.3-noise0.003-k10-r1,0.7090491771722037,0.2997117116145368,0.003229840901011117,,,0.004035974759310192,synthetic,10.0,fixed_0.01,0.003,,0.2703604532203203,5001,,double,0.9914315902726383,test
0.3,bump,0.0014776479665019554,test-double-bump-a0.3-noise0.003-k10-r1,0.695384925377721,0.29926000200012287,0.003224973055907052,,,0.003914240662488774,synthetic,10.0,fixed_0.1,0.003,,0.2627015018160303,5001,,double,0.9907598169837023,test
0.3,bump,0.001645662477676427,test-double-bump-a0.3-noise0.003-k10-r1,0.6339306787500331,0.3014350936985666,0.003248412914473935,,,0.003333679546418549,synthetic,10.0,fixed_1,0.003,,0.22468902524874695,5001,,double,0.9868734709828029,test
0.3,bump,0.0014630329132986352,test-double-bump-a0.3-noise0.003-k10-r1,0.7105579469891447,0.29977449167981013,0.0032305174498903585,,,0.004049301475551154,synthetic,10.0,frozen_initial,0.003,,0.27119544230842396,5001,,double,0.9915034666257847,test
0.3,bump,,test-double-bump-a0.3-noise0.003-k10-r1,0.6498176026133894,0.27518923780763127,0.0029655746550614694,,,0.0037981663481040104,synthetic,10.0,rexafs_direct,0.003,,0.26730900580339995,5001,,double,0.988170491901645,test
0.3,bump,0.0011764009966079734,test-double-bump-a0.3-noise0.003-k10-r2,0.6275992818689216,0.27538523415856536,0.002967686808194511,,,0.0038571516180870256,synthetic,10.0,larch_dynamic,0.003,,0.18481294842921298,5002,,double,0.997930051815243,test
0.3,bump,0.001176505068954382,test-double-bump-a0.3-noise0.003-k10-r2,0.6276839619241816,0.2753933080828417,0.0029677738167759203,,,0.0038578418402469695,synthetic,10.0,fixed_0,0.003,,0.18486780218383447,5002,,double,0.9979342580507822,test
0.3,bump,0.001176504854621926,test-double-bump-a0.3-noise0.003-k10-r2,0.6276837871095983,0.2753932914273192,0.002967773637287813,,,0.0038578404157821986,synthetic,10.0,fixed_1e-06,0.003,,0.18486768893834113,5002,,double,0.997934249342822,test
0.3,bump,0.0011765029256973908,test-double-bump-a0.3-noise0.003-k10-r2,0.6276822137965183,0.2753931415308771,0.0029677720219299843,,,0.0038578275957369713,synthetic,10.0,fixed_1e-05,0.003,,0.18486666973842,5002,,double,0.997934170971359,test
0.3,bump,0.001176483642484843,test-double-bump-a0.3-noise0.003-k10-r2,0.6276664824972948,0.275391642871563,0.0029677558716396835,,,0.003857699409243919,synthetic,10.0,fixed_0.0001,0.003,,0.18485647870518998,5002,,double,0.9979333873145848,test
0.3,bump,0.00117629141306635,test-double-bump-a0.3-noise0.003-k10-r2,0.6275093524460243,0.2753766867473378,0.0029675946970846986,,,0.003856418938505358,synthetic,10.0,fixed_0.001,0.003,,0.18475466486113823,5002,,double,0.9979255565137966,test
0.3,bump,0.0011744286861068264,test-double-bump-a0.3-noise0.003-k10-r2,0.6259561793948498,0.27523013673298385,0.002966015402008593,,,0.003843752448646142,synthetic,10.0,fixed_0.01,0.003,,0.18374610082950507,5002,,double,0.9978478208895953,test
0.3,bump,0.0011611081636951684,test-double-bump-a0.3-noise0.003-k10-r2,0.6120830728533759,0.2740332806950539,0.002953117492336981,,,0.0037297938368330845,synthetic,10.0,fixed_0.1,0.003,,0.1745485380415161,5002,,double,0.9971237167279106,test
0.3,bump,0.0012288440810868594,test-double-bump-a0.3-noise0.003-k10-r2,0.5560057173462535,0.2731735969222583,0.002943853116926514,,,0.003243798031561425,synthetic,10.0,fixed_1,0.003,,0.13147131937440495,5002,,double,0.992929027700435,test
0.3,bump,0.001176280832565888,test-double-bump-a0.3-noise0.003-k10-r2,0.6275006874706036,0.2753758626785063,0.0029675858165134224,,,0.0038563483215230134,synthetic,10.0,frozen_initial,0.003,,0.18474904914573312,5002,,double,0.9979251245051735,test
0.3,bump,,test-double-bump-a0.3-noise0.003-k10-r2,0.5416096129636054,0.23809780920328039,0.00256585916667461,,,0.003346160014637988,synthetic,10.0,rexafs_direct,0.003,,0.17315638999837446,5002,,double,0.9961597377850341,test
0.3,bump,0.0009252027939987487,test-double-bump-a0.3-noise0.003-k12-r0,0.7470158362616348,0.286153331939734,0.0027827918228647834,,,0.00312016871708084,synthetic,12.0,larch_dynamic,0.003,,0.2762567113960989,5000,,double,0.9735280292731163,test
0.3,bump,0.000925327856130581,test-double-bump-a0.3-noise0.003-k12-r0,0.7470279335012064,0.28615717663603973,0.002782829211873566,,,0.0031202809176462927,synthetic,12.0,fixed_0,0.003,,0.27626039099010896,5000,,double,0.9735264921246468,test
0.3,bump,0.0009253276067928131,test-double-bump-a0.3-noise0.003-k12-r0,0.7470279093874465,0.2861571689694529,0.002782829137317331,,,0.0031202806939720196,synthetic,12.0,fixed_1e-06,0.003,,0.27626038365348676,5000,,double,0.9735264951898892,test
0.3,bump,0.0009253253627756985,test-double-bump-a0.3-noise0.003-k12-r0,0.7470276923660111,0.28615709997099126,0.0027828284663191857,,,0.0031202786809229038,synthetic,12.0,fixed_1e-05,0.003,,0.2762603176248831,5000,,double,0.97352652277669,test
0.3,bump,0.0009253029240927631,test-double-bump-a0.3-noise0.003-k12-r0,0.747025522401706,0.28615641004585624,0.0027828217569161842,,,0.003120258552422421,synthetic,12.0,fixed_0.0001,0.003,,0.2762596574394858,5000,,double,0.9735267986322895,test
0.3,bump,0.0009250786868152067,test-double-bump-a0.3-noise0.003-k12-r0,0.7470038477539346,0.28614951676322103,0.0027827547209308967,,,0.003120057466416297,synthetic,12.0,fixed_0.001,0.003,,0.27625306564882995,5000,,double,0.9735295559294188,test
0.3,bump,0.0009228511906090002,test-double-bump-a0.3-noise0.003-k12-r0,0.7467895827982378,0.2860811768172107,0.0027820901267371356,,,0.003118066372478654,synthetic,12.0,fixed_0.01,0.003,,0.2761881463618186,5000,,double,0.9735570036164711,test
0.3,bump,0.0009019895095725171,test-double-bump-a0.3-noise0.003-k12-r0,0.744878163259178,0.285453323430031,0.0027759843607830645,,,0.003100005864136105,synthetic,12.0,fixed_0.1,0.003,,0.27563157946159644,5000,,double,0.9738195076229397,test
0.3,bump,0.0007844124231424109,test-double-bump-a0.3-noise0.003-k12-r0,0.7385728406749968,0.28241313388413286,0.0027464190415504163,,,0.0030255906524597983,synthetic,12.0,fixed_1,0.003,,0.2749781150710574,5000,,double,0.9756266259295416,test
0.3,bump,0.0009251226846459163,test-double-bump-a0.3-noise0.003-k12-r0,0.7470080990485801,0.2861508691049146,0.0027827678722207355,,,0.0031200969124106294,synthetic,12.0,frozen_initial,0.003,,0.2762543582187493,5000,,double,0.9735290148340631,test
0.3,bump,,test-double-bump-a0.3-noise0.003-k12-r0,0.6462218595808601,0.24976652085017703,0.0024289363577763316,,,0.002652514997007133,synthetic,12.0,rexafs_direct,0.003,,0.2765569355603355,5000,,double,0.9726852325405702,test
0.3,bump,0.0009483649441884911,test-double-bump-a0.3-noise0.003-k12-r1,0.7996380171485934,0.30797824860049994,0.0029950353749722807,,,0.003094781239382911,synthetic,12.0,larch_dynamic,0.003,,0.23551587583144115,5001,,double,1.0011898348481867,test
0.3,bump,0.0009484872729558627,test-double-bump-a0.3-noise0.003-k12-r1,0.7996436780117934,0.30798069362921693,0.002995059152455052,,,0.00309484908167279,synthetic,12.0,fixed_0,0.003,,0.235518523212692,5001,,double,1.0011886844308782,test
0.3,bump,0.0009484870287507814,test-double-bump-a0.3-noise0.003-k12-r1,0.7996436667193241,0.3079806887517704,0.0029950591050227258,,,0.0030948489462685946,synthetic,12.0,fixed_1e-06,0.003,,0.23551851792311126,5001,,double,1.0011886867258193,test
0.3,bump,0.0009484848309213419,test-double-bump-a0.3-noise0.003-k12-r1,0.7996435650883823,0.30798064485541576,0.0029950586781382444,,,0.00309484772764287,synthetic,12.0,fixed_1e-05,0.003,,0.23551847031763373,5001,,double,1.001188707379943,test
0.3,bump,0.0009484628537896652,test-double-bump-a0.3-noise0.003-k12-r1,0.799642548907208,0.3079802059271354,0.0029950544096363847,,,0.0030948355425807076,synthetic,12.0,fixed_0.0001,0.003,,0.23551799433221005,5001,,double,1.001188913911543,test
0.3,bump,0.0009482431983253575,test-double-bump-a0.3-noise0.003-k12-r1,0.7996323999172421,0.30797582016428365,0.0029950117588487175,,,0.003094713811444685,synthetic,12.0,fixed_0.001,0.003,,0.23551324141038224,5001,,double,1.001190978273206,test
0.3,bump,0.0009460581732910674,test-double-bump-a0.3-noise0.003-k12-r1,0.799532182614174,0.30793231225727535,0.0029945886519534316,,,0.0030935083669769185,synthetic,12.0,fixed_0.01,0.003,,0.23546640016485185,5001,,double,1.0012115268871002,test
0.3,bump,0.0009253069880451241,test-double-bump-a0.3-noise0.003-k12-r1,0.7986482762707101,0.3075300400837999,0.002990676624414472,,,0.0030825636203015557,synthetic,12.0,fixed_0.1,0.003,,0.23506182258263267,5001,,double,1.0014079340443274,test
0.3,bump,0.0007911898891489388,test-double-bump-a0.3-noise0.003-k12-r1,0.7962289744545108,0.30544461411125606,0.002970396216340079,,,0.003036514013875493,synthetic,12.0,fixed_1,0.003,,0.23441887250735458,5001,,double,1.002751780119837,test
0.3,bump,0.0009482890851810844,test-double-bump-a0.3-noise0.003-k12-r1,0.7996345189580215,0.307976736185481,0.0029950206669969483,,,0.003094739233237544,synthetic,12.0,frozen_initial,0.003,,0.23551423364911286,5001,,double,1.001190547000064,test
0.3,bump,,test-double-bump-a0.3-noise0.003-k12-r1,0.7133486511236223,0.2774618622574583,0.0026982687785355006,,,0.0027865520374896237,synthetic,12.0,rexafs_direct,0.003,,0.2294544413144453,5001,,double,0.9982804958927466,test
0.3,bump,0.000780064559907358,test-double-bump-a0.3-noise0.003-k12-r2,0.7859091514887018,0.29865903936759103,0.002904407671729717,,,0.003222005247259456,synthetic,12.0,larch_dynamic,0.003,,0.24090656601927915,5002,,double,1.0052678091448883,test
0.3,bump,0.0007802192602737548,test-double-bump-a0.3-noise0.003-k12-r2,0.7859341651064433,0.29866276706896555,0.0029044439229829622,,,0.0032221898149449187,synthetic,12.0,fixed_0,0.003,,0.240913266321421,5002,,double,1.005265547979538,test
0.3,bump,0.0007802189520179852,test-double-bump-a0.3-noise0.003-k12-r2,0.7859341152199626,0.2986627596346342,0.0029044438506853716,,,0.00322218944708847,synthetic,12.0,fixed_1e-06,0.003,,0.24091325295579033,5002,,double,1.0052655524894272,test
0.3,bump,0.0007802161777558882,test-double-bump-a0.3-noise0.003-k12-r2,0.785933666246909,0.29866269272685175,0.0029044432000187212,,,0.003222186136419058,synthetic,12.0,fixed_1e-05,0.003,,0.24091313266748107,5002,,double,1.0052655930778738,test
0.3,bump,0.0007801884378379283,test-double-bump-a0.3-noise0.003-k12-r2,0.7859291770292098,0.29866202373943873,0.0029044366942314573,,,0.0032221530334838105,synthetic,12.0,fixed_0.0001,0.003,,0.24091193001552694,5002,,double,1.0052659989438886,test
0.3,bump,0.0007799113097105206,test-double-bump-a0.3-noise0.003-k12-r2,0.7858843360922871,0.29865534291888635,0.0029043717244032984,,,0.003221822379590697,synthetic,12.0,fixed_0.001,0.003,,0.24089992658585252,5002,,double,1.0052700557382928,test
0.3,bump,0.0007771669976474768,test-double-bump-a0.3-noise0.003-k12-r2,0.785441014864823,0.2985894332730125,0.002903730764459403,,,0.003218553135186445,synthetic,12.0,fixed_0.01,0.003,,0.24078218348423225,5002,,double,1.0053104379810855,test
0.3,bump,0.0007522902196063614,test-double-bump-a0.3-noise0.003-k12-r2,0.7814827655196953,0.29801380786437354,0.002898132906593009,,,0.003189351999890759,synthetic,12.0,fixed_0.1,0.003,,0.2398170801282573,5002,,double,1.0056965137739222,test
0.3,bump,0.000664730715855649,test-double-bump-a0.3-noise0.003-k12-r2,0.7684440476604985,0.29675488513867126,0.002885890100112458,,,0.0030952490647100663,synthetic,12.0,fixed_1,0.003,,0.2411580301140619,5002,,double,1.0083449189256561,test
0.3,bump,0.0007799866503158656,test-double-bump-a0.3-noise0.003-k12-r2,0.7858965253113313,0.29865715872700466,0.0029043893828242205,,,0.003221912262455901,synthetic,12.0,frozen_initial,0.003,,0.24090318782042164,5002,,double,1.0052689524717788,test
0.3,bump,,test-double-bump-a0.3-noise0.003-k12-r2,0.6769218777831785,0.2568386020166037,0.002497711127956931,,,0.002752092589021843,synthetic,12.0,rexafs_direct,0.003,,0.24006516094642158,5002,,double,1.0040035608904951,test
1.0,bump,0.0030843575443237057,test-double-bump-a1-noise0-k10-r0,0.32361641777740446,0.09215435085322916,0.003310335455233417,,,0.007839947701077174,synthetic,10.0,larch_dynamic,0.0,,0.11179028733890149,5000,,double,0.9968097690282823,test
1.0,bump,0.003085092099429001,test-double-bump-a1-noise0-k10-r0,0.3237908510968024,0.09217926053276697,0.003311230251784953,,,0.007844106575892393,synthetic,10.0,fixed_0,0.0,,0.1118615200639438,5000,,double,0.9968142351837561,test
1.0,bump,0.0030850905903093808,test-double-bump-a1-noise0-k10-r0,0.3237904910853666,0.09217920929616696,0.003311228411282231,,,0.007844097995387775,synthetic,10.0,fixed_1e-06,0.0,,0.11186137293422696,5000,,double,0.9968142258820273,test
1.0,bump,0.0030850770085379823,test-double-bump-a1-noise0-k10-r0,0.32378725100825784,0.09217874817585477,0.003311211847084182,,,0.007844020771425366,synthetic,10.0,fixed_1e-05,0.0,,0.11186004877785315,5000,,double,0.9968141421670138,test
1.0,bump,0.0030849412208622993,test-double-bump-a1-noise0-k10-r0,0.3237548528258153,0.09217413786828096,0.0033110462372732533,,,0.00784324859003755,synthetic,10.0,fixed_0.0001,0.0,,0.1118468083215065,5000,,double,0.9968133050789383,test
1.0,bump,0.003083586345142314,test-double-bump-a1-noise0-k10-r0,0.3234311296220242,0.09212812426800515,0.003309393353269344,,,0.007835532593925923,synthetic,10.0,fixed_0.001,0.0,,0.11171451440326532,5000,,double,0.9968049403918318,test
1.0,bump,0.0030703349438855805,test-double-bump-a1-noise0-k10-r0,0.3202195742428241,0.09167685862436738,0.0032931831510810386,,,0.007758950120286223,synthetic,10.0,fixed_0.01,0.0,,0.1104025646182345,5000,,double,0.9967219082797161,test
1.0,bump,0.002964950411031906,test-double-bump-a1-noise0-k10-r0,0.2904993196211931,0.08797798473926927,0.003160313533391706,,,0.007046883330231424,synthetic,10.0,fixed_0.1,0.0,,0.09831240785730025,5000,,double,0.9959487816468561,test
1.0,bump,0.003076342281138565,test-double-bump-a1-noise0-k10-r0,0.13533984715863695,0.0877678102996471,0.0031527637227444236,,,0.0030292830602125956,synthetic,10.0,fixed_1,0.0,,0.04239557333916828,5000,,double,0.9914893909518272,test
1.0,bump,0.0030694192107039724,test-double-bump-a1-noise0-k10-r0,0.31999448646996775,0.09164558892468051,0.0032920598921725936,,,0.007753580313946016,synthetic,10.0,frozen_initial,0.0,,0.11031064863832603,5000,,double,0.9967160854603123,test
1.0,bump,,test-double-bump-a1-noise0-k10-r0,0.1865619153129514,0.0780935157157972,0.002805247191307983,,,0.004483980325042584,synthetic,10.0,rexafs_direct,0.0,,0.058452925975018576,5000,,double,0.992156680737601,test
1.0,bump,0.0016669827267763754,test-double-bump-a1-noise0-k12-r0,0.12866792426594356,0.05254574849986468,0.001703327819162918,,,0.00254221040906203,synthetic,12.0,larch_dynamic,0.0,,0.05167840404142196,5000,,double,1.0014441633258984,test
1.0,bump,0.0016675625589749046,test-double-bump-a1-noise0-k12-r0,0.12875231780198965,0.05256486252244043,0.001703947421077799,,,0.002543855262982057,synthetic,12.0,fixed_0,0.0,,0.05171376164308368,5000,,double,1.0014424200570788,test
1.0,bump,0.0016675614062954755,test-double-bump-a1-noise0-k12-r0,0.1287521500329156,0.05256482452149083,0.0017039461892355199,,,0.002543851994032541,synthetic,12.0,fixed_1e-06,0.0,,0.05171369131194226,5000,,double,1.0014424235251067,test
1.0,bump,0.0016675510322663,test-double-bump-a1-noise0-k12-r0,0.1287506401199211,0.05256448251572943,0.0017039351027452836,,,0.002543822573633872,synthetic,12.0,fixed_1e-05,0.0,,0.051713058335250514,5000,,double,1.0014424547371428,test
1.0,bump,0.0016674472992824882,test-double-bump-a1-noise0-k12-r0,0.12873554186664332,0.05256106269694027,0.0017038242455846878,,,0.0025435283846100883,synthetic,12.0,fixed_0.0001,0.0,,0.05170672892640883,5000,,double,1.0014427668431065,test
1.0,bump,0.001666410699325919,test-double-bump-a1-noise0-k12-r0,0.12858464695981361,0.052526888363455225,0.0017027164472453685,,,0.002540587989736703,synthetic,12.0,fixed_0.001,0.0,,0.05164347063080708,5000,,double,1.0014458864685112,test
1.0,bump,0.001656117407767925,test-double-bump-a1-noise0-k12-r0,0.12708443524748755,0.052187521539121096,0.0016917155010357857,,,0.0025113330026490664,synthetic,12.0,fixed_0.01,0.0,,0.051014456413723944,5000,,double,1.0014769399616668,test
1.0,bump,0.0015601866850440296,test-double-bump-a1-noise0-k12-r0,0.11293318163838999,0.04902295322137331,0.0015891325632120853,,,0.0022331413092793236,synthetic,12.0,fixed_0.1,0.0,,0.045071646807283934,5000,,double,1.001773831858362,test
1.0,bump,0.0011032311319014246,test-double-bump-a1-noise0-k12-r0,0.051545142624023536,0.034002649211496094,0.0011022330061075927,,,0.0006913759863387577,synthetic,12.0,fixed_1,0.0,,0.019393403401897758,5000,,double,1.00381073346475,test
1.0,bump,0.0016598179297649834,test-double-bump-a1-noise0-k12-r0,0.12762416132437188,0.05230953095921437,0.0016956705696260697,,,0.0025218624739281534,synthetic,12.0,frozen_initial,0.0,,0.051240774576715845,5000,,double,1.0014657599426862,test
1.0,bump,,test-double-bump-a1-noise0-k12-r0,0.0802657154802424,0.04337360566427944,0.0014060027928912222,,,0.0015656832771785178,synthetic,12.0,rexafs_direct,0.0,,0.032219246319882495,5000,,double,0.9998770760896154,test
1.0,bump,0.0030989096879084793,test-double-bump-a1-noise0.0003-k10-r0,0.3292741313440902,0.09338785304788398,0.0033546448775370634,,,0.007967478408756641,synthetic,10.0,larch_dynamic,0.0003,,0.11145778886777039,5000,,double,0.9958691569373654,test
1.0,bump,0.0030996497179102277,test-double-bump-a1-noise0.0003-k10-r0,0.32945108722264,0.09341322662900613,0.0033555563381945062,,,0.007971703588910733,synthetic,10.0,fixed_0,0.0003,,0.11152987237281561,5000,,double,0.9958736886892263,test
1.0,bump,0.003099648197693106,test-double-bump-a1-noise0.0003-k10-r0,0.32945072199135444,0.09341317443649606,0.0033555544633539266,,,0.007971694871241611,synthetic,10.0,fixed_1e-06,0.0003,,0.11152972347318907,5000,,double,0.995873679249411,test
1.0,bump,0.0030996345160484466,test-double-bump-a1-noise0.0003-k10-r0,0.3294474349359126,0.09341270471308108,0.003355537590118313,,,0.007971616412804996,synthetic,10.0,fixed_1e-05,0.0003,,0.1115283833878384,5000,,double,0.9958735942916503,test
1.0,bump,0.0030994977302676056,test-double-bump-a1-noise0.0003-k10-r0,0.3294145670086257,0.0934080083890098,0.00335536889045369,,,0.007970831887511312,synthetic,10.0,fixed_0.0001,0.0003,,0.11151498366268973,5000,,double,0.9958727447769988,test
1.0,bump,0.0030981329360828254,test-double-bump-a1-noise0.0003-k10-r0,0.32908615021722126,0.09336113607297489,0.003353685159971053,,,0.007962992536287962,synthetic,10.0,fixed_0.001,0.0003,,0.11138109915709775,5000,,double,0.9958642559166209,test
1.0,bump,0.003084788550131803,test-double-bump-a1-noise0.0003-k10-r0,0.32582804223003614,0.09290142711238827,0.0033371716599872913,,,0.007885184840735355,synthetic,10.0,fixed_0.01,0.0003,,0.11005345277988092,5000,,double,0.9957799912528689,test
1.0,bump,0.0029790367195119266,test-double-bump-a1-noise0.0003-k10-r0,0.295677985533825,0.08913147112299129,0.003201748656506462,,,0.007161638171169516,synthetic,10.0,fixed_0.1,0.0003,,0.09782658021169881,5000,,double,0.9949953932689968,test
1.0,bump,0.003106000843679914,test-double-bump-a1-noise0.0003-k10-r0,0.13828649892404368,0.08885811256127192,0.0031919291685444397,,,0.0030712168967942477,synthetic,10.0,fixed_1,0.0003,,0.042386897608737345,5000,,double,0.9904701524395141,test
1.0,bump,0.0030839281299765474,test-double-bump-a1-noise0.0003-k10-r0,0.32561492944022885,0.09287169501529426,0.003336103634286306,,,0.007880093116803079,synthetic,10.0,frozen_initial,0.0003,,0.109966648523596,5000,,double,0.9957744763188545,test
1.0,bump,,test-double-bump-a1-noise0.0003-k10-r0,0.19103119820971126,0.07913621123330655,0.002842702524763932,,,0.0045770358587356366,synthetic,10.0,rexafs_direct,0.0003,,0.05861749266351719,5000,,double,0.9912173378636965,test
1.0,bump,0.0030741510047472475,test-double-bump-a1-noise0.0003-k10-r1,0.3224568625956409,0.09244058156213042,0.0033206173318380446,,,0.007810199453807449,synthetic,10.0,larch_dynamic,0.0003,,0.11403421752817976,5001,,double,0.996697001379484,test
1.0,bump,0.0030748470460967114,test-double-bump-a1-noise0.0003-k10-r1,0.3226287081435711,0.0924646820701273,0.0033214830616204428,,,0.00781429271692203,synthetic,10.0,fixed_0,0.0003,,0.11410445709430064,5001,,double,0.9967014075061892,test
1.0,bump,0.0030748456164091803,test-double-bump-a1-noise0.0003-k10-r1,0.3226283534533219,0.09246463249934758,0.0033214812809567182,,,0.007814284271481245,synthetic,10.0,fixed_1e-06,0.0003,,0.11410431200823709,5001,,double,0.996701398329638,test
1.0,bump,0.0030748327495226254,test-double-bump-a1-noise0.0003-k10-r1,0.32262516126665325,0.09246418637129,0.0033214652553050492,,,0.00781420826308876,synthetic,10.0,fixed_1e-05,0.0003,,0.11410300624459559,5001,,double,0.9967013157412096,test
1.0,bump,0.0030747041099420916,test-double-bump-a1-noise0.0003-k10-r1,0.3225932419526316,0.0924597259632467,0.003321305030131155,,,0.007813448236644859,synthetic,10.0,fixed_0.0001,0.0003,,0.1140899496965812,5001,,double,0.9967004899180957,test
1.0,bump,0.003073420640083816,test-double-bump-a1-noise0.0003-k10-r1,0.3222743038854951,0.09241520906484406,0.0033197059101137613,,,0.007805853715791019,synthetic,10.0,fixed_0.001,0.0003,,0.1139594929790278,5001,,double,0.9966922377966032,test
1.0,bump,0.003060875802956927,test-double-bump-a1-noise0.0003-k10-r1,0.31911024749006994,0.09197868197790963,0.003304025141059783,,,0.0077304786348463125,synthetic,10.0,fixed_0.01,0.0003,,0.11266572750749246,5001,,double,0.9966103230036969,test
1.0,bump,0.002961824909545518,test-double-bump-a1-noise0.0003-k10-r1,0.2898319693931193,0.08840529054823754,0.0031756630590142965,,,0.007029804925800273,synthetic,10.0,fixed_0.1,0.0003,,0.10073912042423376,5001,,double,0.9958475939280895,test
1.0,bump,0.0030914325920768887,test-double-bump-a1-noise0.0003-k10-r1,0.13692805668056907,0.08827231788569843,0.0031708864628438014,,,0.0030898083642228154,synthetic,10.0,fixed_1,0.0003,,0.0444474370670698,5001,,double,0.9914478078738832,test
1.0,bump,0.0030598783388842694,test-double-bump-a1-noise0.0003-k10-r1,0.3188548892618478,0.09194385895749974,0.003302774241041999,,,0.007724392775903366,synthetic,10.0,frozen_initial,0.0003,,0.11256134866345749,5001,,double,0.9966037080736952,test
1.0,bump,,test-double-bump-a1-noise0.0003-k10-r1,0.18678647765339765,0.0786866703748518,0.0028265542796887875,,,0.004496428277921015,synthetic,10.0,rexafs_direct,0.0003,,0.060966653979664685,5001,,double,0.9920404545452419,test
1.0,bump,0.0030580634869204525,test-double-bump-a1-noise0.0003-k10-r2,0.3207874201484061,0.09152678094338788,0.003287792114588613,,,0.007771090118437523,synthetic,10.0,larch_dynamic,0.0003,,0.11244164047761801,5002,,double,0.9968896660901397,test
1.0,bump,0.0030587894760863085,test-double-bump-a1-noise0.0003-k10-r2,0.3209595322613239,0.09155154607490719,0.003288681718738203,,,0.007775189220229262,synthetic,10.0,fixed_0,0.0003,,0.11251213169143157,5002,,double,0.9968940815225934,test
1.0,bump,0.0030587879844813522,test-double-bump-a1-noise0.0003-k10-r2,0.32095917704002824,0.09155149513012399,0.0032886798887180194,,,0.0077751807631586236,synthetic,10.0,fixed_1e-06,0.0003,,0.11251198609874176,5002,,double,0.9968940723271973,test
1.0,bump,0.003058774560340036,test-double-bump-a1-noise0.0003-k10-r2,0.3209559800739167,0.09155103663609715,0.0032886634188604488,,,0.00777510465009633,synthetic,10.0,fixed_1e-05,0.0003,,0.1125106757754523,5002,,double,0.9968939895691588,test
1.0,bump,0.0030586403485643467,test-double-bump-a1-noise0.0003-k10-r2,0.32092401297289197,0.09154645257911886,0.0032884987520139736,,,0.007774343577103639,synthetic,10.0,fixed_0.0001,0.0003,,0.11249757363418925,5002,,double,0.9968931620500505,test
1.0,bump,0.0030573011912795045,test-double-bump-a1-noise0.0003-k10-r2,0.3206045977374984,0.09150070024606428,0.0032868552531572404,,,0.007766738604582126,synthetic,10.0,fixed_0.001,0.0003,,0.11236666129327486,5002,,double,0.9968848929808148,test
1.0,bump,0.003044202952874874,test-double-bump-a1-noise0.0003-k10-r2,0.31743583961001115,0.09105192456614901,0.0032707344945504544,,,0.00769126038243866,synthetic,10.0,fixed_0.01,0.0003,,0.11106837053510883,5002,,double,0.9968028099222063,test
1.0,bump,0.0029399816816290925,test-double-bump-a1-noise0.0003-k10-r2,0.28811730843214023,0.08736680832460113,0.00313835907398587,,,0.006989685961048909,synthetic,10.0,fixed_0.1,0.0003,,0.09909965768771802,5002,,double,0.9960385109204146,test
1.0,bump,0.0030477437665212517,test-double-bump-a1-noise0.0003-k10-r2,0.1354251929237534,0.08689122576331093,0.0031212753682253345,,,0.0030507732361154272,synthetic,10.0,fixed_1,0.0003,,0.04296027774267558,5002,,double,0.9916294745754105,test
1.0,bump,0.0030431243850251267,test-double-bump-a1-noise0.0003-k10-r2,0.3171711703678462,0.09101486376138132,0.0032694032096476132,,,0.007684953336366079,synthetic,10.0,frozen_initial,0.0003,,0.11095996690837966,5002,,double,0.9967959498222027,test
1.0,bump,,test-double-bump-a1-noise0.0003-k10-r2,0.18481048284037868,0.07743383327332212,0.0027815503158126723,,,0.004447539392359488,synthetic,10.0,rexafs_direct,0.0003,,0.0591382331090774,5002,,double,0.992272644076916,test
1.0,bump,0.001678028492926787,test-double-bump-a1-noise0.0003-k12-r0,0.13098088697595184,0.053109516838833956,0.0017216029855226115,,,0.0025671832449911942,synthetic,12.0,larch_dynamic,0.0003,,0.052643172269409344,5000,,double,1.0005565814665192,test
1.0,bump,0.0016786083372777186,test-double-bump-a1-noise0.0003-k12-r0,0.13106362840143443,0.05312841141072407,0.0017222154737038709,,,0.0025688133417700763,synthetic,12.0,fixed_0,0.0003,,0.052677574464261044,5000,,double,1.000554843077943,test
1.0,bump,0.0016786071845228821,test-double-bump-a1-noise0.0003-k12-r0,0.13106346390897533,0.053128373844160845,0.0017222142559426999,,,0.0025688101019711593,synthetic,12.0,fixed_1e-06,0.0003,,0.05267750603031981,5000,,double,1.0005548465363596,test
1.0,bump,0.001678596809804861,test-double-bump-a1-noise0.0003-k12-r0,0.13106198348573447,0.053128035747562474,0.0017222032961722524,,,0.0025687809439304834,synthetic,12.0,fixed_1e-05,0.0003,,0.05267689012854518,5000,,double,1.0005548776619713,test
1.0,bump,0.0016784930698753304,test-double-bump-a1-noise0.0003-k12-r0,0.1310471801434174,0.05312465501916255,0.0017220937061693119,,,0.002568489378559516,synthetic,12.0,fixed_0.0001,0.0003,,0.052670731479165143,5000,,double,1.0005551889037383,test
1.0,bump,0.001677456395304101,test-double-bump-a1-noise0.0003-k12-r0,0.1308992357041322,0.05309087148232634,0.0017209985759301263,,,0.002565575227830379,synthetic,12.0,fixed_0.001,0.0003,,0.05260918181343501,5000,,double,1.0005582998914022,test
1.0,bump,0.0016671618415567803,test-double-bump-a1-noise0.0003-k12-r0,0.12942866512263804,0.05275540182783808,0.0017101239607369239,,,0.002536583453014315,synthetic,12.0,fixed_0.01,0.0003,,0.05199735805968692,5000,,double,1.0005892674293175,test
1.0,bump,0.0015711670630872677,test-double-bump-a1-noise0.0003-k12-r0,0.11558804742934015,0.04962866144318784,0.0016087672566738227,,,0.002261109836572248,synthetic,12.0,fixed_0.1,0.0003,,0.04623749202113802,5000,,double,1.0008853401202644,test
1.0,bump,0.001109266020959008,test-double-bump-a1-noise0.0003-k12-r0,0.05677440437861,0.03480810092702589,0.0011283426030440206,,,0.0007513645040599367,synthetic,12.0,fixed_1,0.0003,,0.022472443789618605,5000,,double,1.0029168058906122,test
1.0,bump,0.0016708922490474586,test-double-bump-a1-noise0.0003-k12-r0,0.1299618520834337,0.05287696219692422,0.0017140644728484348,,,0.0025471003602346143,synthetic,12.0,frozen_initial,0.0003,,0.05221919186121617,5000,,double,1.0005780300933669,test
1.0,bump,,test-double-bump-a1-noise0.0003-k12-r0,0.08332586074766776,0.043958365123965705,0.0014249584093518927,,,0.0015972459262828947,synthetic,12.0,rexafs_direct,0.0003,,0.03402045038740686,5000,,double,0.9990284101094707,test
1.0,bump,0.0016685238671127292,test-double-bump-a1-noise0.0003-k12-r1,0.1299303621703263,0.053359007494587454,0.0017296904975801705,,,0.002539655881961606,synthetic,12.0,larch_dynamic,0.0003,,0.0514864889382986,5001,,double,1.0013864357329207,test
1.0,bump,0.0016691118526701923,test-double-bump-a1-noise0.0003-k12-r1,0.1300124399984456,0.053377629579228945,0.001730294152789702,,,0.002541282390369598,synthetic,12.0,fixed_0,0.0003,,0.051521313793557566,5001,,double,1.0013847088471226,test
1.0,bump,0.0016691106836027017,test-double-bump-a1-noise0.0003-k12-r1,0.130012276831654,0.05337759255658522,0.0017302929526602753,,,0.002541279157706745,synthetic,12.0,fixed_1e-06,0.0003,,0.051521244517900265,5001,,double,1.0013847122824389,test
1.0,bump,0.0016691001620823458,test-double-bump-a1-noise0.0003-k12-r1,0.1300108083392415,0.05337725935562464,0.001730282151587273,,,0.0025412500638856876,synthetic,12.0,fixed_1e-05,0.0003,,0.05152062104054951,5001,,double,1.0013847432000578,test
1.0,bump,0.00166899495401988,test-double-bump-a1-noise0.0003-k12-r1,0.1299961243020446,0.05337392758140393,0.0017301741484875108,,,0.002540959140532447,synthetic,12.0,fixed_0.0001,0.0003,,0.05151438662457004,5001,,double,1.001385052362106,test
1.0,bump,0.0016679435883481376,test-double-bump-a1-noise0.0003-k12-r1,0.1298493725669527,0.05334063340344471,0.0017290948813507177,,,0.0025380513914613338,synthetic,12.0,fixed_0.001,0.0003,,0.051452078200553086,5001,,double,1.001388142561707,test
1.0,bump,0.0016575011509164248,test-double-bump-a1-noise0.0003-k12-r1,0.12839069467381728,0.053010039039945375,0.0017183783040388859,,,0.0025091217797705615,synthetic,12.0,fixed_0.01,0.0003,,0.050832557273548205,5001,,double,1.0014189031274332,test
1.0,bump,0.0015599343849705604,test-double-bump-a1-noise0.0003-k12-r1,0.11466587549446822,0.0499301989110738,0.0016185419229833421,,,0.002234081708417472,synthetic,12.0,fixed_0.1,0.0003,,0.04498438600845425,5001,,double,1.0017129929129103,test
1.0,bump,0.0010782703082870167,test-double-bump-a1-noise0.0003-k12-r1,0.05676072364443521,0.03536233390168676,0.0011463086701567519,,,0.0007091888236728297,synthetic,12.0,fixed_1,0.0003,,0.019984473182800493,5001,,double,1.0037305605163154,test
1.0,bump,0.0016612183977761687,test-double-bump-a1-noise0.0003-k12-r1,0.12891017709421546,0.05312770305717463,0.0017221925116500223,,,0.0025194302905854143,synthetic,12.0,frozen_initial,0.0003,,0.05105322859179969,5001,,double,1.0014079388832646,test
1.0,bump,,test-double-bump-a1-noise0.0003-k12-r1,0.08227551867157336,0.044150477158375126,0.0014311859307394013,,,0.0015646206785617164,synthetic,12.0,rexafs_direct,0.0003,,0.03237910295229906,5001,,double,0.9998022855111098,test
1.0,bump,0.0016664737845810643,test-double-bump-a1-noise0.0003-k12-r2,0.13204357720079601,0.052675706228609676,0.0017075405408579405,,,0.0025888057796043546,synthetic,12.0,larch_dynamic,0.0003,,0.05168433568850473,5002,,double,1.0015087750566958,test
1.0,bump,0.0016670572477516504,test-double-bump-a1-noise0.0003-k12-r2,0.13212781066847795,0.052694772800739004,0.0017081586046147836,,,0.0025904506520441923,synthetic,12.0,fixed_0,0.0003,,0.05171987284799974,5002,,double,1.0015070147535847,test
1.0,bump,0.0016670560879838397,test-double-bump-a1-noise0.0003-k12-r2,0.13212764322330986,0.052694734896245814,0.0017081573758992439,,,0.00259044738333964,synthetic,12.0,fixed_1e-06,0.0003,,0.05171980216374753,5002,,double,1.0015070182553485,test
1.0,bump,0.0016670456501611957,test-double-bump-a1-noise0.0003-k12-r2,0.13212613622553093,0.05269439375865517,0.0017081463175517113,,,0.002590417965146149,synthetic,12.0,fixed_1e-05,0.0003,,0.051719166009092404,5002,,double,1.0015070497710046,test
1.0,bump,0.0016669412793353633,test-double-bump-a1-noise0.0003-k12-r2,0.13211106714412926,0.052690982625184665,0.001708035741935204,,,0.0025901237985380635,synthetic,12.0,fixed_0.0001,0.0003,,0.051712804827408004,5002,,double,1.001507364913082,test
1.0,bump,0.0016658983114949148,test-double-bump-a1-noise0.0003-k12-r2,0.13196046592729024,0.05265689554456094,0.0017069307719926674,,,0.0025871836641537054,synthetic,12.0,fixed_0.001,0.0003,,0.05164922948490785,5002,,double,1.0015105148856682,test
1.0,bump,0.0016555423922733985,test-double-bump-a1-noise0.0003-k12-r2,0.13046338837135932,0.05231844110004833,0.0016959594015713453,,,0.002557934924359563,synthetic,12.0,fixed_0.01,0.0003,,0.05101711317073833,5002,,double,1.0015418704602594,test
1.0,bump,0.0015590885518732885,test-double-bump-a1-noise0.0003-k12-r2,0.11636330672359392,0.04916687660596516,0.0015937979968923004,,,0.0022801800430494244,synthetic,12.0,fixed_0.1,0.0003,,0.04505036926409768,5002,,double,1.0018416503047993,test
1.0,bump,0.0011049257861073455,test-double-bump-a1-noise0.0003-k12-r2,0.055923301889234375,0.03452518294996939,0.001119171507862783,,,0.0007842689076160763,synthetic,12.0,fixed_1,0.0003,,0.02008573560079813,5002,,double,1.003898354680493,test
1.0,bump,0.0016593079751295917,test-double-bump-a1-noise0.0003-k12-r2,0.13100811242132437,0.05244150747494099,0.0016999487325056778,,,0.002568581957072069,synthetic,12.0,frozen_initial,0.0003,,0.051247142410824655,5002,,double,1.0015304523974882,test
1.0,bump,,test-double-bump-a1-noise0.0003-k12-r2,0.08338869231808894,0.04344437812271135,0.0014082969594169483,,,0.0016129074850706271,synthetic,12.0,rexafs_direct,0.0003,,0.03231892883687786,5002,,double,0.9999740537966849,test
1.0,bump,0.003270602031919593,test-double-bump-a1-noise0.003-k10-r0,0.41454924333781545,0.12694620396814382,0.004560115892654181,,,0.00964687821651569,synthetic,10.0,larch_dynamic,0.003,,0.12116004579755407,5000,,double,0.9874036488289902,test
1.0,bump,0.0032713770588055084,test-double-bump-a1-noise0.003-k10-r0,0.41473239821446645,0.12697053966476055,0.0045609900707976134,,,0.009651434620920489,synthetic,10.0,fixed_0,0.003,,0.12123112538946128,5000,,double,0.9874087702384695,test
1.0,bump,0.0032713754686658435,test-double-bump-a1-noise0.003-k10-r0,0.41473202011707816,0.1269704896022574,0.004560988272470376,,,0.009651425217843991,synthetic,10.0,fixed_1e-06,0.003,,0.12123097844708826,5000,,double,0.9874087595558922,test
1.0,bump,0.003271361157773559,test-double-bump-a1-noise0.003-k10-r0,0.4147286172709394,0.12697003904880036,0.0045609720878511,,,0.009651340590837278,synthetic,10.0,fixed_1e-05,0.003,,0.12122965597974238,5000,,double,0.9874086634133834,test
1.0,bump,0.0032712180849711367,test-double-bump-a1-noise0.003-k10-r0,0.4146945918273498,0.126965534412576,0.004560810273928389,,,0.00965049438863155,synthetic,10.0,fixed_0.0001,0.003,,0.12121643269667796,5000,,double,0.9874077020595348,test
1.0,bump,0.003269790965346642,test-double-bump-a1-noise0.003-k10-r0,0.4143546389437957,0.12692057779249416,0.004559195358386947,,,0.009642039147482568,synthetic,10.0,fixed_0.001,0.003,,0.12108433881830272,5000,,double,0.9873980956397387,test
1.0,bump,0.0032558772547956233,test-double-bump-a1-noise0.003-k10-r0,0.41098504923366375,0.12647989924849998,0.004543365462185214,,,0.009558159902004964,synthetic,10.0,fixed_0.01,0.003,,0.11977721081564031,5000,,double,0.9873027380112652,test
1.0,bump,0.0031492891884321856,test-double-bump-a1-noise0.003-k10-r0,0.38008179944643766,0.12288081491990704,0.004414080449063138,,,0.008782102885823045,synthetic,10.0,fixed_0.1,0.003,,0.10800846418345952,5000,,double,0.9864148978682487,test
1.0,bump,0.0034214111314633004,test-double-bump-a1-noise0.003-k10-r0,0.23336174707959625,0.12219352848158967,0.004389391992754802,,,0.004677800098043836,synthetic,10.0,fixed_1,0.003,,0.07090076562044739,5000,,double,0.9812970058287165,test
1.0,bump,0.0032555026142348053,test-double-bump-a1-noise0.003-k10-r0,0.4108928759391543,0.12646797132296017,0.00454293699153292,,,0.009555863584722643,synthetic,10.0,frozen_initial,0.003,,0.11974151162754128,5000,,double,0.9873001259516222,test
1.0,bump,,test-double-bump-a1-noise0.003-k10-r0,0.2708903855960937,0.10810039464441279,0.0038831435065508355,,,0.006035970441118999,synthetic,10.0,rexafs_direct,0.003,,0.0808355037370657,5000,,double,0.9827647823103447,test
1.0,bump,0.0030705161389898003,test-double-bump-a1-noise0.003-k10-r1,0.35665132439051084,0.12189880635645439,0.004378805090549491,,,0.00810396519331059,synthetic,10.0,larch_dynamic,0.003,,0.1423991451245764,5001,,double,0.9956820923361956,test
1.0,bump,0.0030708821642414603,test-double-bump-a1-noise0.003-k10-r1,0.35678148899875384,0.12191245658217979,0.004379295429049761,,,0.008107233307618325,synthetic,10.0,fixed_0,0.003,,0.14245699518498492,5001,,double,0.9956859584081217,test
1.0,bump,0.003070881415252654,test-double-bump-a1-noise0.003-k10-r1,0.35678122020548797,0.12191242851703465,0.004379294420903709,,,0.008107226562619812,synthetic,10.0,fixed_1e-06,0.003,,0.1424568756383951,5001,,double,0.9956859503581572,test
1.0,bump,0.003070874674576419,test-double-bump-a1-noise0.003-k10-r1,0.35677880108865434,0.12191217593630213,0.004379285347789455,,,0.008107165858149652,synthetic,10.0,fixed_1e-05,0.003,,0.142455799728508,5001,,double,0.9956858779089524,test
1.0,bump,0.0030708072894868343,test-double-bump-a1-noise0.003-k10-r1,0.3567546121473837,0.12190965067243312,0.004379194636168767,,,0.008106558864392455,synthetic,10.0,fixed_0.0001,0.003,,0.14244504156004212,5001,,double,0.9956851534704865,test
1.0,bump,0.003070135603126388,test-double-bump-a1-noise0.003-k10-r1,0.3565129452754484,0.12188445231516754,0.0043782894698396945,,,0.008100494017495255,synthetic,10.0,fixed_0.001,0.003,,0.14233755284901606,5001,,double,0.9956779144395518,test
1.0,bump,0.003063632753499786,test-double-bump-a1-noise0.003-k10-r1,0.3541183655056526,0.1216378383599531,0.004369430692015933,,,0.008040350883168533,synthetic,10.0,fixed_0.01,0.003,,0.14127189522100297,5001,,double,0.995606055519543,test
1.0,bump,0.003017732989794104,test-double-bump-a1-noise0.003-k10-r1,0.33222754320470277,0.1196545828023093,0.004298188898997249,,,0.007485977530845771,synthetic,10.0,fixed_0.1,0.003,,0.13147505412936944,5001,,double,0.9949369044591604,test
1.0,bump,0.0032786703343543424,test-double-bump-a1-noise0.003-k10-r1,0.22934199717142995,0.11999940252737777,0.00431057538917367,,,0.0046471203144417585,synthetic,10.0,fixed_1,0.003,,0.08293735011179147,5001,,double,0.9910735601723997,test
1.0,bump,0.003062448581962238,test-double-bump-a1-noise0.003-k10-r1,0.3536709162265133,0.12159237768994105,0.004367797670174141,,,0.008029102595056669,synthetic,10.0,frozen_initial,0.003,,0.14107264608032868,5001,,double,0.995592601434066,test
1.0,bump,,test-double-bump-a1-noise0.003-k10-r1,0.24501090904105693,0.10834420018439683,0.0038919014014925186,,,0.005375956111269491,synthetic,10.0,rexafs_direct,0.003,,0.09801445522996674,5001,,double,0.9910064385665293,test
1.0,bump,0.0028528642115896717,test-double-bump-a1-noise0.003-k10-r2,0.3349292472997877,0.1139759128176428,0.004094201757698292,,,0.0077796967439058215,synthetic,10.0,larch_dynamic,0.003,,0.1254062084522234,5002,,double,0.9976087402017947,test
1.0,bump,0.002853506188407141,test-double-bump-a1-noise0.003-k10-r2,0.3350626716977323,0.11399354591982086,0.004094835167654363,,,0.007782973245304546,synthetic,10.0,fixed_0,0.003,,0.12546628727536963,5002,,double,0.9976126985721798,test
1.0,bump,0.0028535048689267845,test-double-bump-a1-noise0.003-k10-r2,0.3350623963223781,0.11399350961475771,0.004094833863516939,,,0.007782966486445437,synthetic,10.0,fixed_1e-06,0.003,,0.12546616322527157,5002,,double,0.997612690333758,test
1.0,bump,0.0028534929938660624,test-double-bump-a1-noise0.003-k10-r2,0.3350599179673438,0.11399318287549419,0.004094822126506601,,,0.007782905657237884,synthetic,10.0,fixed_1e-05,0.003,,0.12546504678408732,5002,,double,0.9976126161884347,test
1.0,bump,0.002853374269031451,test-double-bump-a1-noise0.003-k10-r2,0.3350351367344977,0.11398991610446449,0.004094704778732312,,,0.00778229741783187,synthetic,10.0,fixed_0.0001,0.003,,0.1254538833424433,5002,,double,0.9976118747900166,test
1.0,bump,0.0028521895951979306,test-double-bump-a1-noise0.003-k10-r2,0.33478755596037774,0.11395731048257557,0.004093533531306884,,,0.00777622028614878,synthetic,10.0,fixed_0.001,0.003,,0.12534234586655435,5002,,double,0.9976044662816904,test
1.0,bump,0.0028405979137088137,test-double-bump-a1-noise0.003-k10-r2,0.3323347351185456,0.1136374008923517,0.004082041854037366,,,0.0077159713872117595,synthetic,10.0,fixed_0.01,0.003,,0.1242365965597527,5002,,double,0.9975309247046245,test
1.0,bump,0.0027479231463243634,test-double-bump-a1-noise0.003-k10-r2,0.3099480583530852,0.1109951208552394,0.003987126820633906,,,0.007162166754714401,synthetic,10.0,fixed_0.1,0.003,,0.1140778051975813,5002,,double,0.9968460743824195,test
1.0,bump,0.0028225889570800446,test-double-bump-a1-noise0.003-k10-r2,0.20820071772442308,0.10896114279971761,0.0039140629922848336,,,0.004435018226049537,synthetic,10.0,fixed_1,0.003,,0.06547433078536741,5002,,double,0.9928902271876777,test
1.0,bump,0.0028381766546416894,test-double-bump-a1-noise0.003-k10-r2,0.3318151679437894,0.11357036879653819,0.0040796339511944115,,,0.007703199321764305,synthetic,10.0,frozen_initial,0.003,,0.12400219985325503,5002,,double,0.9975153126673508,test
1.0,bump,,test-double-bump-a1-noise0.003-k10-r2,0.2153639415447492,0.09570052504410319,0.0034377198494133553,,,0.0048616551742553926,synthetic,10.0,rexafs_direct,0.003,,0.0767571273104758,5002,,double,0.9933405817495973,test
1.0,bump,0.0018506429208075624,test-double-bump-a1-noise0.003-k12-r0,0.2564716465554518,0.09799454650695966,0.0031766002380190397,,,0.003993389797506384,synthetic,12.0,larch_dynamic,0.003,,0.09533503524750164,5000,,double,0.992568345110129,test
1.0,bump,0.0018511986613507412,test-double-bump-a1-noise0.003-k12-r0,0.25651316112410477,0.09800470402366063,0.003176929505015215,,,0.003994444273361495,synthetic,12.0,fixed_0,0.003,,0.09535253946998243,5000,,double,0.9925666502656219,test
1.0,bump,0.001851197556342514,test-double-bump-a1-noise0.003-k12-r0,0.2565130785678666,0.09800468382208782,0.0031769288501591725,,,0.003994442176850762,synthetic,12.0,fixed_1e-06,0.003,,0.09535250463979389,5000,,double,0.9925666536376206,test
1.0,bump,0.0018511876113484606,test-double-bump-a1-noise0.003-k12-r0,0.25651233556938635,0.09800450200982667,0.003176922956516183,,,0.003994423308410952,synthetic,12.0,fixed_1e-05,0.003,,0.09535219117149459,5000,,double,0.9925666839854155,test
1.0,bump,0.0018510881682132913,test-double-bump-a1-noise0.003-k12-r0,0.2565049063545122,0.09800268405536681,0.003176864025537105,,,0.0039942346398631826,synthetic,12.0,fixed_0.0001,0.003,,0.095349056827894,5000,,double,0.9925669874493896,test
1.0,bump,0.0018500944166848267,test-double-bump-a1-noise0.003-k12-r0,0.25643069116374395,0.09798452131041642,0.003176275260325274,,,0.003992349538905439,synthetic,12.0,fixed_0.001,0.003,,0.09531774731360679,5000,,double,0.9925700206973744,test
1.0,bump,0.0018402246004465958,test-double-bump-a1-noise0.003-k12-r0,0.2556961933791971,0.09780456392135496,0.0031704417450399585,,,0.003973656290736541,synthetic,12.0,fixed_0.01,0.003,,0.09500802672358663,5000,,double,0.9926002146381512,test
1.0,bump,0.0017480234758285502,test-double-bump-a1-noise0.003-k12-r0,0.24907654991717437,0.09616253088483276,0.0031172134510115647,,,0.0038018340354343282,synthetic,12.0,fixed_0.1,0.003,,0.09223125727939423,5000,,double,0.9928889144773715,test
1.0,bump,0.0012787530926976997,test-double-bump-a1-noise0.003-k12-r0,0.2270691357139064,0.08921247355933667,0.0028919197531337057,,,0.0030931516000317827,synthetic,12.0,fixed_1,0.003,,0.08409115660124966,5000,,double,0.9948714577233425,test
1.0,bump,0.0018438430173231975,test-double-bump-a1-noise0.003-k12-r0,0.2559649205432233,0.0978704474249319,0.003172577430755175,,,0.003980503279673207,synthetic,12.0,frozen_initial,0.003,,0.09512131163071391,5000,,double,0.992589130637541,test
1.0,bump,,test-double-bump-a1-noise0.003-k12-r0,0.20754241514382102,0.08376028041303495,0.0027151809583372236,,,0.0030241578318282313,synthetic,12.0,rexafs_direct,0.003,,0.08711457012474234,5000,,double,0.9914103872456959,test
1.0,bump,0.001795920792148338,test-double-bump-a1-noise0.003-k12-r1,0.26596781024114013,0.10405657378624347,0.003373107472193375,,,0.0038419174440587557,synthetic,12.0,larch_dynamic,0.003,,0.0816880424705847,5001,,double,1.000866887406233,test
1.0,bump,0.0017965285488795153,test-double-bump-a1-noise0.003-k12-r1,0.2660016345754548,0.10406520852120524,0.003373387376556551,,,0.003842876403647337,synthetic,12.0,fixed_0,0.003,,0.081706401737585,5001,,double,1.0008653079574896,test
1.0,bump,0.0017965273393728634,test-double-bump-a1-noise0.003-k12-r1,0.26600156732497177,0.10406519135570981,0.0033733868201182714,,,0.003842874496692922,synthetic,12.0,fixed_1e-06,0.003,,0.08170636519099557,5001,,double,1.0008653110983985,test
1.0,bump,0.0017965164538828935,test-double-bump-a1-noise0.003-k12-r1,0.26600096207723056,0.10406503686785054,0.0033733818122256075,,,0.0038428573342490983,synthetic,12.0,fixed_1e-05,0.003,,0.08170603627504498,5001,,double,1.0008653393663793,test
1.0,bump,0.0017964076049993831,test-double-bump-a1-noise0.003-k12-r1,0.2659949102622892,0.1040634921322189,0.0033733317379332104,,,0.0038426857244525294,synthetic,12.0,fixed_0.0001,0.003,,0.08170274745051122,5001,,double,1.0008656220331744,test
1.0,bump,0.001795319717557306,test-double-bump-a1-noise0.003-k12-r1,0.265934458328199,0.10404805906540691,0.003372831458219126,,,0.0038409710902362363,synthetic,12.0,fixed_0.001,0.003,,0.08166989268961472,5001,,double,1.0008684474005074,test
1.0,bump,0.0017845007249936199,test-double-bump-a1-noise0.003-k12-r1,0.26533652178251377,0.10389514858983699,0.0033678746981706826,,,0.003823970466478675,synthetic,12.0,fixed_0.01,0.003,,0.08134467770394274,5001,,double,1.00089657161934,test
1.0,bump,0.0016820536284341213,test-double-bump-a1-noise0.003-k12-r1,0.25997834498321065,0.10249974508008285,0.003322641169579346,,,0.0036679034265264705,synthetic,12.0,fixed_0.1,0.003,,0.07841046591777223,5001,,double,1.0011654424037868,test
1.0,bump,0.0010639917087891563,test-double-bump-a1-noise0.003-k12-r1,0.2431699127904817,0.0964924043415384,0.003127906659342427,,,0.0030284730987271227,synthetic,12.0,fixed_1,0.003,,0.0692246975130087,5001,,double,1.0030090039804316,test
1.0,bump,0.0017879609949916183,test-double-bump-a1-noise0.003-k12-r1,0.26552711646589305,0.10394394141035414,0.0033694563707309757,,,0.003829397633231913,synthetic,12.0,frozen_initial,0.003,,0.08144838964700586,5001,,double,1.0008875713848677,test
1.0,bump,,test-double-bump-a1-noise0.003-k12-r1,0.2234780628589911,0.09125104418193758,0.002958002246045826,,,0.0030239561692028782,synthetic,12.0,rexafs_direct,0.003,,0.07100049189431978,5001,,double,0.9991323401819951,test
1.0,bump,0.001725568037464396,test-double-bump-a1-noise0.003-k12-r2,0.271124344824119,0.1003125268674903,0.003251740102710001,,,0.004167322623215032,synthetic,12.0,larch_dynamic,0.003,,0.08656526064567541,5002,,double,1.0020902808149257,test
1.0,bump,0.0017261598033674662,test-double-bump-a1-noise0.003-k12-r2,0.2711746435417207,0.10032245466132475,0.003252061922988595,,,0.004168517907667226,synthetic,12.0,fixed_0,0.003,,0.08658738820508771,5002,,double,1.0020883670220828,test
1.0,bump,0.0017261586284658293,test-double-bump-a1-noise0.003-k12-r2,0.27117454357860066,0.100322434934137,0.0032520612835102614,,,0.00416851553416435,synthetic,12.0,fixed_1e-06,0.003,,0.08658734420901516,5002,,double,1.0020883708274753,test
1.0,bump,0.0017261480544490536,test-double-bump-a1-noise0.003-k12-r2,0.27117364391967763,0.10032225739161928,0.0032520555282756674,,,0.004168494172824812,synthetic,12.0,fixed_1e-05,0.003,,0.08658694824875628,5002,,double,1.0020884050757568,test
1.0,bump,0.00172604232264884,test-double-bump-a1-noise0.003-k12-r2,0.27116464824099673,0.10032048215924505,0.0032519979821796496,,,0.0041682805780376255,synthetic,12.0,fixed_0.0001,0.003,,0.08658298908331241,5002,,double,1.0020887475428646,test
1.0,bump,0.0017249858417113404,test-double-bump-a1-noise0.003-k12-r2,0.2710747824586379,0.10030274911473795,0.0032514231461769337,,,0.004166146490058706,synthetic,12.0,fixed_0.001,0.003,,0.08654344112141803,5002,,double,1.0020921706400283,test
1.0,bump,0.0017145044273619884,test-double-bump-a1-noise0.003-k12-r2,0.2701851782294587,0.100127334725108,0.0032457368971792826,,,0.0041449908301090825,synthetic,12.0,fixed_0.01,0.003,,0.0861523116268632,5002,,double,1.002126244947529,test
1.0,bump,0.0016177297294695952,test-double-bump-a1-noise0.003-k12-r2,0.26214932483886483,0.09855346960419084,0.003194718340576643,,,0.003951212523255334,synthetic,12.0,fixed_0.1,0.003,,0.08265735510466717,5002,,double,1.0024520163226538,test
1.0,bump,0.0012198639670329464,test-double-bump-a1-noise0.003-k12-r2,0.2351094846414767,0.09333685786113584,0.003025616174228391,,,0.0032130455328144474,synthetic,12.0,fixed_1,0.003,,0.07422099749767018,5002,,double,1.0046869456221716,test
1.0,bump,0.0017186199673285547,test-double-bump-a1-noise0.003-k12-r2,0.2705340562712939,0.10019609932241555,0.0032479659766940176,,,0.0041532939762297565,synthetic,12.0,frozen_initial,0.003,,0.08630562129651627,5002,,double,1.002112840819071,test
1.0,bump,,test-double-bump-a1-noise0.003-k12-r2,0.2163888504118789,0.08478112042219778,0.0027482726020222697,,,0.003156649065807118,synthetic,12.0,rexafs_direct,0.003,,0.07655897037075042,5002,,double,1.0008518691255865,test
0.3,polynomial,0.004267266438349774,test-feff-polynomial-a0.3-noise0-k10-r0,0.27137751537634924,0.26484592320171657,0.004431788179065932,,,0.004634954945850419,synthetic,10.0,larch_dynamic,0.0,,0.11922983641054222,5000,,feff,0.9349033540101571,test
0.3,polynomial,0.004267742592218461,test-feff-polynomial-a0.3-noise0-k10-r0,0.2714543182666217,0.26487634784913006,0.004432297288630956,,,0.004636281850817547,synthetic,10.0,fixed_0,0.0,,0.11926161023025397,5000,,feff,0.9348949545866096,test
0.3,polynomial,0.004267741610654917,test-feff-polynomial-a0.3-noise0-k10-r0,0.27145415969783954,0.2648762851266477,0.00443229623906692,,,0.004636279110498266,synthetic,10.0,fixed_1e-06,0.0,,0.11926154464824117,5000,,feff,0.9348949719013557,test
0.3,polynomial,0.004267732776664584,test-feff-polynomial-a0.3-noise0-k10-r0,0.2714527325899399,0.2648757206295174,0.0044322867930778,,,0.0046362544478177545,synthetic,10.0,fixed_1e-05,0.0,,0.1192609544146881,5000,,feff,0.9348951277327063,test
0.3,polynomial,0.004267644443974679,test-feff-polynomial-a0.3-noise0-k10-r0,0.27143846257997717,0.2648700761189865,0.004432192340896905,,,0.004636007839320407,synthetic,10.0,fixed_0.0001,0.0,,0.11925505252071707,5000,,feff,0.9348966859309877,test
0.3,polynomial,0.004266761838361915,test-feff-polynomial-a0.3-noise0-k10-r0,0.27129586934650785,0.26481367708703357,0.004431248590054535,,,0.0046335435848152235,synthetic,10.0,fixed_0.001,0.0,,0.11919607771677045,5000,,feff,0.9349122563881765,test
0.3,polynomial,0.004258007340886667,test-feff-polynomial-a0.3-noise0-k10-r0,0.26988054400119976,0.2642542577318055,0.0044218875696708,,,0.00460908272506966,synthetic,10.0,fixed_0.01,0.0,,0.11861071036373919,5000,,feff,0.935066816950944,test
0.3,polynomial,0.004177088975887956,test-feff-polynomial-a0.3-noise0-k10-r0,0.2567139631304118,0.25908338506568807,0.004335360988177225,,,0.00438137724002465,synthetic,10.0,fixed_0.1,0.0,,0.11316452232459485,5000,,feff,0.9365059889535877,test
0.3,polynomial,0.0037344134462131214,test-feff-polynomial-a0.3-noise0-k10-r0,0.18140909483848042,0.23079711413021037,0.0038620338565142306,,,0.0030712330808167713,synthetic,10.0,fixed_1,0.0,,0.0819749640188388,5000,,feff,0.9448090519047032,test
0.3,polynomial,0.004265512881557743,test-feff-polynomial-a0.3-noise0-k10-r0,0.27109405860776564,0.26473386793912285,0.004429913107015884,,,0.004630055899840965,synthetic,10.0,frozen_initial,0.0,,0.11911261108741708,5000,,feff,0.9349342935423651,test
0.3,polynomial,,test-feff-polynomial-a0.3-noise0-k10-r0,0.25817563840476077,0.2581772836351465,0.004320198777785751,,,0.00441054372393469,synthetic,10.0,rexafs_direct,0.0,,0.11406688600628709,5000,,feff,0.9345311174951891,test
0.3,polynomial,0.0034162767407124256,test-feff-polynomial-a0.3-noise0-k12-r0,0.18168598203969108,0.23213757596956958,0.0035113072520084414,,,0.002235203823239461,synthetic,12.0,larch_dynamic,0.0,,0.0816191849459611,5000,,feff,0.9541548449400756,test
0.3,polynomial,0.003416347976767402,test-feff-polynomial-a0.3-noise0-k12-r0,0.18170313548632924,0.23214252562870658,0.003511382120430541,,,0.002235430369984499,synthetic,12.0,fixed_0,0.0,,0.08162612623011345,5000,,feff,0.9541536647631615,test
0.3,polynomial,0.0034163478346724255,test-feff-polynomial-a0.3-noise0-k12-r0,0.1817031012638677,0.23214251575555536,0.0035113819710894992,,,0.0022354299180592473,synthetic,12.0,fixed_1e-06,0.0,,0.08162611238134086,5000,,feff,0.9541536671175003,test
0.3,polynomial,0.0034163465558411012,test-feff-polynomial-a0.3-noise0-k12-r0,0.18170279326332475,0.2321424268988001,0.003511380627044409,,,0.0022354258507515097,synthetic,12.0,fixed_1e-05,0.0,,0.08162598774309968,5000,,feff,0.9541536883061971,test
0.3,polynomial,0.003416333768135586,test-feff-polynomial-a0.3-noise0-k12-r0,0.18169971340097857,0.23214153837353668,0.0035113671872331774,,,0.0022353851795438944,synthetic,12.0,fixed_0.0001,0.0,,0.08162474141861814,5000,,feff,0.954153900183521,test
0.3,polynomial,0.0034162059522475662,test-feff-polynomial-a0.3-noise0-k12-r0,0.18166892910428187,0.23213265737733055,0.0035112328535034766,,,0.0022349786546424994,synthetic,12.0,fixed_0.001,0.0,,0.08161228397500683,5000,,feff,0.9541560179878851,test
0.3,polynomial,0.0034149338811663823,test-feff-polynomial-a0.3-noise0-k12-r0,0.18136251209264606,0.23204427104155695,0.003509895923967256,,,0.002230932035510975,synthetic,12.0,fixed_0.01,0.0,,0.08148828694004921,5000,,feff,0.9541770995866516,test
0.3,polynomial,0.0034027939218517636,test-feff-polynomial-a0.3-noise0-k12-r0,0.17843456949499736,0.23120081789183783,0.00349713787241542,,,0.002192246216252737,synthetic,12.0,fixed_0.1,0.0,,0.08030347516136752,5000,,feff,0.9543786987750043,test
0.3,polynomial,0.0033205500263181324,test-feff-polynomial-a0.3-noise0-k12-r0,0.15843634013969507,0.22548979260313956,0.0034107530446732767,,,0.0019270105550804062,synthetic,12.0,fixed_1,0.0,,0.07221181319742764,5000,,feff,0.9557650487576129,test
0.3,polynomial,0.003415932872943271,test-feff-polynomial-a0.3-noise0-k12-r0,0.18160315581749256,0.23211368312176503,0.003510945849381501,,,0.0022341100670466856,synthetic,12.0,frozen_initial,0.0,,0.08158566760195672,5000,,feff,0.954160542959732,test
0.3,polynomial,,test-feff-polynomial-a0.3-noise0-k12-r0,0.18066444181402036,0.22707833215649076,0.003434781254800342,,,0.0022340432565681042,synthetic,12.0,rexafs_direct,0.0,,0.08097474733053855,5000,,feff,0.9529934335423258,test
0.3,polynomial,0.004273172996222964,test-feff-polynomial-a0.3-noise0.0003-k10-r0,0.2654748535282296,0.2643531945233728,0.0044235431243345915,,,0.004516444188847246,synthetic,10.0,larch_dynamic,0.0003,,0.12048891643675097,5000,,feff,0.9360722248310254,test
0.3,polynomial,0.004273626554381744,test-feff-polynomial-a0.3-noise0.0003-k10-r0,0.2655476865759087,0.26438203509790825,0.004424025726882362,,,0.0045177038885412775,synthetic,10.0,fixed_0,0.0003,,0.12051907892098893,5000,,feff,0.9360642208298984,test
0.3,polynomial,0.004273625619348521,test-feff-polynomial-a0.3-noise0.0003-k10-r0,0.26554753620097427,0.2643819756384782,0.004424024731920475,,,0.004517701286968303,synthetic,10.0,fixed_1e-06,0.0003,,0.12051901666210926,5000,,feff,0.9360642373304214,test
0.3,polynomial,0.0042736172041295956,test-feff-polynomial-a0.3-noise0.0003-k10-r0,0.26554618283723214,0.264381440508708,0.004424015777348846,,,0.004517677872994952,synthetic,10.0,fixed_1e-05,0.0003,,0.12051845633660743,5000,,feff,0.9360643858337592,test
0.3,polynomial,0.004273533058783951,test-feff-polynomial-a0.3-noise0.0003-k10-r0,0.26553265021698,0.2643760896469425,0.004423926238927286,,,0.0045174437506923515,synthetic,10.0,fixed_0.0001,0.0003,,0.12051285350161002,5000,,feff,0.9360658707573075,test
0.3,polynomial,0.004272692289262808,test-feff-polynomial-a0.3-noise0.0003-k10-r0,0.2653974256966531,0.26432262459561234,0.004423031583726959,,,0.0045151042703427775,synthetic,10.0,fixed_0.001,0.0003,,0.12045686713694184,5000,,feff,0.9360807090114159,test
0.3,polynomial,0.004264352448049553,test-feff-polynomial-a0.3-noise0.0003-k10-r0,0.2640552728857332,0.2637922963369375,0.004414157357990701,,,0.0044918824378054525,synthetic,10.0,fixed_0.01,0.0003,,0.11990117070700267,5000,,feff,0.936228001562053,test
0.3,polynomial,0.004187238271576493,test-feff-polynomial-a0.3-noise0.0003-k10-r0,0.25157247870149574,0.25888930433817603,0.004332113346440572,,,0.0042757557639421595,synthetic,10.0,fixed_0.1,0.0003,,0.1147318075737526,5000,,feff,0.9375995191039478,test
0.3,polynomial,0.003764046271463499,test-feff-polynomial-a0.3-noise0.0003-k10-r0,0.18033126608581915,0.23201520229399053,0.003882416683857921,,,0.003034603125989131,synthetic,10.0,fixed_1,0.0003,,0.08516199038079397,5000,,feff,0.9455135356115129,test
0.3,polynomial,0.0042715142808195305,test-feff-polynomial-a0.3-noise0.0003-k10-r0,0.2652079361747116,0.2642477145415725,0.004421778079470696,,,0.004511825916381375,synthetic,10.0,frozen_initial,0.0003,,0.12037841334388431,5000,,feff,0.9361015023302555,test
0.3,polynomial,,test-feff-polynomial-a0.3-noise0.0003-k10-r0,0.25236489981288823,0.25783770223702085,0.004314516406662758,,,0.004294629475649126,synthetic,10.0,rexafs_direct,0.0003,,0.11497228085680139,5000,,feff,0.9357807618200187,test
0.3,polynomial,0.00429201685734492,test-feff-polynomial-a0.3-noise0.0003-k10-r1,0.27437480889621624,0.2665568852267047,0.00446041849055235,,,0.004688774836888164,synthetic,10.0,larch_dynamic,0.0003,,0.11679255246084497,5001,,feff,0.9345196627727625,test
0.3,polynomial,0.004292517935185439,test-feff-polynomial-a0.3-noise0.0003-k10-r1,0.27445461937850596,0.2665886182482367,0.004460949493740964,,,0.004690156580954802,synthetic,10.0,fixed_0,0.0003,,0.11682559037281072,5001,,feff,0.9345109043562444,test
0.3,polynomial,0.004292516902302606,test-feff-polynomial-a0.3-noise0.0003-k10-r1,0.2744544546025815,0.26658855283261085,0.004460948399111326,,,0.004690153727445556,synthetic,10.0,fixed_1e-06,0.0003,,0.1168255221836635,5001,,feff,0.9345109224097828,test
0.3,polynomial,0.004292507606444785,test-feff-polynomial-a0.3-noise0.0003-k10-r1,0.2744529716306857,0.2665879640975461,0.004460938547537743,,,0.004690128046058707,synthetic,10.0,fixed_1e-05,0.0003,,0.1168249084860685,5001,,feff,0.9345110848902008,test
0.3,polynomial,0.0042924146554612595,test-feff-polynomial-a0.3-noise0.0003-k10-r1,0.27443814302617364,0.2665820772293235,0.004460840039874549,,,0.004689871251277957,synthetic,10.0,fixed_0.0001,0.0003,,0.11681877197060027,5001,,feff,0.9345127095741492,test
0.3,polynomial,0.004291485904669556,test-feff-polynomial-a0.3-noise0.0003-k10-r1,0.27428996838535075,0.26652325676404265,0.004459855770078861,,,0.004687305211835877,synthetic,10.0,fixed_0.001,0.0003,,0.11675745284135237,5001,,feff,0.9345289443938735,test
0.3,polynomial,0.004282273702369965,test-feff-polynomial-a0.3-noise0.0003-k10-r1,0.27281927934866274,0.2659398357278414,0.0044500931185704,,,0.004661834233862069,synthetic,10.0,fixed_0.01,0.0003,,0.11614882978312155,5001,,feff,0.9346900995296438,test
0.3,polynomial,0.004197125911222455,test-feff-polynomial-a0.3-noise0.0003-k10-r1,0.25914092402192085,0.2605486081728624,0.004359879237760111,,,0.00442474649767871,synthetic,10.0,fixed_0.1,0.0003,,0.11048752249997171,5001,,feff,0.936190653650037,test
0.3,polynomial,0.003731545017039243,test-feff-polynomial-a0.3-noise0.0003-k10-r1,0.18109022101609695,0.23112809640864665,0.003867572334627549,,,0.0030617220486681587,synthetic,10.0,fixed_1,0.0003,,0.07813725723168823,5001,,feff,0.9448464716565617,test
0.3,polynomial,0.004290137141107864,test-feff-polynomial-a0.3-noise0.0003-k10-r1,0.27407475273045045,0.2664378361471608,0.004458426387758873,,,0.004683578110551671,synthetic,10.0,frozen_initial,0.0003,,0.11666838987195033,5001,,feff,0.9345525251946906,test
0.3,polynomial,,test-feff-polynomial-a0.3-noise0.0003-k10-r1,0.2600345643111905,0.2594548479761277,0.004341576847253123,,,0.004447812456656561,synthetic,10.0,rexafs_direct,0.0003,,0.1112662178409572,5001,,feff,0.9340419479532379,test
0.3,polynomial,0.004267884279570436,test-feff-polynomial-a0.3-noise0.0003-k10-r2,0.2764923919758817,0.2644266636417345,0.004424772516753948,,,0.004731738017553942,synthetic,10.0,larch_dynamic,0.0003,,0.11820024458621144,5002,,feff,0.9356208120958684,test
0.3,polynomial,0.0042683791643658734,test-feff-polynomial-a0.3-noise0.0003-k10-r2,0.27657179884648186,0.2644582572237667,0.004425301186637524,,,0.004733111652911952,synthetic,10.0,fixed_0,0.0003,,0.11823319491297302,5002,,feff,0.9356121069034316,test
0.3,polynomial,0.0042683781442158075,test-feff-polynomial-a0.3-noise0.0003-k10-r2,0.2765716349030844,0.26445819209311044,0.0044253000967764125,,,0.004733108816138754,synthetic,10.0,fixed_1e-06,0.0003,,0.11823312690498326,5002,,feff,0.9356121248478193,test
0.3,polynomial,0.004268368962953751,test-feff-polynomial-a0.3-noise0.0003-k10-r2,0.2765701594238853,0.2644576059228455,0.0044252902881208,,,0.004733083285375334,synthetic,10.0,fixed_1e-05,0.0003,,0.1182325148377964,5002,,feff,0.9356122863458366,test
0.3,polynomial,0.0042682771578537206,test-feff-polynomial-a0.3-noise0.0003-k10-r2,0.27655540573983756,0.2644517447003665,0.004425192209599584,,,0.0047328279967186965,synthetic,10.0,fixed_0.0001,0.0003,,0.11822639462391718,5002,,feff,0.9356139012065452,test
0.3,polynomial,0.004267359858431097,test-feff-polynomial-a0.3-noise0.0003-k10-r2,0.27640797963784675,0.26439318046344723,0.004424212227390468,,,0.004730277007080101,synthetic,10.0,fixed_0.001,0.0003,,0.1181652382595442,5002,,feff,0.9356300378655806,test
0.3,polynomial,0.004258261427798891,test-feff-polynomial-a0.3-noise0.0003-k10-r2,0.2749447099251512,0.26381229897309244,0.004414492071266215,,,0.004704955392219191,synthetic,10.0,fixed_0.01,0.0003,,0.11755821795650716,5002,,feff,0.9357902185238363,test
0.3,polynomial,0.004174181810377115,test-feff-polynomial-a0.3-noise0.0003-k10-r2,0.2613344062370084,0.2584443738407583,0.004324668120570661,,,0.004469255691799073,synthetic,10.0,fixed_0.1,0.0003,,0.11191063779921893,5002,,feff,0.9372816911380316,test
0.3,polynomial,0.003715108036014961,test-feff-polynomial-a0.3-noise0.0003-k10-r2,0.18361635380143312,0.22914581240096843,0.003834401868091469,,,0.0031140690228022507,synthetic,10.0,fixed_1,0.0003,,0.07957472252195358,5002,,feff,0.9458846373253463,test
0.3,polynomial,0.00426603362008162,test-feff-polynomial-a0.3-noise0.0003-k10-r2,0.27619479756112125,0.26430850786582,0.004422795362019391,,,0.004726588146099775,synthetic,10.0,frozen_initial,0.0003,,0.1180768040010275,5002,,feff,0.9356533724611736,test
0.3,polynomial,,test-feff-polynomial-a0.3-noise0.0003-k10-r2,0.2621181140427985,0.2574850075960992,0.004308614605639882,,,0.004487245793899502,synthetic,10.0,rexafs_direct,0.0003,,0.11271842901785861,5002,,feff,0.9352817553475824,test
0.3,polynomial,0.0034225540550088594,test-feff-polynomial-a0.3-noise0.0003-k12-r0,0.1844867902960238,0.23239873716517112,0.0035152575698155822,,,0.0022648576806587107,synthetic,12.0,larch_dynamic,0.0003,,0.08207103401915423,5000,,feff,0.9554501888628089,test
0.3,polynomial,0.003422624030053646,test-feff-polynomial-a0.3-noise0.0003-k12-r0,0.18450332849528517,0.23240358347430953,0.00351533087496815,,,0.002265077184802025,synthetic,12.0,fixed_0,0.0003,,0.08207775135844053,5000,,feff,0.9554490332267174,test
0.3,polynomial,0.0034226238904874274,test-feff-polynomial-a0.3-noise0.0003-k12-r0,0.18450329550260153,0.23240357380822813,0.0035153307287592406,,,0.002265076746961756,synthetic,12.0,fixed_1e-06,0.0003,,0.08207773795736747,5000,,feff,0.9554490355319073,test
0.3,polynomial,0.0034226226344178864,test-feff-polynomial-a0.3-noise0.0003-k12-r0,0.18450299857007035,0.23240348681531833,0.003515329412906632,,,0.002265072806420059,synthetic,12.0,fixed_1e-05,0.0003,,0.08207761734840731,5000,,feff,0.95544905627824,test
0.3,polynomial,0.0034226100743148815,test-feff-polynomial-a0.3-noise0.0003-k12-r0,0.18450002938329424,0.23240261692732772,0.003515316255002328,,,0.002265033402819393,synthetic,12.0,fixed_0.0001,0.0003,,0.08207641131500916,5000,,feff,0.9554492637321652,test
0.3,polynomial,0.0034224845332085775,test-feff-polynomial-a0.3-noise0.0003-k12-r0,0.18447035139875353,0.2323939222053883,0.0035151847388525947,,,0.0022646395488857608,synthetic,12.0,fixed_0.001,0.0003,,0.08206435661327297,5000,,feff,0.9554513373239704,test
0.3,polynomial,0.0034212350859361995,test-feff-polynomial-a0.3-noise0.0003-k12-r0,0.1841749533234921,0.2323073887945767,0.003513875836613675,,,0.002260719131276951,synthetic,12.0,fixed_0.01,0.0003,,0.08194437016576564,5000,,feff,0.9554719789348881,test
0.3,polynomial,0.003409309565695504,test-feff-polynomial-a0.3-noise0.0003-k12-r0,0.18135295871332643,0.2314815298520945,0.0035013839146068137,,,0.002223246593331062,synthetic,12.0,fixed_0.1,0.0003,,0.08079805057759315,5000,,feff,0.9556693825332717,test
0.3,polynomial,0.0033284302707674487,test-feff-polynomial-a0.3-noise0.0003-k12-r0,0.1621141623126114,0.22588418983252445,0.0034167186874432035,,,0.0019667175719350672,synthetic,12.0,fixed_1,0.0003,,0.07297826654353545,5000,,feff,0.9570277323253717,test
0.3,polynomial,0.0034222218185389836,test-feff-polynomial-a0.3-noise0.0003-k12-r0,0.18440824384139654,0.23237572716676622,0.0035149095211468974,,,0.0022638153121444715,synthetic,12.0,frozen_initial,0.0003,,0.08203912952026378,5000,,feff,0.9554556768927215,test
0.3,polynomial,,test-feff-polynomial-a0.3-noise0.0003-k12-r0,0.1829576094448483,0.22722500931608236,0.0034369998899007855,,,0.002260936443869017,synthetic,12.0,rexafs_direct,0.0003,,0.08142987146156504,5000,,feff,0.9544224569760537,test
0.3,polynomial,0.003423540627838726,test-feff-polynomial-a0.3-noise0.0003-k12-r1,0.18336324130801163,0.2330416210649932,0.0035249818158374353,,,0.0022496787063329164,synthetic,12.0,larch_dynamic,0.0003,,0.08134865118488695,5001,,feff,0.9540061065189993,test
0.3,polynomial,0.003423607588448016,test-feff-polynomial-a0.3-noise0.0003-k12-r1,0.1833789162191728,0.2330462018889546,0.00352505110526776,,,0.002249887436608599,synthetic,12.0,fixed_0,0.0003,,0.08135507581885351,5001,,feff,0.9540050092806818,test
0.3,polynomial,0.003423607454869322,test-feff-polynomial-a0.3-noise0.0003-k12-r1,0.18337888494458945,0.23304619275082872,0.0035250509670446926,,,0.0022498870201911585,synthetic,12.0,fixed_1e-06,0.0003,,0.08135506300001952,5001,,feff,0.9540050114697094,test
0.3,polynomial,0.003423606252682793,test-feff-polynomial-a0.3-noise0.0003-k12-r1,0.18337860347459345,0.23304611050917323,0.0035250497230594397,,,0.00224988327244765,synthetic,12.0,fixed_1e-05,0.0003,,0.08135494763107505,5001,,feff,0.954005031170643,test
0.3,polynomial,0.0034235942313756837,test-feff-polynomial-a0.3-noise0.0003-k12-r1,0.18337578890589218,0.2330452881309286,0.0035250372837863824,,,0.0022498457967380023,synthetic,12.0,fixed_0.0001,0.0003,,0.08135379399517904,5001,,feff,0.954005228171175,test
0.3,polynomial,0.003423474075568696,test-feff-polynomial-a0.3-noise0.0003-k12-r1,0.18334765638732703,0.23303706827867862,0.003524912950503865,,,0.002249471212741209,synthetic,12.0,fixed_0.001,0.0003,,0.08134226301013632,5001,,feff,0.9540071972752578,test
0.3,polynomial,0.003422278216726539,test-feff-polynomial-a0.3-noise0.0003-k12-r1,0.18306764182768437,0.23295526090234683,0.003523675534145993,,,0.0022457426013059896,synthetic,12.0,fixed_0.01,0.0003,,0.08122748802432374,5001,,feff,0.954026798608614,test
0.3,polynomial,0.0034108634006129674,test-feff-polynomial-a0.3-noise0.0003-k12-r1,0.18039268308880732,0.23217450250681623,0.003511865801900609,,,0.0022101027658612865,synthetic,12.0,fixed_0.1,0.0003,,0.08013083125705821,5001,,feff,0.9542142390086937,test
0.3,polynomial,0.003333423408445986,test-feff-polynomial-a0.3-noise0.0003-k12-r1,0.16215979250132084,0.22688368000543666,0.0034318369511616023,,,0.0019660699316884646,synthetic,12.0,fixed_1,0.0003,,0.07264284578772105,5001,,feff,0.9555029865879329,test
0.3,polynomial,0.003423219698465533,test-feff-polynomial-a0.3-noise0.0003-k12-r1,0.18328809670494775,0.23301966643119282,0.0035246497305877447,,,0.0022486781631536256,synthetic,12.0,frozen_initial,0.0003,,0.08131785048641572,5001,,feff,0.9540113662109204,test
0.3,polynomial,,test-feff-polynomial-a0.3-noise0.0003-k12-r1,0.18195059656445411,0.2278347619188579,0.003446222992740187,,,0.0022478963986868206,synthetic,12.0,rexafs_direct,0.0003,,0.08095217307745214,5001,,feff,0.9526286645329961,test
0.3,polynomial,0.003406361097126855,test-feff-polynomial-a0.3-noise0.0003-k12-r2,0.18707732054429319,0.23132103985878322,0.0034989563469240083,,,0.0022764860830138487,synthetic,12.0,larch_dynamic,0.0003,,0.08178363340907402,5002,,feff,0.9551719634209979,test
0.3,polynomial,0.003406437568052719,test-feff-polynomial-a0.3-noise0.0003-k12-r2,0.18709544435424355,0.23132633992467702,0.0034990365155900724,,,0.0022767269827085393,synthetic,12.0,fixed_0,0.0003,,0.08179103673094162,5002,,feff,0.9551706975455125,test
0.3,polynomial,0.0034064374155239187,test-feff-polynomial-a0.3-noise0.0003-k12-r2,0.18709540819726475,0.23132632935308342,0.003499036355684408,,,0.0022767265021766195,synthetic,12.0,fixed_1e-06,0.0003,,0.08179102196094389,5002,,feff,0.9551707000706998,test
0.3,polynomial,0.003406436042789524,test-feff-polynomial-a0.3-noise0.0003-k12-r2,0.18709508278630346,0.23132623421045267,0.003499034916559321,,,0.0022767221774129087,synthetic,12.0,fixed_1e-05,0.0003,,0.08179088903175438,5002,,feff,0.9551707227969776,test
0.3,polynomial,0.0034064223160968697,test-feff-polynomial-a0.3-noise0.0003-k12-r2,0.18709182882861428,0.2313252828293875,0.00349902052599278,,,0.0022766789317669547,synthetic,12.0,fixed_0.0001,0.0003,,0.08178955980174218,5002,,feff,0.9551709500495044,test
0.3,polynomial,0.003406285115083157,test-feff-polynomial-a0.3-noise0.0003-k12-r2,0.18705930449730204,0.23131577359586714,0.0034988766895609497,,,0.002276246675163822,synthetic,12.0,fixed_0.001,0.0003,,0.08177627371001438,5002,,feff,0.9551732215349663,test
0.3,polynomial,0.0034049196636455354,test-feff-polynomial-a0.3-noise0.0003-k12-r2,0.18673557852403402,0.2312211367088529,0.003497445214340738,,,0.0022719440005063703,synthetic,12.0,fixed_0.01,0.0003,,0.08164403070099906,5002,,feff,0.955195832905111,test
0.3,polynomial,0.00339189075387131,test-feff-polynomial-a0.3-noise0.0003-k12-r2,0.18364325061624437,0.23031820800402816,0.003483787537008425,,,0.0022308179862884268,synthetic,12.0,fixed_0.1,0.0003,,0.0803806242730105,5002,,feff,0.9554120570628132,test
0.3,polynomial,0.0033037452511761284,test-feff-polynomial-a0.3-noise0.0003-k12-r2,0.16257936352104396,0.2242137203762386,0.003391451207623892,,,0.001949290899129504,synthetic,12.0,fixed_1,0.0003,,0.07176359740247383,5002,,feff,0.9568986985286542,test
0.3,polynomial,0.0034059835709512147,test-feff-polynomial-a0.3-noise0.0003-k12-r2,0.18698781921763344,0.2312948739991752,0.0034985605627765558,,,0.0022752966000137045,synthetic,12.0,frozen_initial,0.0003,,0.08174707206427935,5002,,feff,0.9551782141963995,test
0.3,polynomial,,test-feff-polynomial-a0.3-noise0.0003-k12-r2,0.18460024037776857,0.22614148538005224,0.0034206105335528665,,,0.0022602141659821165,synthetic,12.0,rexafs_direct,0.0003,,0.08098443954815207,5002,,feff,0.95395928989974,test
0.3,polynomial,0.004358645056378408,test-feff-polynomial-a0.3-noise0.003-k10-r0,0.3104811074706432,0.3035089204103421,0.0050787538258278125,,,0.004698465716328006,synthetic,10.0,larch_dynamic,0.003,,0.149777991860707,5000,,feff,0.9465920676835193,test
0.3,polynomial,0.004358894497846677,test-feff-polynomial-a0.3-noise0.003-k10-r0,0.3105072031263342,0.30352199103866717,0.005078972542640228,,,0.004698955262222763,synthetic,10.0,fixed_0,0.003,,0.1497922535318092,5000,,feff,0.9465876170194644,test
0.3,polynomial,0.004358893983778974,test-feff-polynomial-a0.3-noise0.003-k10-r0,0.31050714925082246,0.3035219641020332,0.005078972091897189,,,0.004698954251086697,synthetic,10.0,fixed_1e-06,0.003,,0.1497922240933737,5000,,feff,0.9465876261919233,test
0.3,polynomial,0.004358889357224164,test-feff-polynomial-a0.3-noise0.003-k10-r0,0.3105066643757983,0.3035217216752543,0.005078968035258825,,,0.0046989451509484,synthetic,10.0,fixed_1e-05,0.003,,0.149791959149746,5000,,feff,0.9465877087430945,test
0.3,polynomial,0.004358843095274978,test-feff-polynomial-a0.3-noise0.003-k10-r0,0.3105018160466477,0.3035192976020802,0.005078927472131748,,,0.004698854157340904,synthetic,10.0,fixed_0.0001,0.003,,0.14978930992067396,5000,,feff,0.9465885341940619,test
0.3,polynomial,0.004358380836020454,test-feff-polynomial-a0.3-noise0.003-k10-r0,0.31045337487046104,0.303495076348112,0.005078522166791494,,,0.004697944999189692,synthetic,10.0,fixed_0.001,0.003,,0.14976283835705742,5000,,feff,0.9465967826204401,test
0.3,polynomial,0.0043537939883932526,test-feff-polynomial-a0.3-noise0.003-k10-r0,0.3099731398213059,0.30325479611706047,0.005074501447594597,,,0.004688930577462388,synthetic,10.0,fixed_0.01,0.003,,0.14950017942643887,5000,,feff,0.9466786630618658,test
0.3,polynomial,0.004311240622664865,test-feff-polynomial-a0.3-noise0.003-k10-r0,0.30555628178634786,0.3010308556413784,0.0050372872326581355,,,0.004605917393202563,synthetic,10.0,fixed_0.1,0.003,,0.14706442033721687,5000,,feff,0.9474412904570702,test
0.3,polynomial,0.004071415902298091,test-feff-polynomial-a0.3-noise0.003-k10-r0,0.2822265397893022,0.2886856954548951,0.004830710010997592,,,0.004164491782683336,synthetic,10.0,fixed_1,0.003,,0.1334184369439122,5000,,feff,0.9518538889726958,test
0.3,polynomial,0.004357782701920482,test-feff-polynomial-a0.3-noise0.003-k10-r0,0.3103907068405106,0.3034637372088504,0.005077997754615378,,,0.004696768793564936,synthetic,10.0,frozen_initial,0.003,,0.14972858609927442,5000,,feff,0.9466074564896859,test
0.3,polynomial,,test-feff-polynomial-a0.3-noise0.003-k10-r0,0.278077136029949,0.28835157828295194,0.00482511907527489,,,0.0042022223811800175,synthetic,10.0,rexafs_direct,0.003,,0.14198071442856633,5000,,feff,0.9470633340510715,test
0.3,polynomial,0.0045685225260099676,test-feff-polynomial-a0.3-noise0.003-k10-r1,0.3795351409523324,0.3257931131899334,0.005451645433698253,,,0.005946927667595382,synthetic,10.0,larch_dynamic,0.003,,0.1152650209028609,5001,,feff,0.9310664456003698,test
0.3,polynomial,0.004569253089220064,test-feff-polynomial-a0.3-noise0.003-k10-r1,0.3796194518714469,0.3258307971143206,0.005452276016070905,,,0.005948554441974206,synthetic,10.0,fixed_0,0.003,,0.11530102526228456,5001,,feff,0.9310544522830116,test
0.3,polynomial,0.004569251584281975,test-feff-polynomial-a0.3-noise0.003-k10-r1,0.3796192778274445,0.325830719485098,0.005452274717065555,,,0.005948551083276928,synthetic,10.0,fixed_1e-06,0.003,,0.1153009509728836,5001,,feff,0.931054476985661,test
0.3,polynomial,0.004569238039959214,test-feff-polynomial-a0.3-noise0.003-k10-r1,0.37961771144589074,0.32583002082879964,0.005452263026129606,,,0.005948520855260345,synthetic,10.0,fixed_1e-05,0.003,,0.11530028237468903,5001,,feff,0.9310546993076307,test
0.3,polynomial,0.004569102607764738,test-feff-polynomial-a0.3-noise0.003-k10-r1,0.3796020490545413,0.325823034882203,0.0054521461270844096,,,0.005948218600572682,synthetic,10.0,fixed_0.0001,0.003,,0.11529359702287917,5001,,feff,0.9310569223626333,test
0.3,polynomial,0.004567749388514943,test-feff-polynomial-a0.3-noise0.003-k10-r1,0.3794455674746912,0.3257532370215381,0.0054509781675021775,,,0.005945198600230207,synthetic,10.0,fixed_0.001,0.003,,0.11522680647786031,5001,,feff,0.9310791364451269,test
0.3,polynomial,0.004554326605607715,test-feff-polynomial-a0.3-noise0.003-k10-r1,0.37789487167272656,0.32506136824132176,0.005439400810204922,,,0.005915251300604873,synthetic,10.0,fixed_0.01,0.003,,0.11456515012473921,5001,,feff,0.9312996427378748,test
0.3,polynomial,0.004430240540050289,test-feff-polynomial-a0.3-noise0.003-k10-r1,0.36369460792201774,0.3187066699096983,0.005333064731449543,,,0.005639236267962806,synthetic,10.0,fixed_0.1,0.003,,0.10852859106546502,5001,,feff,0.9333526359181193,test
0.3,polynomial,0.0037532318048463472,test-feff-polynomial-a0.3-noise0.003-k10-r1,0.29288773987267397,0.2855935371948654,0.00477896751007881,,,0.0041910306576529565,synthetic,10.0,fixed_1,0.003,,0.08025034509443046,5001,,feff,0.9451832494232661,test
0.3,polynomial,0.004565258574371206,test-feff-polynomial-a0.3-noise0.003-k10-r1,0.37915760888381833,0.3256247854922092,0.005448828729208467,,,0.005939640219730076,synthetic,10.0,frozen_initial,0.003,,0.11510390860783064,5001,,feff,0.9311200327485837,test
0.3,polynomial,,test-feff-polynomial-a0.3-noise0.003-k10-r1,0.3452865087711365,0.3078275723292577,0.005151019807091091,,,0.005489313230740082,synthetic,10.0,rexafs_direct,0.003,,0.10937413250002469,5001,,feff,0.9297728722684742,test
0.3,polynomial,0.004301506776115569,test-feff-polynomial-a0.3-noise0.003-k10-r2,0.3846887097030609,0.3065370834728724,0.005129425465785753,,,0.006352673872063192,synthetic,10.0,larch_dynamic,0.003,,0.12213087239961398,5002,,feff,0.9420779385576386,test
0.3,polynomial,0.004302170584919024,test-feff-polynomial-a0.3-noise0.003-k10-r2,0.38477470823709253,0.3065730792972051,0.0051300278004067475,,,0.00635425407001991,synthetic,10.0,fixed_0,0.003,,0.12216975014264174,5002,,feff,0.9420664777549012,test
0.3,polynomial,0.004302169217153109,test-feff-polynomial-a0.3-noise0.003-k10-r2,0.38477453070740175,0.306573005121786,0.005130026559195473,,,0.0063542508073330065,synthetic,10.0,fixed_1e-06,0.003,,0.1221696699387084,5002,,feff,0.9420665013659838,test
0.3,polynomial,0.0043021569073690225,test-feff-polynomial-a0.3-noise0.003-k10-r2,0.38477293295429565,0.306572337549245,0.00513001538839828,,,0.006354221443398744,synthetic,10.0,fixed_1e-05,0.003,,0.12216894810942762,5002,,feff,0.9420667138639912,test
0.3,polynomial,0.00430203381983114,test-feff-polynomial-a0.3-noise0.003-k10-r2,0.38475695680088884,0.3065656624148983,0.005129903690316866,,,0.006353927828225172,synthetic,10.0,fixed_0.0001,0.003,,0.12216173041742572,5002,,feff,0.9420688386864999,test
0.3,polynomial,0.0043008039739418445,test-feff-polynomial-a0.3-noise0.003-k10-r2,0.3845973329578052,0.306498970126139,0.00512878769769223,,,0.0063509940922446126,synthetic,10.0,fixed_0.001,0.003,,0.1220896135365744,5002,,feff,0.9420900711622819,test
0.3,polynomial,0.004288607649655586,test-feff-polynomial-a0.3-noise0.003-k10-r2,0.3830147557525387,0.3058379040635635,0.005117725776382336,,,0.006321896455511241,synthetic,10.0,fixed_0.01,0.003,,0.12137440341529424,5002,,feff,0.9423008326797874,test
0.3,polynomial,0.0041761015603522375,test-feff-polynomial-a0.3-noise0.003-k10-r2,0.3684549145585494,0.29976784349279695,0.0050161526716936584,,,0.006053171236859664,synthetic,10.0,fixed_0.1,0.003,,0.114776092533531,5002,,feff,0.9442630107979382,test
0.3,polynomial,0.0035724231749179334,test-feff-polynomial-a0.3-noise0.003-k10-r2,0.2927367929841822,0.26821878497243995,0.004488227820440856,,,0.004611748157792552,synthetic,10.0,fixed_1,0.003,,0.08006765838254933,5002,,feff,0.9555649061112205,test
0.3,polynomial,0.0042986505454365226,test-feff-polynomial-a0.3-noise0.003-k10-r2,0.3843178535781872,0.30638220777489494,0.005126833859771118,,,0.00634585702103028,synthetic,10.0,frozen_initial,0.003,,0.12196333731554006,5002,,feff,0.9421272575481355,test
0.3,polynomial,,test-feff-polynomial-a0.3-noise0.003-k10-r2,0.34459534319251145,0.2858387549049128,0.004783070850373982,,,0.005722104956256163,synthetic,10.0,rexafs_direct,0.003,,0.11264088519625758,5002,,feff,0.9421373213507167,test
0.3,polynomial,0.0035180686112820645,test-feff-polynomial-a0.3-noise0.003-k12-r0,0.3653752163598663,0.28946243670560023,0.004378401682464563,,,0.0038129969837115254,synthetic,12.0,larch_dynamic,0.003,,0.13536861499609606,5000,,feff,0.9671082863616735,test
0.3,polynomial,0.0035181262061660264,test-feff-polynomial-a0.3-noise0.003-k12-r0,0.36538194819465136,0.2894656209814705,0.004378449847742885,,,0.003813104729103701,synthetic,12.0,fixed_0,0.003,,0.13537172207839057,5000,,feff,0.9671073493988419,test
0.3,polynomial,0.0035181260917253577,test-feff-polynomial-a0.3-noise0.003-k12-r0,0.36538193480368236,0.28946561465395654,0.004378449752033066,,,0.0038131045148913005,synthetic,12.0,fixed_1e-06,0.003,,0.13537171589686653,5000,,feff,0.9671073512616496,test
0.3,polynomial,0.0035181250617700734,test-feff-polynomial-a0.3-noise0.003-k12-r0,0.3653818142856129,0.2894655577069642,0.004378448890654262,,,0.00381310258698936,synthetic,12.0,fixed_1e-05,0.003,,0.13537166026341665,5000,,feff,0.9671073680267368,test
0.3,polynomial,0.0035181147626986153,test-feff-polynomial-a0.3-noise0.003-k12-r0,0.3653806091672554,0.2894649882639926,0.00437844027727391,,,0.0038130833089501737,synthetic,12.0,fixed_0.0001,0.003,,0.13537110395728616,5000,,feff,0.9671075356700382,test
0.3,polynomial,0.003518011819984327,test-feff-polynomial-a0.3-noise0.003-k12-r0,0.36536856421899755,0.2894592965258827,0.004378354184183561,,,0.003812890626541149,synthetic,12.0,fixed_0.001,0.003,,0.13536554373123516,5000,,feff,0.967109211348857,test
0.3,polynomial,0.0035169871698978493,test-feff-polynomial-a0.3-noise0.003-k12-r0,0.3652487350700175,0.28940264699603413,0.004377497304791461,,,0.0038109735513636588,synthetic,12.0,fixed_0.01,0.003,,0.13531022355794664,5000,,feff,0.9671258930690515,test
0.3,polynomial,0.003507196597937673,test-feff-polynomial-a0.3-noise0.003-k12-r0,0.3641094538475886,0.2888616991630524,0.004369314941203947,,,0.0037927310688902435,synthetic,12.0,fixed_0.1,0.003,,0.1347838708584825,5000,,feff,0.967285536357613,test
0.3,polynomial,0.0034401420277604894,test-feff-polynomial-a0.3-noise0.003-k12-r0,0.3566114940593103,0.28517280128619643,0.004313516762848623,,,0.003671996785754886,synthetic,12.0,fixed_1,0.003,,0.13129965912948272,5000,,feff,0.9683918844352786,test
0.3,polynomial,0.0035178219533354314,test-feff-polynomial-a0.3-noise0.003-k12-r0,0.36534635157188045,0.28944879891282377,0.004378195397547193,,,0.0038125352835776936,synthetic,12.0,frozen_initial,0.003,,0.13535528965522947,5000,,feff,0.9671123020857848,test
0.3,polynomial,,test-feff-polynomial-a0.3-noise0.003-k12-r0,0.3276803607581645,0.27118211087133176,0.0041018939244988365,,,0.003459405267226681,synthetic,12.0,rexafs_direct,0.003,,0.13480533745188786,5000,,feff,0.9672908001583592,test
0.3,polynomial,0.0035444151377579006,test-feff-polynomial-a0.3-noise0.003-k12-r1,0.3813758496655905,0.3019704873310247,0.004567598147905812,,,0.0037513506310822464,synthetic,12.0,larch_dynamic,0.003,,0.12123938633962476,5001,,feff,0.9526674617377813,test
0.3,polynomial,0.003544438286121239,test-feff-polynomial-a0.3-noise0.003-k12-r1,0.3813781049663309,0.3019716142053703,0.004567615192979385,,,0.0037513901278565676,synthetic,12.0,fixed_0,0.003,,0.12124067591095518,5001,,feff,0.9526671099382209,test
0.3,polynomial,0.0035444382399764302,test-feff-polynomial-a0.3-noise0.003-k12-r1,0.38137810046953086,0.30197161195957745,0.004567615159009579,,,0.0037513900491079927,synthetic,12.0,fixed_1e-06,0.003,,0.12124067333909956,5001,,feff,0.952667110639471,test
0.3,polynomial,0.0035444378246753537,test-feff-polynomial-a0.3-noise0.003-k12-r1,0.38137805999851887,0.30197159174756616,0.0045676148532831935,,,0.0037513893403740757,synthetic,12.0,fixed_1e-05,0.003,,0.12124065019251527,5001,,feff,0.9526671169507039,test
0.3,polynomial,0.003544433671859785,test-feff-polynomial-a0.3-noise0.003-k12-r1,0.3813776553080618,0.30197138963703013,0.0045676117961642075,,,0.0037513822533746534,synthetic,12.0,fixed_0.0001,0.003,,0.12124041873776176,5001,,feff,0.9526671800600615,test
0.3,polynomial,0.0035443921631183968,test-feff-polynomial-a0.3-noise0.003-k12-r1,0.38137361037283557,0.3019693694854075,0.004567581239400559,,,0.0037513114174294953,synthetic,12.0,fixed_0.001,0.003,,0.12123810530096947,5001,,feff,0.9526678108615967,test
0.3,polynomial,0.0035439790083430962,test-feff-polynomial-a0.3-noise0.003-k12-r1,0.38133335697264636,0.30194926289943397,0.004567277107676744,,,0.0037506064459840297,synthetic,12.0,fixed_0.01,0.003,,0.12121508147039733,5001,,feff,0.9526740898062852,test
0.3,polynomial,0.0035400320746565065,test-feff-polynomial-a0.3-noise0.003-k12-r1,0.3809495047841383,0.3017572612285761,0.0045643728951361194,,,0.003743879914599963,synthetic,12.0,fixed_0.1,0.003,,0.12099538890474978,5001,,feff,0.9527341011117931,test
0.3,polynomial,0.0035131359291755994,test-feff-polynomial-a0.3-noise0.003-k12-r1,0.3783653331858824,0.3004526305631724,0.004544639083849896,,,0.0036983984198904253,synthetic,12.0,fixed_1,0.003,,0.11951005652235693,5001,,feff,0.9531444270607531,test
0.3,polynomial,0.003544310469984487,test-feff-polynomial-a0.3-noise0.003-k12-r1,0.3813656499654327,0.3019653936824755,0.004567521101503413,,,0.0037511720103957646,synthetic,12.0,frozen_initial,0.003,,0.1212335523894941,5001,,feff,0.9526690523547983,test
0.3,polynomial,,test-feff-polynomial-a0.3-noise0.003-k12-r1,0.3482730549910813,0.2854691100548131,0.004317998721978815,,,0.0035135450749686006,synthetic,12.0,rexafs_direct,0.003,,0.11997161222561466,5001,,feff,0.9493473823680879,test
0.3,polynomial,0.0033481572916060627,test-feff-polynomial-a0.3-noise0.003-k12-r2,0.3917009834509274,0.28811426580640453,0.0043580092826752525,,,0.0039206623222451335,synthetic,12.0,larch_dynamic,0.003,,0.12904633615249375,5002,,feff,0.9643260307999951,test
0.3,polynomial,0.0033482802379560354,test-feff-polynomial-a0.3-noise0.003-k12-r2,0.39171666932668303,0.28812079490731746,0.0043581080416947235,,,0.003920906683062105,synthetic,12.0,fixed_0,0.003,,0.12905363265908942,5002,,feff,0.9643239925867574,test
0.3,polynomial,0.003348279992952079,test-feff-polynomial-a0.3-noise0.003-k12-r2,0.39171663805299306,0.28812078189507656,0.004358107844871888,,,0.003920906196036999,synthetic,12.0,fixed_1e-06,0.003,,0.12905361811127752,5002,,feff,0.9643239966495337,test
0.3,polynomial,0.0033482777879422477,test-feff-polynomial-a0.3-noise0.003-k12-r2,0.3917163565913621,0.28812066478631265,0.0043581060734876114,,,0.003920901812833992,synthetic,12.0,fixed_1e-05,0.003,,0.12905348718172308,5002,,feff,0.9643240332141313,test
0.3,polynomial,0.003348255738938992,test-feff-polynomial-a0.3-noise0.003-k12-r2,0.3917135421355786,0.2881194937589374,0.004358088360556399,,,0.003920857983247572,synthetic,12.0,fixed_0.0001,0.003,,0.12905217796032362,5002,,feff,0.9643243988432856,test
0.3,polynomial,0.0033480353582307745,test-feff-polynomial-a0.3-noise0.003-k12-r2,0.3916854136241208,0.2881077895051393,0.004357911322301954,,,0.0039204199315757,synthetic,12.0,fixed_0.001,0.003,,0.1290390931561839,5002,,feff,0.9643280534586295,test
0.3,polynomial,0.0033458424296780066,test-feff-polynomial-a0.3-noise0.003-k12-r2,0.39140572452640027,0.28799134589826597,0.004356149999174681,,,0.003916063706277809,synthetic,12.0,fixed_0.01,0.003,,0.12890898218402608,5002,,feff,0.9643644327712714,test
0.3,polynomial,0.003324949830017273,test-feff-polynomial-a0.3-noise0.003-k12-r2,0.3887602599977675,0.2868838989026894,0.0043393987832177575,,,0.0038748095058953546,synthetic,12.0,fixed_0.1,0.003,,0.12767785961552752,5002,,feff,0.9647122816530018,test
0.3,polynomial,0.003185338772365646,test-feff-polynomial-a0.3-noise0.003-k12-r2,0.3720804141039877,0.2795775219927531,0.004228882706177608,,,0.0036127433027487083,synthetic,12.0,fixed_1,0.003,,0.11990706452960062,5002,,feff,0.9671015464680656,test
0.3,polynomial,0.0033474117027237605,test-feff-polynomial-a0.3-noise0.003-k12-r2,0.39160583335137034,0.2880746697357454,0.004357410353486493,,,0.003919180553847786,synthetic,12.0,frozen_initial,0.003,,0.1290020735165034,5002,,feff,0.9643383970043714,test
0.3,polynomial,,test-feff-polynomial-a0.3-noise0.003-k12-r2,0.3471516817478212,0.2671485791504852,0.004040882823114409,,,0.0034872023585739995,synthetic,12.0,rexafs_direct,0.003,,0.12711630099793203,5002,,feff,0.9626859427789596,test
1.0,polynomial,0.01422316365098614,test-feff-polynomial-a1-noise0-k10-r0,0.2714968025795838,0.26483155181832635,0.014771825653743452,,,0.01545744359444774,synthetic,10.0,larch_dynamic,0.0,,0.11922718882924221,5000,,feff,0.9349076587840479,test
1.0,polynomial,0.014224748629561721,test-feff-polynomial-a1-noise0-k10-r0,0.2715730697189513,0.26486192822856225,0.014773519995044218,,,0.015461832507730072,synthetic,10.0,fixed_0,0.0,,0.11925876733207189,5000,,feff,0.9348992717647955,test
1.0,polynomial,0.014224745354604855,test-feff-polynomial-a1-noise0-k10-r0,0.27157291100933995,0.2648618654452802,0.014773516493106138,,,0.015461823365208138,synthetic,10.0,fixed_1e-06,0.0,,0.11925870169027761,5000,,feff,0.9348992890946602,test
1.0,polynomial,0.014224715880245261,test-feff-polynomial-a1-noise0-k10-r0,0.2715714826338072,0.26486130040057343,0.014773484975932909,,,0.015461741083140017,synthetic,10.0,fixed_1e-05,0.0,,0.11925811091864405,5000,,feff,0.9348994450622237,test
1.0,polynomial,0.0142244211607334,test-feff-polynomial-a1-noise0-k10-r0,0.2715571999487283,0.2648556504150343,0.014773169829943856,,,0.015460918323561008,synthetic,10.0,fixed_0.0001,0.0,,0.11925220364434579,5000,,feff,0.9349010046224376,test
1.0,polynomial,0.014221476372334766,test-feff-polynomial-a1-noise0-k10-r0,0.27141448005807917,0.26479919668029717,0.014770020942580118,,,0.015452696834662261,synthetic,10.0,fixed_0.001,0.0,,0.11919317507643144,5000,,feff,0.934916588688792,test
1.0,polynomial,0.014192267257369882,test-feff-polynomial-a1-noise0-k10-r0,0.269997897499039,0.26423923496822915,0.014738787289616011,,,0.015371088095002068,synthetic,10.0,fixed_0.01,0.0,,0.1186072739932121,5000,,feff,0.935071284341754,test
1.0,polynomial,0.013922287027841478,test-feff-polynomial-a1-noise0-k10-r0,0.2568196152968659,0.2590633712251332,0.01445008695804451,,,0.014611393874293725,synthetic,10.0,fixed_0.1,0.0,,0.11315611261438319,5000,,feff,0.9365117140791513,test
1.0,polynomial,0.012445392080159988,test-feff-polynomial-a1-noise0-k10-r0,0.18144762976359366,0.23075094339059277,0.012870870867912897,,,0.010240321253537498,synthetic,10.0,fixed_1,0.0,,0.08193775189189942,5000,,feff,0.9448220246440632,test
1.0,polynomial,0.013936992812541517,test-feff-polynomial-a1-noise0-k10-r0,0.2575414920572044,0.2593453049420487,0.014465812711579512,,,0.014653032813705107,synthetic,10.0,frozen_initial,0.0,,0.11345474554370504,5000,,feff,0.9364327453966291,test
1.0,polynomial,,test-feff-polynomial-a1-noise0-k10-r0,0.16148898659733416,0.22590658873857672,0.012600661514710256,,,0.009047675785147015,synthetic,10.0,rexafs_direct,0.0,,0.07426171773470308,5000,,feff,0.9441029115885156,test
1.0,polynomial,0.011387941872193282,test-feff-polynomial-a1-noise0-k12-r0,0.1814930773859733,0.23214250241890624,0.01170460589786558,,,0.007440920540653629,synthetic,12.0,larch_dynamic,0.0,,0.0816163892678715,5000,,feff,0.9541523865773411,test
1.0,polynomial,0.01138817927251899,test-feff-polynomial-a1-noise0-k12-r0,0.18151019870552268,0.23214745050084856,0.011704855379750549,,,0.007441674449124755,synthetic,12.0,fixed_0,0.0,,0.08162331718603939,5000,,feff,0.9541512069127388,test
1.0,polynomial,0.011388178800852359,test-feff-polynomial-a1-noise0-k12-r0,0.18151016462575895,0.23214744066956827,0.011704854884058206,,,0.0074416729488906725,synthetic,12.0,fixed_1e-06,0.0,,0.08162330339582775,5000,,feff,0.9541512092574066,test
1.0,polynomial,0.011388174555883396,test-feff-polynomial-a1-noise0-k12-r0,0.18150985790940175,0.23214735218868537,0.011704850422859358,,,0.007441659446849924,synthetic,12.0,fixed_1e-05,0.0,,0.08162317928454113,5000,,feff,0.954151230359279,test
1.0,polynomial,0.011388132108221701,test-feff-polynomial-a1-noise0-k12-r0,0.18150679088845703,0.23214646742219128,0.011704805813005424,,,0.007441524432654321,synthetic,12.0,fixed_0.0001,0.0,,0.0816219382294193,5000,,feff,0.954151441368347,test
1.0,polynomial,0.011387707834620262,test-feff-polynomial-a1-noise0-k12-r0,0.18147613494554743,0.2321376239951716,0.011704359928141716,,,0.007440174912032707,synthetic,12.0,fixed_0.001,0.0,,0.08160953345474214,5000,,feff,0.9541535504941032,test
1.0,polynomial,0.011383485302658978,test-feff-polynomial-a1-noise0-k12-r0,0.18117099550513913,0.23204961147965972,0.011699922344341196,,,0.007426741550533205,synthetic,12.0,fixed_0.01,0.0,,0.08148606066190262,5000,,feff,0.954174545703895,test
1.0,polynomial,0.01134318738395202,test-feff-polynomial-a1-noise0-k12-r0,0.1782552585784182,0.23120971831701714,0.011657575000090967,,,0.007298318152108011,synthetic,12.0,fixed_0.1,0.0,,0.08030625750395726,5000,,feff,0.9543753189379857,test
1.0,polynomial,0.011070164309147245,test-feff-polynomial-a1-noise0-k12-r0,0.15834024089790125,0.22552240409808041,0.011370821084472967,,,0.006417829497853614,synthetic,12.0,fixed_1,0.0,,0.07224875081293973,5000,,feff,0.9557560009258493,test
1.0,polynomial,0.011326016695405694,test-feff-polynomial-a1-noise0-k12-r0,0.1770109037592889,0.23085187769447715,0.011639532705304639,,,0.007243475785424812,synthetic,12.0,frozen_initial,0.0,,0.07980276694247998,5000,,feff,0.9544610920662788,test
1.0,polynomial,,test-feff-polynomial-a1-noise0-k12-r0,0.1649739475514423,0.22307456500805506,0.011247401238681716,,,0.006764942436335676,synthetic,12.0,rexafs_direct,0.0,,0.0747002545912022,5000,,feff,0.9539399098886552,test
1.0,polynomial,0.014228809875478851,test-feff-polynomial-a1-noise0.0003-k10-r0,0.26950279052413123,0.26457501714228543,0.014757516612835765,,,0.015330283166490204,synthetic,10.0,larch_dynamic,0.0003,,0.11955448634514362,5000,,feff,0.9352583215968938,test
1.0,polynomial,0.014230372581492,test-feff-polynomial-a1-noise0.0003-k10-r0,0.26957795130950984,0.26460493524767836,0.01475918539072012,,,0.015334608680794354,synthetic,10.0,fixed_0,0.0003,,0.11958560204917512,5000,,feff,0.9352500516377869,test
1.0,polynomial,0.014230369353023548,test-feff-polynomial-a1-noise0.0003-k10-r0,0.2695777949327674,0.26460487342122685,0.014759181942152318,,,0.015334599672087794,synthetic,10.0,fixed_1e-06,0.0003,,0.11958553738000212,5000,,feff,0.935250068723382,test
1.0,polynomial,0.014230340297054632,test-feff-polynomial-a1-noise0.0003-k10-r0,0.2695763875528452,0.2646043169878982,0.01475915090530621,,,0.015334518594344268,synthetic,10.0,fixed_1e-05,0.0003,,0.11958495536189272,5000,,feff,0.9352502224925355,test
1.0,polynomial,0.014230049761067187,test-feff-polynomial-a1-noise0.0003-k10-r0,0.26956231480859727,0.2645987531085743,0.014758840562166323,,,0.015333707877147698,synthetic,10.0,fixed_0.0001,0.0003,,0.11957913561643997,5000,,feff,0.9352517600703331,test
1.0,polynomial,0.014227146770478255,test-feff-polynomial-a1-noise0.0003-k10-r0,0.2694216927929359,0.26454315969459347,0.014755739661940569,,,0.015325606725074022,synthetic,10.0,fixed_0.001,0.0003,,0.11952098169763278,5000,,feff,0.9352671244757631,test
1.0,polynomial,0.01419835191996926,test-feff-polynomial-a1-noise0.0003-k10-r0,0.26802593679700315,0.26399172762894074,0.014724981777248288,,,0.015245192719151108,synthetic,10.0,fixed_0.01,0.0003,,0.11894376364437859,5000,,feff,0.935419639725084,test
1.0,polynomial,0.013932171137416816,test-feff-polynomial-a1-noise0.0003-k10-r0,0.25504175416823494,0.25889435090542207,0.014440659309875058,,,0.014496642223279121,synthetic,10.0,fixed_0.1,0.0003,,0.11357352372029113,5000,,feff,0.9368397731242551,test
1.0,polynomial,0.012474676735816394,test-feff-polynomial-a1-noise0.0003-k10-r0,0.18079683996687038,0.2309932397794039,0.012884385722874384,,,0.010190879749889246,synthetic,10.0,fixed_1,0.0003,,0.08282426603881002,5000,,feff,0.9450333697561045,test
1.0,polynomial,0.013947434345426031,test-feff-polynomial-a1-noise0.0003-k10-r0,0.2557903894338183,0.259186636815942,0.01445696249007244,,,0.014539827087388624,synthetic,10.0,frozen_initial,0.0003,,0.11388319041629781,5000,,feff,0.9367578220900373,test
1.0,polynomial,,test-feff-polynomial-a1-noise0.0003-k10-r0,0.16131887881019696,0.22626970241701083,0.012620915339881352,,,0.009028609576326146,synthetic,10.0,rexafs_direct,0.0003,,0.07519658896687018,5000,,feff,0.9443196110403411,test
1.0,polynomial,0.01424747001279109,test-feff-polynomial-a1-noise0.0003-k10-r1,0.272168316194393,0.2652277167351981,0.014793923017301456,,,0.01550410656212411,synthetic,10.0,larch_dynamic,0.0003,,0.11845387587423176,5001,,feff,0.934792550968189,test
1.0,polynomial,0.014249079749089934,test-feff-polynomial-a1-noise0.0003-k10-r1,0.2722455380628227,0.2652584973743376,0.014795639905760395,,,0.015508551562314584,synthetic,10.0,fixed_0,0.0003,,0.11848584119808128,5001,,feff,0.9347840566956943,test
1.0,polynomial,0.014249076422930294,test-feff-polynomial-a1-noise0.0003-k10-r1,0.272245377353069,0.26525843375507796,0.014795636357192997,,,0.015508542302233027,synthetic,10.0,fixed_1e-06,0.0003,,0.11848577474793343,5001,,feff,0.934784074247197,test
1.0,polynomial,0.014249046487748988,test-feff-polynomial-a1-noise0.0003-k10-r1,0.27224393097637534,0.26525786118662775,0.014795604420358944,,,0.015508458962134073,synthetic,10.0,fixed_1e-05,0.0003,,0.1184851767011772,5001,,feff,0.9347842322094759,test
1.0,polynomial,0.014248747160392686,test-feff-polynomial-a1-noise0.0003-k10-r1,0.27222946829352196,0.2652521359701366,0.01479528507812326,,,0.015507625623034172,synthetic,10.0,fixed_0.0001,0.0003,,0.11847919668135289,5001,,feff,0.93478581171539,test
1.0,polynomial,0.01424575633125545,test-feff-polynomial-a1-noise0.0003-k10-r1,0.272084949804906,0.2651949305825471,0.01479209426492096,,,0.015499298417359064,synthetic,10.0,fixed_0.001,0.0003,,0.11841944122794135,5001,,feff,0.9348015950905018,test
1.0,polynomial,0.01421609055048328,test-feff-polynomial-a1-noise0.0003-k10-r1,0.2706505182276453,0.26462751748548563,0.014760444987159707,,,0.015416640295553376,synthetic,10.0,fixed_0.01,0.0003,,0.11782632784421378,5001,,feff,0.9349582691153632,test
1.0,polynomial,0.013941890755207631,test-feff-polynomial-a1-noise0.0003-k10-r1,0.2573064870563828,0.25938316651166077,0.014467924561551491,,,0.01464717656007865,synthetic,10.0,fixed_0.1,0.0003,,0.11230830346546576,5001,,feff,0.9364171134880898,test
1.0,polynomial,0.012442148855835623,test-feff-polynomial-a1-noise0.0003-k10-r1,0.18100481179885755,0.23071501456136567,0.012868866822708911,,,0.010219825091701338,synthetic,10.0,fixed_1,0.0003,,0.08072102537684459,5001,,feff,0.9448332505696238,test
1.0,polynomial,0.01395478362111729,test-feff-polynomial-a1-noise0.0003-k10-r1,0.2579374894521391,0.2596297452049833,0.014481678275724441,,,0.01468358484737331,synthetic,10.0,frozen_initial,0.0003,,0.11256925748540841,5001,,feff,0.936348070178861,test
1.0,polynomial,,test-feff-polynomial-a1-noise0.0003-k10-r1,0.15987481072243462,0.2255622494153132,0.012581454889162609,,,0.008959049651226968,synthetic,10.0,rexafs_direct,0.0003,,0.07259319801130576,5001,,feff,0.9441561584802681,test
1.0,polynomial,0.014223563648029597,test-feff-polynomial-a1-noise0.0003-k10-r2,0.2728440145557198,0.2645913718624358,0.014758428849587833,,,0.01554678752714098,synthetic,10.0,larch_dynamic,0.0003,,0.1188893015323801,5002,,feff,0.9351228956885903,test
1.0,polynomial,0.014225167233605611,test-feff-polynomial-a1-noise0.0003-k10-r2,0.27292110558822236,0.26462210947333387,0.01476014333800918,,,0.015551224666685569,synthetic,10.0,fixed_0,0.0003,,0.11892123683899702,5002,,feff,0.9351144174598467,test
1.0,polynomial,0.01422516392007951,test-feff-polynomial-a1-noise0.0003-k10-r2,0.2729209451546816,0.26462204594103084,0.01476013979429206,,,0.015551215423238854,synthetic,10.0,fixed_1e-06,0.0003,,0.11892117045334032,5002,,feff,0.9351144349786024,test
1.0,polynomial,0.014225134098599417,test-feff-polynomial-a1-noise0.0003-k10-r2,0.27291950126380216,0.2646214741551843,0.014760107901110228,,,0.015551132232846508,synthetic,10.0,fixed_1e-05,0.0003,,0.11892057298696262,5002,,feff,0.9351145926461658,test
1.0,polynomial,0.01422483590818724,test-feff-polynomial-a1-noise0.0003-k10-r2,0.27290506343714105,0.26461575676415894,0.014759788995364896,,,0.015550300390704283,synthetic,10.0,fixed_0.0001,0.0003,,0.11891459877020233,5002,,feff,0.9351161692051069,test
1.0,polynomial,0.014221856441031388,test-feff-polynomial-a1-noise0.0003-k10-r2,0.2727607933083563,0.2645586295618386,0.014756602543195703,,,0.015541988143223783,synthetic,10.0,fixed_0.001,0.0003,,0.11885490127198525,5002,,feff,0.9351319231320162,test
1.0,polynomial,0.014192303538779618,test-feff-polynomial-a1-noise0.0003-k10-r2,0.27132882526502994,0.2639919914313539,0.014724996491670445,,,0.015459478473372082,synthetic,10.0,fixed_0.01,0.0003,,0.118262359954454,5002,,feff,0.935288304813623,test
1.0,polynomial,0.013919163078252927,test-feff-polynomial-a1-noise0.0003-k10-r2,0.25800756255579194,0.2587547559633677,0.014432872956126748,,,0.014691394142298576,synthetic,10.0,fixed_0.1,0.0003,,0.11274936414268455,5002,,feff,0.9367444247344832,test
1.0,polynomial,0.012425856465895231,test-feff-polynomial-a1-noise0.0003-k10-r2,0.18182689511724193,0.23012400206178982,0.012835901212897785,,,0.010271831601270112,synthetic,10.0,fixed_1,0.0003,,0.08117514817415432,5002,,feff,0.9451447002702626,test
1.0,polynomial,0.01393235130169065,test-feff-polynomial-a1-noise0.0003-k10-r2,0.25865445333689924,0.2590076332285353,0.014446977993261499,,,0.014728715639480706,synthetic,10.0,frozen_initial,0.0003,,0.11301711207488177,5002,,feff,0.936673655297685,test
1.0,polynomial,,test-feff-polynomial-a1-noise0.0003-k10-r2,0.16069568438799264,0.22499535520181357,0.01254983455378929,,,0.009009774088534808,synthetic,10.0,rexafs_direct,0.0003,,0.07305011014072078,5002,,feff,0.9445183568404234,test
1.0,polynomial,0.011393911582962804,test-feff-polynomial-a1-noise0.0003-k12-r0,0.18175980710261863,0.23207668369108053,0.011701287323016632,,,0.007456479375837337,synthetic,12.0,larch_dynamic,0.0003,,0.08159518773876166,5000,,feff,0.9545409896359658,test
1.0,polynomial,0.011394147710641614,test-feff-polynomial-a1-noise0.0003-k12-r0,0.1817767930186156,0.23208160335254657,0.011701535371943524,,,0.007457227497466228,synthetic,12.0,fixed_0,0.0003,,0.08160206029492369,5000,,feff,0.9545398174518097,test
1.0,polynomial,0.011394147241483642,test-feff-polynomial-a1-noise0.0003-k12-r0,0.18177675920476505,0.2320815935772999,0.011701534879076388,,,0.007457226008599955,synthetic,12.0,fixed_1e-06,0.0003,,0.08160204661344901,5000,,feff,0.9545398197817356,test
1.0,polynomial,0.011394143019100569,test-feff-polynomial-a1-noise0.0003-k12-r0,0.18177645488148278,0.2320815056008768,0.011701530443312366,,,0.007457212608860176,synthetic,12.0,fixed_1e-05,0.0003,,0.08160192348075293,5000,,feff,0.9545398407508958,test
1.0,polynomial,0.01139410079727925,test-feff-polynomial-a1-noise0.0003-k12-r0,0.18177341179032197,0.2320806258785826,0.011701486087786574,,,0.00745707861763577,synthetic,12.0,fixed_0.0001,0.0003,,0.08160069221113074,5000,,feff,0.9545400504329468,test
1.0,polynomial,0.011393678780842733,test-feff-polynomial-a1-noise0.0003-k12-r0,0.18174299503873456,0.23207183286636657,0.011701042744833124,,,0.007455739322273551,synthetic,12.0,fixed_0.001,0.0003,,0.08158838524770239,5000,,feff,0.9545421462949382,test
1.0,polynomial,0.01138947869718175,test-feff-polynomial-a1-noise0.0003-k12-r0,0.18144023692646877,0.23198432179061573,0.011696630443584155,,,0.007442407771325859,synthetic,12.0,fixed_0.01,0.0003,,0.08146588621819077,5000,,feff,0.9545630095083703,test
1.0,polynomial,0.011349393525164378,test-feff-polynomial-a1-noise0.0003-k12-r0,0.1785473004275443,0.23114918520340552,0.0116545229254764,,,0.0073149601797175895,synthetic,12.0,fixed_0.1,0.0003,,0.08029540453002006,5000,,feff,0.9547625240654676,test
1.0,polynomial,0.011077722636942537,test-feff-polynomial-a1-noise0.0003-k12-r0,0.15879041872626654,0.22549233572060437,0.011369305039351206,,,0.006441309582940237,synthetic,12.0,fixed_1,0.0003,,0.07230240287030293,5000,,feff,0.9561348059961835,test
1.0,polynomial,0.011332699325127663,test-feff-polynomial-a1-noise0.0003-k12-r0,0.17734066380986144,0.23080141007004112,0.01163698813182727,,,0.007261768812830346,synthetic,12.0,frozen_initial,0.0003,,0.07980721439056047,5000,,feff,0.954845830428952,test
1.0,polynomial,,test-feff-polynomial-a1-noise0.0003-k12-r0,0.16550488716400677,0.22306120123108164,0.011246727438144758,,,0.0067939339440263626,synthetic,12.0,rexafs_direct,0.0003,,0.074786146824619,5000,,feff,0.9543555676395713,test
1.0,polynomial,0.011394764138203103,test-feff-polynomial-a1-noise0.0003-k12-r1,0.18131572325844353,0.2322478970985664,0.011709919888954241,,,0.007440769586412009,synthetic,12.0,larch_dynamic,0.0003,,0.08141204543182853,5001,,feff,0.954107764958615,test
1.0,polynomial,0.011394997287090288,test-feff-polynomial-a1-noise0.0003-k12-r1,0.18133245849198176,0.23225273719431336,0.011710163926184116,,,0.007441506991834961,synthetic,12.0,fixed_0,0.0003,,0.0814188280549726,5001,,feff,0.9541066102679877,test
1.0,polynomial,0.01139499682384575,test-feff-polynomial-a1-noise0.0003-k12-r1,0.18133242518135664,0.23225272757725154,0.011710163441292649,,,0.007441505524444573,synthetic,12.0,fixed_1e-06,0.0003,,0.08141881455414132,5001,,feff,0.9541066125630729,test
1.0,polynomial,0.011394992654692333,test-feff-polynomial-a1-noise0.0003-k12-r1,0.18133212538706733,0.23225264102467322,0.01171015907731876,,,0.007441492317985479,synthetic,12.0,fixed_1e-05,0.0003,,0.08141869304721962,5001,,feff,0.954106633218617,test
1.0,polynomial,0.011394950965141593,test-feff-polynomial-a1-noise0.0003-k12-r1,0.18132912758369626,0.2322517755401515,0.011710115439660286,,,0.0074413602594763685,synthetic,12.0,fixed_0.0001,0.0003,,0.08141747803454637,5001,,feff,0.9541068397646467,test
1.0,polynomial,0.011394534268764325,test-feff-polynomial-a1-noise0.0003-k12-r1,0.18129916349980674,0.23224312483716936,0.011709679271926718,,,0.007440040282307503,synthetic,12.0,fixed_0.001,0.0003,,0.08140533356147402,5001,,feff,0.9541089042803155,test
1.0,polynomial,0.01139038712285862,test-feff-polynomial-a1-noise0.0003-k12-r1,0.1810009111371335,0.23215703004797233,0.011705338379729422,,,0.007426901021176476,synthetic,12.0,fixed_0.01,0.0003,,0.0812844515589748,5001,,feff,0.9541294554104894,test
1.0,polynomial,0.011350806318533727,test-feff-polynomial-a1-noise0.0003-k12-r1,0.17815103247905675,0.23133540777863135,0.011663912252418222,,,0.007301291066746883,synthetic,12.0,fixed_0.1,0.0003,,0.08012938858495366,5001,,feff,0.9543259810080951,test
1.0,polynomial,0.011082525191086195,test-feff-polynomial-a1-noise0.0003-k12-r1,0.1586883231746575,0.22577033622347265,0.011383321801863787,,,0.0064401891091170225,synthetic,12.0,fixed_1,0.0003,,0.07223989219055975,5001,,feff,0.9556773822749488,test
1.0,polynomial,0.011334106282659146,test-feff-polynomial-a1-noise0.0003-k12-r1,0.17694681518332306,0.23098878847746943,0.011646435735733773,,,0.00724818070026709,synthetic,12.0,frozen_initial,0.0003,,0.07964131245194714,5001,,feff,0.9544091100082288,test
1.0,polynomial,,test-feff-polynomial-a1-noise0.0003-k12-r1,0.1649546354416092,0.2231891321884057,0.011253177706501532,,,0.006773085071078266,synthetic,12.0,rexafs_direct,0.0003,,0.07461598054298789,5001,,feff,0.9538256619291594,test
1.0,polynomial,0.01137778962319313,test-feff-polynomial-a1-noise0.0003-k12-r2,0.18248629662205648,0.23173206995177492,0.011683911926596192,,,0.007467734708902827,synthetic,12.0,larch_dynamic,0.0003,,0.08152785477238451,5002,,feff,0.9544575223016202,test
1.0,polynomial,0.01137803229865349,test-feff-polynomial-a1-noise0.0003-k12-r2,0.18250377290985476,0.23173712767406726,0.0116841669365386,,,0.007468504627624645,synthetic,12.0,fixed_0,0.0003,,0.08153493463493831,5002,,feff,0.9544563167474474,test
1.0,polynomial,0.01137803181655058,test-feff-polynomial-a1-noise0.0003-k12-r2,0.18250373812600443,0.23173711762582005,0.0116841664299068,,,0.0074685030956554745,synthetic,12.0,fixed_1e-06,0.0003,,0.08153492054327971,5002,,feff,0.9544563191433708,test
1.0,polynomial,0.011378027477659723,test-feff-polynomial-a1-noise0.0003-k12-r2,0.1825034250728432,0.23173702719232883,0.011684161870257602,,,0.0074684893079956325,synthetic,12.0,fixed_1e-05,0.0003,,0.08153479371897261,5002,,feff,0.9544563407065154,test
1.0,polynomial,0.011377984090818303,test-feff-polynomial-a1-noise0.0003-k12-r2,0.1825002946870091,0.23173612290056853,0.011684116275941351,,,0.007468351437748991,synthetic,12.0,fixed_0.0001,0.0003,,0.08153352553496193,5002,,feff,0.954456556328142,test
1.0,polynomial,0.011377550430146507,test-feff-polynomial-a1-noise0.0003-k12-r2,0.1824690054006712,0.23172708431958425,0.011683660551430783,,,0.007466973369982291,synthetic,12.0,fixed_0.001,0.0003,,0.08152084959980471,5002,,feff,0.9544587115582299,test
1.0,polynomial,0.01137323449727548,test-feff-polynomial-a1-noise0.0003-k12-r2,0.18215756294268012,0.23163713007318143,0.011679125065718287,,,0.007453255868093462,synthetic,12.0,fixed_0.01,0.0003,,0.08139467798834295,5002,,feff,0.9544801656994396,test
1.0,polynomial,0.011332047320030512,test-feff-polynomial-a1-noise0.0003-k12-r2,0.17918169940811832,0.23077875378792856,0.01163584580394472,,,0.007322118213659634,synthetic,12.0,fixed_0.1,0.0003,,0.08018910781929549,5002,,feff,0.9546853264243305,test
1.0,polynomial,0.011053114571185945,test-feff-polynomial-a1-noise0.0003-k12-r2,0.15886190657501068,0.22496879662303837,0.01134290824106876,,,0.006423141381020751,synthetic,12.0,fixed_1,0.0003,,0.07195690925957779,5002,,feff,0.9560960958571693,test
1.0,polynomial,0.011313963269831343,test-feff-polynomial-a1-noise0.0003-k12-r2,0.17787295889457413,0.23040190260280322,0.01161684499815485,,,0.007264407410876776,synthetic,12.0,frozen_initial,0.0003,,0.07965892141629395,5002,,feff,0.9547756508099198,test
1.0,polynomial,,test-feff-polynomial-a1-noise0.0003-k12-r2,0.1647880089552563,0.22243798222532335,0.011215304787081501,,,0.0067414640857530895,synthetic,12.0,rexafs_direct,0.0003,,0.07419550782350488,5002,,feff,0.9542855021902978,test
1.0,polynomial,0.014289458856261341,test-feff-polynomial-a1-noise0.003-k10-r0,0.26042784072851194,0.266439500421397,0.014861514122740662,,,0.014533444257745887,synthetic,10.0,larch_dynamic,0.003,,0.1243567478745667,5000,,feff,0.9384142855671525,test
1.0,polynomial,0.014290820109224254,test-feff-polynomial-a1-noise0.003-k10-r0,0.2604908235867309,0.26646492517013126,0.014862932269305953,,,0.014537108872472374,synthetic,10.0,fixed_0,0.003,,0.12438331779279004,5000,,feff,0.9384070704946583,test
1.0,polynomial,0.01429081730066242,test-feff-polynomial-a1-noise0.003-k10-r0,0.2604906927615787,0.26646487270296026,0.014862929342781916,,,0.014537101252482637,synthetic,10.0,fixed_1e-06,0.003,,0.12438326264908957,5000,,feff,0.9384070853818279,test
1.0,polynomial,0.014290792023809545,test-feff-polynomial-a1-noise0.003-k10-r0,0.26048951534440346,0.2664644005022611,0.014862903004279749,,,0.014537032673102846,synthetic,10.0,fixed_1e-05,0.003,,0.12438276635959485,5000,,feff,0.9384072193653401,test
1.0,polynomial,0.014290539275655595,test-feff-polynomial-a1-noise0.003-k10-r0,0.26047774207914975,0.26645967887898653,0.014862639640661118,,,0.014536346931327802,synthetic,10.0,fixed_0.0001,0.003,,0.12437780384033996,5000,,feff,0.9384085591013615,test
1.0,polynomial,0.014288013829771629,test-feff-polynomial-a1-noise0.003-k10-r0,0.26036010001840815,0.2664125009832141,0.014860008142841934,,,0.014529494712715692,synthetic,10.0,fixed_0.001,0.003,,0.12432821619281581,5000,,feff,0.9384219465584742,test
1.0,polynomial,0.014262961333763044,test-feff-polynomial-a1-noise0.003-k10-r0,0.25919267046101324,0.2659445253876929,0.014833905309324621,,,0.014461488551676647,synthetic,10.0,fixed_0.01,0.003,,0.12383606608604439,5000,,feff,0.9385548381750296,test
1.0,polynomial,0.01403114551066795,test-feff-polynomial-a1-noise0.003-k10-r0,0.2483541323334745,0.2616169642514525,0.014592521765062068,,,0.013829413549704107,synthetic,10.0,fixed_0.1,0.003,,0.11926104107936909,5000,,feff,0.9397923045301922,test
1.0,polynomial,0.01275123988358304,test-feff-polynomial-a1-noise0.003-k10-r0,0.1874127195545969,0.23783167751808365,0.013265821429179703,,,0.010242547075894294,synthetic,10.0,fixed_1,0.003,,0.09323241659527788,5000,,feff,0.9469354757644641,test
1.0,polynomial,0.014050162447983709,test-feff-polynomial-a1-noise0.003-k10-r0,0.24924572613156346,0.2619717846597337,0.014612313006602335,,,0.01388145875056874,synthetic,10.0,frozen_initial,0.003,,0.11963781094019593,5000,,feff,0.9396902443927433,test
1.0,polynomial,,test-feff-polynomial-a1-noise0.003-k10-r0,0.16968921171372223,0.23304305716212553,0.012998720834350634,,,0.009236079511953446,synthetic,10.0,rexafs_direct,0.003,,0.08621371285126861,5000,,feff,0.9462789905321067,test
1.0,polynomial,0.0144831604735124,test-feff-polynomial-a1-noise0.003-k10-r1,0.2867493818301787,0.273234645956401,0.015240535068114082,,,0.01619398902796666,synthetic,10.0,larch_dynamic,0.003,,0.11318637883228097,5001,,feff,0.9337565811747622,test
1.0,polynomial,0.01448499526569077,test-feff-polynomial-a1-noise0.003-k10-r1,0.28683261918524483,0.2732685219608851,0.015242424610461465,,,0.01619885589009851,synthetic,10.0,fixed_0,0.003,,0.11322126434390019,5001,,feff,0.9337471210737173,test
1.0,polynomial,0.014484991474213374,test-feff-polynomial-a1-noise0.003-k10-r1,0.28683244582702305,0.2732684519425934,0.015242420704967613,,,0.01619884574415897,synthetic,10.0,fixed_1e-06,0.003,,0.11322119178312776,5001,,feff,0.9337471406199531,test
1.0,polynomial,0.014484957351207679,test-feff-polynomial-a1-noise0.003-k10-r1,0.28683088561522063,0.27326782178341524,0.015242385555826778,,,0.016198754431401362,synthetic,10.0,fixed_1e-05,0.003,,0.11322053874123218,5001,,feff,0.9337473165347007,test
1.0,polynomial,0.014484616149027386,test-feff-polynomial-a1-noise0.003-k10-r1,0.2868152846989441,0.27326152071349197,0.015242034093526686,,,0.01619784137260184,synthetic,10.0,fixed_0.0001,0.003,,0.11321400882063248,5001,,feff,0.9337490755519333,test
1.0,polynomial,0.014481206913077924,test-feff-polynomial-a1-noise0.003-k10-r1,0.28665939563026815,0.27319856216651695,0.015238522379484521,,,0.016188717657867155,synthetic,10.0,fixed_0.001,0.003,,0.11314875941541354,5001,,feff,0.9337666527058798,test
1.0,polynomial,0.014447390944383274,test-feff-polynomial-a1-noise0.003-k10-r1,0.2851124244676662,0.27257415050515177,0.015203693824750312,,,0.01609816271548044,synthetic,10.0,fixed_0.01,0.003,,0.11250120827895607,5001,,feff,0.9339411320778304,test
1.0,polynomial,0.01413483344223396,test-feff-polynomial-a1-noise0.003-k10-r1,0.2707510659916269,0.266808986862502,0.014882123409103826,,,0.015256070986547824,synthetic,10.0,fixed_0.1,0.003,,0.10648542082428822,5001,,feff,0.9355657081685099,test
1.0,polynomial,0.01242721554379863,test-feff-polynomial-a1-noise0.003-k10-r1,0.1902128475502129,0.23556160735706816,0.01313920101552412,,,0.010458786131263815,synthetic,10.0,fixed_1,0.003,,0.07254322973205163,5001,,feff,0.9449342838996333,test
1.0,polynomial,0.014127541619366399,test-feff-polynomial-a1-noise0.003-k10-r1,0.27041464565772033,0.266674626884102,0.014874629052173398,,,0.015236311894211345,synthetic,10.0,frozen_initial,0.003,,0.10634440213228387,5001,,feff,0.9356038751465556,test
1.0,polynomial,,test-feff-polynomial-a1-noise0.003-k10-r1,0.15820327849375512,0.22681404911064545,0.012651278015319201,,,0.008596490336947126,synthetic,10.0,rexafs_direct,0.003,,0.06120861076655155,5001,,feff,0.9446626545421571,test
1.0,polynomial,0.014235618556721386,test-feff-polynomial-a1-noise0.003-k10-r2,0.2919117264897446,0.26684797498759716,0.014884298096306004,,,0.016626523211693434,synthetic,10.0,larch_dynamic,0.003,,0.11701959479655889,5002,,feff,0.9370600280894104,test
1.0,polynomial,0.014237389943644296,test-feff-polynomial-a1-noise0.003-k10-r2,0.2919942103926025,0.2668814333109329,0.014886164341153299,,,0.01663131311900883,synthetic,10.0,fixed_0,0.003,,0.11705440130426369,5002,,feff,0.9370507287152839,test
1.0,polynomial,0.014237386282317018,test-feff-polynomial-a1-noise0.003-k10-r2,0.2919940386378663,0.26688136413328906,0.014886160482549265,,,0.016631303135653995,synthetic,10.0,fixed_1e-06,0.003,,0.11705432892849439,5002,,feff,0.9370507479340511,test
1.0,polynomial,0.014237353330653906,test-feff-polynomial-a1-noise0.003-k10-r2,0.29199249285721396,0.26688074153985175,0.014886125755411785,,,0.016631213286145228,synthetic,10.0,fixed_1e-05,0.003,,0.11705367755154168,5002,,feff,0.9370509209016084,test
1.0,polynomial,0.014237023841151258,test-feff-polynomial-a1-noise0.003-k10-r2,0.29197703623285387,0.26687451612052765,0.014885778512765483,,,0.016630314858658735,synthetic,10.0,fixed_0.0001,0.003,,0.11704716427262613,5002,,feff,0.9370526504490931,test
1.0,polynomial,0.014233731657217922,test-feff-polynomial-a1-noise0.003-k10-r2,0.291822588128497,0.26681231339868017,0.014882308957283855,,,0.01662133733967802,synthetic,10.0,fixed_0.001,0.003,,0.11698208051143713,5002,,feff,0.9370699331210236,test
1.0,polynomial,0.014201078781575682,test-feff-polynomial-a1-noise0.003-k10-r2,0.2902898326387971,0.2661953924854692,0.014847898222952804,,,0.01653223270260686,synthetic,10.0,fixed_0.01,0.003,,0.11633610915697593,5002,,feff,0.9372414890604011,test
1.0,polynomial,0.013899455399888272,test-feff-polynomial-a1-noise0.003-k10-r2,0.27605264950906677,0.26049892580595024,0.01453015959983762,,,0.01570355871153124,synthetic,10.0,fixed_0.1,0.003,,0.11032903511536243,5002,,feff,0.9388388206324547,test
1.0,polynomial,0.012259019417707967,test-feff-polynomial-a1-noise0.003-k10-r2,0.1957717624156413,0.22961009831548362,0.01280723659007955,,,0.010977879853647418,synthetic,10.0,fixed_1,0.003,,0.07609899307969097,5002,,feff,0.9480487809060186,test
1.0,polynomial,0.013896694667226213,test-feff-polynomial-a1-noise0.003-k10-r2,0.2759216646430006,0.26044680567014494,0.01452725243279548,,,0.01569592571830043,synthetic,10.0,frozen_initial,0.003,,0.11027370758778862,5002,,feff,0.9388535503933373,test
1.0,polynomial,,test-feff-polynomial-a1-noise0.003-k10-r2,0.16229561820472743,0.22061717434574044,0.012305627532977679,,,0.009004761803918626,synthetic,10.0,rexafs_direct,0.003,,0.06389233784130958,5002,,feff,0.9482822320748607,test
1.0,polynomial,0.01145957218204604,test-feff-polynomial-a1-noise0.003-k12-r0,0.20501134738856316,0.23699466040093284,0.011949251304639565,,,0.008117482988767794,synthetic,12.0,larch_dynamic,0.003,,0.0872337790142469,5000,,feff,0.9580384175918156,test
1.0,polynomial,0.011459796560528392,test-feff-polynomial-a1-noise0.003-k12-r0,0.20502552345483896,0.23699921631086185,0.011949481013243845,,,0.008118134861185112,synthetic,12.0,fixed_0,0.003,,0.08723973200557418,5000,,feff,0.9580373123034465,test
1.0,polynomial,0.011459796114756086,test-feff-polynomial-a1-noise0.003-k12-r0,0.20502549520468855,0.2369992072588659,0.011949480556842954,,,0.008118133562665887,synthetic,12.0,fixed_1e-06,0.003,,0.08723972014217436,5000,,feff,0.958037314500659,test
1.0,polynomial,0.01145979210283621,test-feff-polynomial-a1-noise0.003-k12-r0,0.20502524095459904,0.23699912579152815,0.011949476449266477,,,0.008118121876049156,synthetic,12.0,fixed_1e-05,0.003,,0.08723961337209821,5000,,feff,0.958037334275447,test
1.0,polynomial,0.011459751985540669,test-feff-polynomial-a1-noise0.003-k12-r0,0.20502269857640096,0.2369983111569421,0.011949435375457583,,,0.008118005015407687,synthetic,12.0,fixed_0.0001,0.003,,0.0872385457222214,5000,,feff,0.9580375320143086,test
1.0,polynomial,0.011459351002957677,test-feff-polynomial-a1-noise0.003-k12-r0,0.20499728707269826,0.23699016869155298,0.011949024833021696,,,0.008116836962066436,synthetic,12.0,fixed_0.001,0.003,,0.08722787431421886,5000,,feff,0.9580395085023992,test
1.0,polynomial,0.011455360123037371,test-feff-polynomial-a1-noise0.003-k12-r0,0.20474439397504873,0.2369091302163628,0.011944938879761169,,,0.008105211474652804,synthetic,12.0,fixed_0.01,0.003,,0.08712166688880574,5000,,feff,0.9580591837486181,test
1.0,polynomial,0.01141725898558498,test-feff-polynomial-a1-noise0.003-k12-r0,0.20233205839455773,0.23613558574772947,0.011905936831211314,,,0.00799421289005459,synthetic,12.0,fixed_0.1,0.003,,0.08610795377836028,5000,,feff,0.9582473702127732,test
1.0,polynomial,0.011158275696532511,test-feff-polynomial-a1-noise0.003-k12-r0,0.1860766518854693,0.23088424059423693,0.011641164440051411,,,0.007240993004595644,synthetic,12.0,fixed_1,0.003,,0.07924353783576912,5000,,feff,0.9595440516291561,test
1.0,polynomial,0.011404315302596706,test-feff-polynomial-a1-noise0.003-k12-r0,0.2015134416493923,0.23587285352272824,0.011892689894014265,,,0.007956502702486738,synthetic,12.0,frozen_initial,0.003,,0.08576369831068248,5000,,feff,0.9583114446256591,test
1.0,polynomial,,test-feff-polynomial-a1-noise0.003-k12-r0,0.18694555547740851,0.22719845638222094,0.011455327502925725,,,0.007448583544915925,synthetic,12.0,rexafs_direct,0.003,,0.08175988991673341,5000,,feff,0.9580987850757917,test
1.0,polynomial,0.011473212798656469,test-feff-polynomial-a1-noise0.003-k12-r1,0.204608466007908,0.2394951865114845,0.012075327625676698,,,0.007985746598868736,synthetic,12.0,larch_dynamic,0.003,,0.0842088640651011,5001,,feff,0.9537061704750317,test
1.0,polynomial,0.011473405880255869,test-feff-polynomial-a1-noise0.003-k12-r1,0.20462015505390466,0.2394989596838667,0.012075517868718183,,,0.007986296338310047,synthetic,12.0,fixed_0,0.003,,0.08421403614077698,5001,,feff,0.9537052404652512,test
1.0,polynomial,0.011473405496495238,test-feff-polynomial-a1-noise0.003-k12-r1,0.20462013179040353,0.23949895218514008,0.012075517490633002,,,0.007986295244378626,synthetic,12.0,fixed_1e-06,0.003,,0.08421402584663269,5001,,feff,0.9537052423140059,test
1.0,polynomial,0.011473402042682273,test-feff-polynomial-a1-noise0.003-k12-r1,0.20461992241991142,0.2394988846972539,0.012075514087899326,,,0.007986285399040227,synthetic,12.0,fixed_1e-05,0.003,,0.08421393319979092,5001,,feff,0.9537052589526337,test
1.0,polynomial,0.011473367506183272,test-feff-polynomial-a1-noise0.003-k12-r1,0.20461782881616492,0.2394982098504708,0.012075480062179974,,,0.00798618695030191,synthetic,12.0,fixed_0.0001,0.003,,0.08421300677505442,5001,,feff,0.9537054253313111,test
1.0,polynomial,0.011473022304475887,test-feff-polynomial-a1-noise0.003-k12-r1,0.20459690289296925,0.23949146459573925,0.012075139966990635,,,0.00798520292730137,synthetic,12.0,fixed_0.001,0.003,,0.08420374689507172,5001,,feff,0.9537070883562219,test
1.0,polynomial,0.011469586538439958,test-feff-polynomial-a1-noise0.003-k12-r1,0.20438865022916095,0.23942433182763215,0.012071755138338669,,,0.007975408916218856,synthetic,12.0,fixed_0.01,0.003,,0.08411158277351523,5001,,feff,0.9537236427697882,test
1.0,polynomial,0.011436779902854657,test-feff-polynomial-a1-noise0.003-k12-r1,0.20240215767439385,0.23878351582673948,0.012039445248226602,,,0.007881882229615327,synthetic,12.0,fixed_0.1,0.003,,0.08323144626339232,5001,,feff,0.9538819396390243,test
1.0,polynomial,0.011213665135882704,test-feff-polynomial-a1-noise0.003-k12-r1,0.1890133402172915,0.23443571574075958,0.011820229525130496,,,0.007246220163924316,synthetic,12.0,fixed_1,0.003,,0.07724647958190335,5001,,feff,0.9549698144167964,test
1.0,polynomial,0.01142411469912554,test-feff-polynomial-a1-noise0.003-k12-r1,0.20163627858847888,0.2385362252389786,0.012026976877110445,,,0.007845773018619906,synthetic,12.0,frozen_initial,0.003,,0.08289162368847988,5001,,feff,0.9539431614321641,test
1.0,polynomial,,test-feff-polynomial-a1-noise0.003-k12-r1,0.18628799337199517,0.22947142845024154,0.01156993056783553,,,0.0073201292520591035,synthetic,12.0,rexafs_direct,0.003,,0.07848986448386425,5001,,feff,0.9527974609290217,test
1.0,polynomial,0.011295561209774591,test-feff-polynomial-a1-noise0.003-k12-r2,0.21354934159255862,0.2344095010167771,0.011818907780901243,,,0.00823880187467384,synthetic,12.0,larch_dynamic,0.003,,0.08597572618638308,5002,,feff,0.9572037443668668,test
1.0,polynomial,0.011295851388518675,test-feff-polynomial-a1-noise0.003-k12-r2,0.21356784788782385,0.23441538575513438,0.011819204488925695,,,0.008239656449061335,synthetic,12.0,fixed_0,0.003,,0.08598365893191266,5002,,feff,0.9572023052598181,test
1.0,polynomial,0.011295850812685427,test-feff-polynomial-a1-noise0.003-k12-r2,0.2135678110822459,0.2344153740761802,0.011819203900073785,,,0.008239654750161174,synthetic,12.0,fixed_1e-06,0.003,,0.0859836431549141,5002,,feff,0.95720230811702,test
1.0,polynomial,0.011295845630223962,test-feff-polynomial-a1-noise0.003-k12-r2,0.2135674798337461,0.23441526896635734,0.011819198600445153,,,0.008239639460137076,synthetic,12.0,fixed_1e-05,0.003,,0.08598350116264514,5002,,feff,0.9572023338316573,test
1.0,polynomial,0.011295793808112228,test-feff-polynomial-a1-noise0.003-k12-r2,0.21356416751088803,0.23441421791915112,0.011819145606731375,,,0.008239486567178718,synthetic,12.0,fixed_0.0001,0.003,,0.08598208130800539,5002,,feff,0.9572025909662755,test
1.0,polynomial,0.011295275837555236,test-feff-polynomial-a1-noise0.003-k12-r2,0.21353106050106083,0.23440371255450881,0.011818615927109286,,,0.008237958366235237,synthetic,12.0,fixed_0.001,0.003,,0.08596788956822335,5002,,feff,0.9572051611353296,test
1.0,polynomial,0.01129012106657144,test-feff-polynomial-a1-noise0.003-k12-r2,0.21320160447918915,0.23429916716418267,0.011813344757119064,,,0.00822274887661643,synthetic,12.0,fixed_0.01,0.003,,0.0858266496027355,5002,,feff,0.9572307456592859,test
1.0,polynomial,0.01124095125728998,test-feff-polynomial-a1-noise0.003-k12-r2,0.21006102444129224,0.23330217385227522,0.011763076436251104,,,0.008077578336679542,synthetic,12.0,fixed_0.1,0.003,,0.08447891513343359,5002,,feff,0.9574753938013792,test
1.0,polynomial,0.010909175280366319,test-feff-polynomial-a1-noise0.003-k12-r2,0.18902419704908432,0.22658659606600468,0.011424477556055886,,,0.007095457985636642,synthetic,12.0,fixed_1,0.003,,0.07537766935730424,5002,,feff,0.9591569502389866,test
1.0,polynomial,0.01121336851572418,test-feff-polynomial-a1-noise0.003-k12-r2,0.2083010206446251,0.23274307887884416,0.011734886913629004,,,0.00799607417541118,synthetic,12.0,frozen_initial,0.003,,0.08372253497049509,5002,,feff,0.9576131205515707,test
1.0,polynomial,,test-feff-polynomial-a1-noise0.003-k12-r2,0.1821516254223267,0.22158843743836718,0.01117247080872641,,,0.006973430908812194,synthetic,12.0,rexafs_direct,0.003,,0.07555707372166016,5002,,feff,0.9574090199482957,test
0.3,bump,0.004507033329156765,test-feff-bump-a0.3-noise0-k10-r0,0.21617865891836627,0.27760871458278186,0.00464535381485414,,,0.0035634293922774977,synthetic,10.0,larch_dynamic,0.0,,0.12048703901558021,5000,,feff,0.9313901500656089,test
0.3,bump,0.0045072937605497715,test-feff-bump-a0.3-noise0-k10-r0,0.21622062971114722,0.2776250935922312,0.004645627892323731,,,0.003564159803595811,synthetic,10.0,fixed_0,0.0,,0.1205037699572026,5000,,feff,0.9313853493940037,test
0.3,bump,0.0045072932234479675,test-feff-bump-a0.3-noise0-k10-r0,0.2162205430522552,0.27762505981216545,0.004645627327066413,,,0.0035641582951033614,synthetic,10.0,fixed_1e-06,0.0,,0.12050373541617061,5000,,feff,0.93138535929524,test
0.3,bump,0.004507288389572686,test-feff-bump-a0.3-noise0-k10-r0,0.21621976312843244,0.2776247557941496,0.00464562223979366,,,0.003564144718778987,synthetic,10.0,fixed_1e-05,0.0,,0.12050342454937789,5000,,feff,0.9313854484056293,test
0.3,bump,0.004507240054628329,test-feff-bump-a0.3-noise0-k10-r0,0.21621196448729643,0.2776217158544729,0.004645571371090222,,,0.003564008965833035,synthetic,10.0,fixed_0.0001,0.0,,0.12050031612101444,5000,,feff,0.9313863394437131,test
0.3,bump,0.004506757085892156,test-feff-bump-a0.3-noise0-k10-r0,0.21613403777938603,0.27759134049557416,0.004645063086292499,,,0.0035626524664326997,synthetic,10.0,fixed_0.001,0.0,,0.12046925578932738,5000,,feff,0.9313952432417171,test
0.3,bump,0.004501965171989224,test-feff-bump-a0.3-noise0-k10-r0,0.21536069597893004,0.27728997187327464,0.004640020147055593,,,0.003549189704243934,synthetic,10.0,fixed_0.01,0.0,,0.1201610294334889,5000,,feff,0.9314836278286167,test
0.3,bump,0.004457547446865826,test-feff-bump-a0.3-noise0-k10-r0,0.2081779679024623,0.2744973156529946,0.004593289350992685,,,0.0034240670988786017,synthetic,10.0,fixed_0.1,0.0,,0.1172995404744491,5000,,feff,0.9323066848304928,test
0.3,bump,0.004208817212768454,test-feff-bump-a0.3-noise0-k10-r0,0.167590819761145,0.25889105445375743,0.004332142631926457,,,0.0027136982191306954,synthetic,10.0,fixed_1,0.0,,0.10115930137457729,5000,,feff,0.9370597565308912,test
0.3,bump,0.0045060584042876965,test-feff-bump-a0.3-noise0-k10-r0,0.21602130039137907,0.27754739860699507,0.004644327786537771,,,0.003560689974789049,synthetic,10.0,frozen_initial,0.0,,0.12042432097930506,5000,,feff,0.9314081252283122,test
0.3,bump,,test-feff-bump-a0.3-noise0-k10-r0,0.20794156605571215,0.2734705565119347,0.004576108119848601,,,0.003425799929907107,synthetic,10.0,rexafs_direct,0.0,,0.11732221670817365,5000,,feff,0.9304489909321597,test
0.3,bump,0.0035859919684422424,test-feff-bump-a0.3-noise0-k12-r0,0.17583373393118026,0.2432380385210909,0.0036792125749403677,,,0.002164574325103238,synthetic,12.0,larch_dynamic,0.0,,0.07900931636154718,5000,,feff,0.9533767495905862,test
0.3,bump,0.00358605704593866,test-feff-bump-a0.3-noise0-k12-r0,0.1758494071278082,0.24324255123644092,0.003679280834161515,,,0.002164782148713767,synthetic,12.0,fixed_0,0.0,,0.07901548365555017,5000,,feff,0.9533756664592711,test
0.3,bump,0.003586056916106361,test-feff-bump-a0.3-noise0-k12-r0,0.1758493758538628,0.24324254223335726,0.003679280697981094,,,0.002164781734074422,synthetic,12.0,fixed_1e-06,0.0,,0.07901547134916088,5000,,feff,0.9533756686203558,test
0.3,bump,0.0035860557476361877,test-feff-bump-a0.3-noise0-k12-r0,0.17584909439013185,0.24324246120703916,0.0036792794723790032,,,0.0021647780023440625,synthetic,12.0,fixed_1e-05,0.0,,0.07901536059239932,5000,,feff,0.9533756880697825,test
0.3,bump,0.0035860440634830552,test-feff-bump-a0.3-noise0-k12-r0,0.17584627988374243,0.24324165098196118,0.0036792672169344456,,,0.0021647406867556147,synthetic,12.0,fixed_0.0001,0.0,,0.07901425307680686,5000,,feff,0.9533758825552583,test
0.3,bump,0.003585927277530493,test-feff-bump-a0.3-noise0-k12-r0,0.17581814792490968,0.24323355259160861,0.003679144720881595,,,0.002164367702613043,synthetic,12.0,fixed_0.001,0.0,,0.07900318313089832,5000,,feff,0.9533778265211051,test
0.3,bump,0.0035847649500857135,test-feff-bump-a0.3-noise0-k12-r0,0.1755381327061637,0.24315295293378703,0.003677925572444138,,,0.0021606549552880285,synthetic,12.0,fixed_0.01,0.0,,0.07889300221939786,5000,,feff,0.9533971776877155,test
0.3,bump,0.0035736695050556967,test-feff-bump-a0.3-noise0-k12-r0,0.1728625878396643,0.24238361605885475,0.0036662886018377877,,,0.0021251610887464602,synthetic,12.0,fixed_0.1,0.0,,0.07784071318671103,5000,,feff,0.95358223260933,test
0.3,bump,0.003498350752807309,test-feff-bump-a0.3-noise0-k12-r0,0.15459424713676878,0.23716419477382092,0.0035873397641372124,,,0.0018818196829352418,synthetic,12.0,fixed_1,0.0,,0.07068147879188451,5000,,feff,0.954855062698691,test
0.3,bump,0.00358567512056197,test-feff-bump-a0.3-noise0-k12-r0,0.17575740537911727,0.24321606708998764,0.0036788802356150876,,,0.0021635623425005648,synthetic,12.0,frozen_initial,0.0,,0.07897928122560686,5000,,feff,0.9533820240360134,test
0.3,bump,,test-feff-bump-a0.3-noise0-k12-r0,0.17441286894184327,0.23832203494257964,0.0036048532259895156,,,0.0021575789058244574,synthetic,12.0,rexafs_direct,0.0,,0.07820456174402081,5000,,feff,0.9521994829824438,test
0.3,bump,0.004515453979553344,test-feff-bump-a0.3-noise0.0003-k10-r0,0.21277650138070975,0.27773539405605135,0.004647473600521894,,,0.0034775387578843183,synthetic,10.0,larch_dynamic,0.0003,,0.1232475771109065,5000,,feff,0.9325590215168615,test
0.3,bump,0.004515692782479272,test-feff-bump-a0.3-noise0.0003-k10-r0,0.21281426526465688,0.27775031146138174,0.00464772322030009,,,0.003478198305280568,synthetic,10.0,fixed_0,0.0003,,0.123262690946813,5000,,feff,0.932554615637278,test
0.3,bump,0.0045156922899810175,test-feff-bump-a0.3-noise0.0003-k10-r0,0.2128141872939013,0.2777502806957747,0.004647722705485091,,,0.003478196943169753,synthetic,10.0,fixed_1e-06,0.0003,,0.12326265974475377,5000,,feff,0.9325546247243124,test
0.3,bump,0.0045156878575488,test-feff-bump-a0.3-noise0.0003-k10-r0,0.2128134855628132,0.27775000380857534,0.004647718072204722,,,0.0034781846842723116,synthetic,10.0,fixed_1e-05,0.0003,,0.12326237892855432,5000,,feff,0.9325547065066698,test
0.3,bump,0.00451564353669099,test-feff-bump-a0.3-noise0.0003-k10-r0,0.2128064687933022,0.2777472351540971,0.004647671743040806,,,0.0034780621046642934,synthetic,10.0,fixed_0.0001,0.0003,,0.12325957098328708,5000,,feff,0.9325555242700175,test
0.3,bump,0.004515200675282208,test-feff-bump-a0.3-noise0.0003-k10-r0,0.2127363552406671,0.2777195704064187,0.00464720881614257,,,0.0034768372456637072,synthetic,10.0,fixed_0.001,0.0003,,0.12323151320689402,5000,,feff,0.9325636958649496,test
0.3,bump,0.004510806508103608,test-feff-bump-a0.3-noise0.0003-k10-r0,0.21204059289341373,0.2774450856249194,0.0046426157365313135,,,0.003464681656694936,synthetic,10.0,fixed_0.01,0.0003,,0.12295308652973552,5000,,feff,0.932644812439717,test
0.3,bump,0.004470058638058622,test-feff-bump-a0.3-noise0.0003-k10-r0,0.2055821603632242,0.27490070030825253,0.004600039371250414,,,0.0033517699582429126,synthetic,10.0,fixed_0.1,0.0003,,0.12036857689823706,5000,,feff,0.9334002149808394,test
0.3,bump,0.004241164462242524,test-feff-bump-a0.3-noise0.0003-k10-r0,0.16923849593105939,0.2606447455029039,0.004361487947751543,,,0.0027134047438025968,synthetic,10.0,fixed_1,0.0003,,0.10579810863753256,5000,,feff,0.93776424023769,test
0.3,bump,0.004514565337134352,test-feff-bump-a0.3-noise0.0003-k10-r0,0.21263576628097586,0.2776798823359138,0.004646544697474677,,,0.0034750799642037254,synthetic,10.0,frozen_initial,0.0003,,0.1231912599276592,5000,,feff,0.9325754201702617,test
0.3,bump,,test-feff-bump-a0.3-noise0.0003-k10-r0,0.20456411951593784,0.273748910273715,0.0045807659408795744,,,0.003340629313011327,synthetic,10.0,rexafs_direct,0.0003,,0.11985220123578462,5000,,feff,0.9317021365139602,test
0.3,bump,0.0045319978256661035,test-feff-bump-a0.3-noise0.0003-k10-r1,0.21855699952144753,0.27938474171794947,0.004675072890640486,,,0.003596249624715667,synthetic,10.0,larch_dynamic,0.0003,,0.11832437318548394,5001,,feff,0.9310064583658403,test
0.3,bump,0.004532280317767299,test-feff-bump-a0.3-noise0.0003-k10-r1,0.21860206780322505,0.27940235109404055,0.004675367556398817,,,0.0035970384229371223,synthetic,10.0,fixed_0,0.0003,,0.11834223076530252,5001,,feff,0.9310012991636302,test
0.3,bump,0.004532279735200847,test-feff-bump-a0.3-noise0.0003-k10-r1,0.21860197475035814,0.2794023147786657,0.00467536694871701,,,0.003597036793897368,synthetic,10.0,fixed_1e-06,0.0003,,0.11834219389905544,5001,,feff,0.9310013098036656,test
0.3,bump,0.00453227449215146,test-feff-bump-a0.3-noise0.0003-k10-r1,0.21860113728129474,0.27940198794335575,0.004675361479632021,,,0.0035970221326569736,synthetic,10.0,fixed_1e-05,0.0003,,0.1183418621055161,5001,,feff,0.9310014055631136,test
0.3,bump,0.004532222065799306,test-feff-bump-a0.3-noise0.0003-k10-r1,0.21859276323371798,0.27939871985001985,0.004675306793128869,,,0.0035968755313632484,synthetic,10.0,fixed_0.0001,0.0003,,0.11833854442763404,5001,,feff,0.9310023630868624,test
0.3,bump,0.004531698216252115,test-feff-bump-a0.3-noise0.0003-k10-r1,0.21850908703370153,0.2793660648811325,0.004674760362572743,,,0.003595410629072389,synthetic,10.0,fixed_0.001,0.0003,,0.11830539338586815,5001,,feff,0.9310119312474084,test
0.3,bump,0.0045265007951574,test-feff-bump-a0.3-noise0.0003-k10-r1,0.21767870413123191,0.2790420912903735,0.004669339164041543,,,0.003580871838278971,synthetic,10.0,fixed_0.01,0.0003,,0.11797643705096178,5001,,feff,0.9311069104073029,test
0.3,bump,0.004478333709553747,test-feff-bump-a0.3-noise0.0003-k10-r1,0.2099677361233505,0.2760410530753147,0.004619121416584306,,,0.003445733712923292,synthetic,10.0,fixed_0.1,0.0003,,0.11492405491898745,5001,,feff,0.9319913495269307,test
0.3,bump,0.004209040953724791,test-feff-bump-a0.3-noise0.0003-k10-r1,0.1664815770468086,0.2593164590232979,0.004339261121498881,,,0.0026779627276265804,synthetic,10.0,fixed_1,0.0003,,0.09777956012483748,5001,,feff,0.9370971762827386,test
0.3,bump,0.0045309202669447345,test-feff-bump-a0.3-noise0.0003-k10-r1,0.2183848164462279,0.27931757074451463,0.004673948887965851,,,0.003593234999999905,synthetic,10.0,frozen_initial,0.0003,,0.11825616047268837,5001,,feff,0.9310261421881401,test
0.3,bump,,test-feff-bump-a0.3-noise0.0003-k10-r1,0.20912862122470963,0.2748556543863406,0.004599285597200088,,,0.003441201073788088,synthetic,10.0,rexafs_direct,0.0003,,0.11471232397512675,5001,,feff,0.9299506018628438,test
0.3,bump,0.004507028738667124,test-feff-bump-a0.3-noise0.0003-k10-r2,0.21994863567801107,0.276693778109864,0.004630043763650577,,,0.0036381278296647407,synthetic,10.0,larch_dynamic,0.0003,,0.11817186766540133,5002,,feff,0.9321076076826035,test
0.3,bump,0.004507306544671567,test-feff-bump-a0.3-noise0.0003-k10-r2,0.2199934656845901,0.27671126264850326,0.004630336340446629,,,0.003638909258185242,synthetic,10.0,fixed_0,0.0003,,0.1181898606466876,5002,,feff,0.9321025017108118,test
0.3,bump,0.004507305971734438,test-feff-bump-a0.3-noise0.0003-k10-r2,0.21999337312084685,0.27671122658818414,0.0046303357370327865,,,0.003638907644321495,synthetic,10.0,fixed_1e-06,0.0003,,0.11818982350007985,5002,,feff,0.9321025122417042,test
0.3,bump,0.004507300815355806,test-feff-bump-a0.3-noise0.0003-k10-r2,0.219992540054158,0.2767109020488126,0.004630330306366786,,,0.003638893119672223,synthetic,10.0,fixed_1e-05,0.0003,,0.11818948918344067,5002,,feff,0.9321026070187568,test
0.3,bump,0.004507249255646531,test-feff-bump-a0.3-noise0.0003-k10-r2,0.21998421002437088,0.2767076569127815,0.004630276004018733,,,0.0036387478841661248,synthetic,10.0,fixed_0.0001,0.0003,,0.11818614627422293,5002,,feff,0.9321035547192551,test
0.3,bump,0.0045067340662151645,test-feff-bump-a0.3-noise0.0003-k10-r2,0.21990097344676313,0.2766752313172754,0.00462973341167249,,,0.003637296628334637,synthetic,10.0,fixed_0.001,0.0003,,0.11815274290138023,5002,,feff,0.9321130247191188,test
0.3,bump,0.004501622619436172,test-feff-bump-a0.3-noise0.0003-k10-r2,0.2190749316343203,0.27635353165237636,0.004624350263784565,,,0.0036228931676406412,synthetic,10.0,fixed_0.01,0.0003,,0.1178212615652072,5002,,feff,0.9322070294015027,test
0.3,bump,0.00445425691862945,test-feff-bump-a0.3-noise0.0003-k10-r2,0.2114023021491735,0.27337340803317717,0.004574482489842419,,,0.0034890029268690066,synthetic,10.0,fixed_0.1,0.0003,,0.11474355280213176,5002,,feff,0.9330823870149281,test
0.3,bump,0.004189628925053743,test-feff-bump-a0.3-noise0.0003-k10-r2,0.1680373958285588,0.25676040321649346,0.004296489468559366,,,0.002727764533826526,synthetic,10.0,fixed_1,0.0003,,0.09737591899413069,5002,,feff,0.938135341951542,test
0.3,bump,0.004505971371668023,test-feff-bump-a0.3-noise0.0003-k10-r2,0.219777741553056,0.2766272283120239,0.0046289301553917766,,,0.003635148002356835,synthetic,10.0,frozen_initial,0.0003,,0.11810328964506298,5002,,feff,0.9321270458857195,test
0.3,bump,,test-feff-bump-a0.3-noise0.0003-k10-r2,0.2105785833979174,0.2723520165305639,0.004557391077851786,,,0.0034809471576973624,synthetic,10.0,rexafs_direct,0.0003,,0.11477180531989865,5002,,feff,0.9311920658290843,test
0.3,bump,0.0035927296155050755,test-feff-bump-a0.3-noise0.0003-k12-r0,0.17908526456212223,0.24356687812672903,0.0036841865947094725,,,0.002194813474890332,synthetic,12.0,larch_dynamic,0.0003,,0.08029368687447294,5000,,feff,0.9546720935115457,test
0.3,bump,0.003592793403922935,test-feff-bump-a0.3-noise0.0003-k12-r0,0.17910029976899516,0.24357128709668227,0.0036842532846803056,,,0.0021950143104710247,synthetic,12.0,fixed_0,0.0003,,0.08029957823923876,5000,,feff,0.9546710349228485,test
0.3,bump,0.0035927932766756402,test-feff-bump-a0.3-noise0.0003-k12-r0,0.1791002697702801,0.24357127830148284,0.003684253151644336,,,0.0021950139098092206,synthetic,12.0,fixed_1e-06,0.0003,,0.08029956648426627,5000,,feff,0.9546710370347721,test
0.3,bump,0.003592792131467663,test-feff-bump-a0.3-noise0.0003-k12-r0,0.17909999978321578,0.24357119914589337,0.003684251954338841,,,0.0021950103038692755,synthetic,12.0,fixed_1e-05,0.0003,,0.08029946069011168,5000,,feff,0.9546710560418342,test
0.3,bump,0.0035927806799192913,test-feff-bump-a0.3-noise0.0003-k12-r0,0.17909730003843247,0.24357040762682086,0.003684239981840861,,,0.0021949742461271605,synthetic,12.0,fixed_0.0001,0.0003,,0.08029840279838454,5000,,feff,0.9546712461039418,test
0.3,bump,0.0035926662187839623,test-feff-bump-a0.3-noise0.0003-k12-r0,0.1790703152356338,0.24356249619994813,0.0036841203137929976,,,0.002194613835344898,synthetic,12.0,fixed_0.001,0.0003,,0.08028782888852651,5000,,feff,0.9546731458572024,test
0.3,bump,0.003591527014974453,test-feff-bump-a0.3-noise0.0003-k12-r0,0.1788017256977603,0.24348375642302625,0.003682929297868184,,,0.002191026312469195,synthetic,12.0,fixed_0.01,0.0003,,0.08018258813283832,5000,,feff,0.9546920570359608,test
0.3,bump,0.003580650951560401,test-feff-bump-a0.3-noise0.0003-k12-r0,0.17623603311365543,0.24273208916689776,0.003671559597480311,,,0.0021567358682770465,synthetic,12.0,fixed_0.1,0.0003,,0.07917776114158066,5000,,feff,0.9548729163676009,test
0.3,bump,0.003506739015160536,test-feff-bump-a0.3-noise0.0003-k12-r0,0.15875447659037412,0.23762732912687334,0.0035943451229453896,,,0.0019220017513239707,synthetic,12.0,fixed_1,0.0003,,0.0723560920349486,5000,,feff,0.9561177462664727,test
0.3,bump,0.003592423726901154,test-feff-bump-a0.3-noise0.0003-k12-r0,0.17901314552895378,0.24354573547375433,0.0036838667914617365,,,0.0021938502594884,synthetic,12.0,frozen_initial,0.0003,,0.08026542743465988,5000,,feff,0.9546771707893393,test
0.3,bump,,test-feff-bump-a0.3-noise0.0003-k12-r0,0.17715270218328738,0.23854802249254387,0.003608271508099764,,,0.002184814607177655,synthetic,12.0,rexafs_direct,0.0003,,0.07954850129496858,5000,,feff,0.9536288824325889,test
0.3,bump,0.003593888769945012,test-feff-bump-a0.3-noise0.0003-k12-r1,0.1778022558742409,0.24425234984384075,0.003694555023005874,,,0.00218006992355733,synthetic,12.0,larch_dynamic,0.0003,,0.07917014886895445,5001,,feff,0.9532280111954953,test
0.3,bump,0.0035939494902523083,test-feff-bump-a0.3-noise0.0003-k12-r1,0.17781644945447736,0.2442564970602538,0.003694617753699111,,,0.002180259965587313,synthetic,12.0,fixed_0,0.0003,,0.07917578534721902,5001,,feff,0.9532270109767884,test
0.3,bump,0.00359394936910271,test-feff-bump-a0.3-noise0.0003-k12-r1,0.1778164211313902,0.24425648878578135,0.0036946176285396447,,,0.002180259586397233,synthetic,12.0,fixed_1e-06,0.0003,,0.07917577409936107,5001,,feff,0.9532270129725631,test
0.3,bump,0.003593948278775369,test-feff-bump-a0.3-noise0.0003-k12-r1,0.17781616622476637,0.2442564143168428,0.003694616502124316,,,0.0021802561737000042,synthetic,12.0,fixed_1e-05,0.0003,,0.07917567286913116,5001,,feff,0.9532270309342397,test
0.3,bump,0.0035939373760087816,test-feff-bump-a0.3-noise0.0003-k12-r1,0.17781361727750822,0.24425566966218898,0.003694605238496377,,,0.0021802220482987234,synthetic,12.0,fixed_0.0001,0.0003,,0.07917466061435433,5001,,feff,0.9532272105429259,test
0.3,bump,0.0035938284000117606,test-feff-bump-a0.3-noise0.0003-k12-r1,0.17778813974511026,0.24424822665558635,0.003694492655761974,,,0.0021798809519361635,synthetic,12.0,fixed_0.001,0.0003,,0.07916454283610794,5001,,feff,0.9532290058084721,test
0.3,bump,0.0035927437825043597,test-feff-bump-a0.3-noise0.0003-k12-r1,0.1775345527703272,0.24417414890468073,0.0036933721575277655,,,0.002176485678635233,synthetic,12.0,fixed_0.01,0.0003,,0.07906383973817668,5001,,feff,0.9532468767096821,test
0.3,bump,0.0035823883392434403,test-feff-bump-a0.3-noise0.0003-k12-r1,0.1751121844811784,0.24346698797317376,0.0036826756587090516,,,0.0021440322331481103,synthetic,12.0,fixed_0.1,0.0003,,0.07810213635096726,5001,,feff,0.9534177728430245,test
0.3,bump,0.003512003830325839,test-feff-bump-a0.3-noise0.0003-k12-r1,0.15860724799453288,0.23866564352558925,0.0036100506409462918,,,0.0019218270076633913,synthetic,12.0,fixed_1,0.0003,,0.07156218227500337,5001,,feff,0.9545930005290147,test
0.3,bump,0.003593595239179668,test-feff-bump-a0.3-noise0.0003-k12-r1,0.17773362814130358,0.24423230195324822,0.0036942517791069447,,,0.0021791511303180786,synthetic,12.0,frozen_initial,0.0003,,0.07914289505725279,5001,,feff,0.9532328470717464,test
0.3,bump,,test-feff-bump-a0.3-noise0.0003-k12-r1,0.175972551940726,0.23919128082632704,0.0036180014178004826,,,0.0021723635334949406,synthetic,12.0,rexafs_direct,0.0003,,0.07861584004546536,5001,,feff,0.9518348637272738,test
0.3,bump,0.003575983284250012,test-feff-bump-a0.3-noise0.0003-k12-r2,0.1811003624728351,0.24227543556565892,0.003664652266364318,,,0.002206250889814921,synthetic,12.0,larch_dynamic,0.0003,,0.07873108869716058,5002,,feff,0.954393868043697,test
0.3,bump,0.003576053563913553,test-feff-bump-a0.3-noise0.0003-k12-r2,0.1811170274752418,0.24228030006960014,0.0036647258467310245,,,0.0022064731265558535,synthetic,12.0,fixed_0,0.0003,,0.07873774162752552,5002,,feff,0.9543926992416366,test
0.3,bump,0.0035760534237090306,test-feff-bump-a0.3-noise0.0003-k12-r2,0.18111699422340066,0.2422802903650721,0.0036647256999405723,,,0.002206472683181251,synthetic,12.0,fixed_1e-06,0.0003,,0.07873772835255244,5002,,feff,0.9543927015735617,test
0.3,bump,0.003576052161891258,test-feff-bump-a0.3-noise0.0003-k12-r2,0.18111669495812432,0.2422802030258838,0.0036647243788501638,,,0.0022064686928243375,synthetic,12.0,fixed_1e-05,0.0003,,0.07873760887837519,5002,,feff,0.954392722560567,test
0.3,bump,0.003576039544299412,test-feff-bump-a0.3-noise0.0003-k12-r2,0.18111370244545755,0.24227932967466045,0.0036647111685610867,,,0.0022064287910975224,synthetic,12.0,fixed_0.0001,0.0003,,0.07873641419278993,5002,,feff,0.9543929324212448,test
0.3,bump,0.0035759134286320847,test-feff-bump-a0.3-noise0.0003-k12-r2,0.18108379134848177,0.24227060034114845,0.0036645791288775586,,,0.002206029958236347,synthetic,12.0,fixed_0.001,0.0003,,0.07872447297016691,5002,,feff,0.9543950300681767,test
0.3,bump,0.0035746582676658522,test-feff-bump-a0.3-noise0.0003-k12-r2,0.18078607675684144,0.24218372283526868,0.0036632650218651206,,,0.002202059984280602,synthetic,12.0,fixed_0.01,0.0003,,0.07860562140739014,5002,,feff,0.9544159110061748,test
0.3,bump,0.0035626786605407602,test-feff-bump-a0.3-noise0.0003-k12-r2,0.17794230413951387,0.24135461583212128,0.003650723969772701,,,0.002164114128598866,synthetic,12.0,fixed_0.1,0.0003,,0.07747064597844047,5002,,feff,0.954615590897141,test
0.3,bump,0.003481467653597722,test-feff-bump-a0.3-noise0.0003-k12-r2,0.15857539757943553,0.23573792244682726,0.003565766004076204,,,0.001904363005730895,synthetic,12.0,fixed_1,0.0003,,0.06975638415388956,5002,,feff,0.9559887124697504,test
0.3,bump,0.003575633322570982,test-feff-bump-a0.3-noise0.0003-k12-r2,0.18101735636605978,0.24225121232652677,0.0036642858662462997,,,0.0022051441006275935,synthetic,12.0,frozen_initial,0.0003,,0.07869795075178021,5002,,feff,0.9543996892697378,test
0.3,bump,,test-feff-bump-a0.3-noise0.0003-k12-r2,0.17822544704202928,0.23726082122478714,0.003588801333452721,,,0.0021841028109009326,synthetic,12.0,rexafs_direct,0.0003,,0.07780553720173985,5002,,feff,0.9531649678407302,test
0.3,bump,0.00462135046092461,test-feff-bump-a0.3-noise0.003-k10-r0,0.2942462164381543,0.31992487525252716,0.0053534495196039455,,,0.004253077180716491,synthetic,10.0,larch_dynamic,0.003,,0.162619059636788,5000,,feff,0.9430788682946015,test
0.3,bump,0.004621396233107814,test-feff-bump-a0.3-noise0.003-k10-r0,0.29424968219661957,0.3199272306444841,0.005353488933456745,,,0.004253139954366051,synthetic,10.0,fixed_0,0.003,,0.16262134878406576,5000,,feff,0.9430780118268582,test
0.3,bump,0.004621396139142168,test-feff-bump-a0.3-noise0.003-k10-r0,0.29424967504239424,0.3199272258098667,0.005353488852556877,,,0.0042531398245124466,synthetic,10.0,fixed_1e-06,0.003,,0.1626213440605476,5000,,feff,0.9430780135857996,test
0.3,bump,0.00462139529346267,test-feff-bump-a0.3-noise0.003-k10-r0,0.2942496106549463,0.31992718229891043,0.00535348812446811,,,0.00425313865584185,synthetic,10.0,fixed_1e-05,0.003,,0.16262130154926197,5000,,feff,0.9430780294160148,test
0.3,bump,0.0046213868372867095,test-feff-bump-a0.3-noise0.003-k10-r0,0.2942489668316303,0.3199267472214259,0.005353480844117219,,,0.004253126970081799,synthetic,10.0,fixed_0.0001,0.003,,0.16262087646868534,5000,,feff,0.943078187706769,test
0.3,bump,0.0046213023371942455,test-feff-bump-a0.3-noise0.003-k10-r0,0.29424253372723447,0.31992239964030084,0.005353408094050294,,,0.004253010207531093,synthetic,10.0,fixed_0.001,0.003,,0.1626166288993443,5000,,feff,0.9430797694739861,test
0.3,bump,0.0046204634577235604,test-feff-bump-a0.3-noise0.003-k10-r0,0.2941787114826099,0.3198792408490172,0.005352685898221409,,,0.004251852010638902,synthetic,10.0,fixed_0.01,0.003,,0.1625744743727935,5000,,feff,0.9430954739395351,test
0.3,bump,0.0046126437318067814,test-feff-bump-a0.3-noise0.003-k10-r0,0.29358763674606675,0.3194771108987902,0.00534595687351784,,,0.00424114362289192,synthetic,10.0,fixed_0.1,0.003,,0.16218277448518068,5000,,feff,0.9432419863339513,test
0.3,bump,0.004566843240250747,test-feff-bump-a0.3-noise0.003-k10-r0,0.29030680482455595,0.3171281944571113,0.005306651378481324,,,0.004182740134409422,synthetic,10.0,fixed_1,0.003,,0.15996076211006563,5000,,feff,0.9441045935988882,test
0.3,bump,0.004621188703193415,test-feff-bump-a0.3-noise0.003-k10-r0,0.29423388385965815,0.31991655316198103,0.005353310262249851,,,0.004252853215745904,synthetic,10.0,frozen_initial,0.003,,0.1626109172440489,5000,,feff,0.9430818966424266,test
0.3,bump,,test-feff-bump-a0.3-noise0.003-k10-r0,0.2641290796184972,0.30753162366818637,0.005146067562548713,,,0.003782380971342568,synthetic,10.0,rexafs_direct,0.003,,0.15763510147969975,5000,,feff,0.9430059574266305,test
0.3,bump,0.004807626745345293,test-feff-bump-a0.3-noise0.003-k10-r1,0.33334078386403965,0.33743835417436563,0.005646510586664467,,,0.0048900893469735855,synthetic,10.0,larch_dynamic,0.003,,0.11905982125366894,5001,,feff,0.9275532369655043,test
0.3,bump,0.0048081169337434405,test-feff-bump-a0.3-noise0.003-k10-r1,0.3333931065151183,0.3374635032740394,0.005646931418072031,,,0.004891148660908051,synthetic,10.0,fixed_0,0.003,,0.11908204944238208,5001,,feff,0.9275448470903973,test
0.3,bump,0.004808115923584059,test-feff-bump-a0.3-noise0.003-k10-r1,0.33339299850015186,0.33746345144937645,0.0056469305508661995,,,0.004891146473699974,synthetic,10.0,fixed_1e-06,0.003,,0.11908200356281672,5001,,feff,0.9275448643795495,test
0.3,bump,0.004808106832231051,test-feff-bump-a0.3-noise0.003-k10-r1,0.3333920263747576,0.33746298503187155,0.005646922746088389,,,0.0048911267890023044,synthetic,10.0,fixed_1e-05,0.003,,0.11908159065074912,5001,,feff,0.9275450199805556,test
0.3,bump,0.00480801592598404,test-feff-bump-a0.3-noise0.003-k10-r1,0.33338230603055086,0.33745832125263964,0.005646844704933669,,,0.004890929959124274,synthetic,10.0,fixed_0.0001,0.003,,0.11907746192236815,5001,,feff,0.9275465758753487,test
0.3,bump,0.0048071075913557705,test-feff-bump-a0.3-noise0.003-k10-r1,0.33328519350525854,0.33741172301586936,0.005646064955287583,,,0.004888963369251045,synthetic,10.0,fixed_0.001,0.003,,0.11903621384519875,5001,,feff,0.9275621232986733,test
0.3,bump,0.004798096460388828,test-feff-bump-a0.3-noise0.003-k10-r1,0.33232308441718705,0.33694966392848114,0.005638333108873781,,,0.004869467015953527,synthetic,10.0,fixed_0.01,0.003,,0.1186276214963994,5001,,feff,0.927716453615548,test
0.3,bump,0.004714677919031344,test-feff-bump-a0.3-noise0.003-k10-r1,0.3235336425241505,0.332691472859618,0.00556707884671616,,,0.0046902086732375295,synthetic,10.0,fixed_0.1,0.003,,0.11490063117314755,5001,,feff,0.9291533317950257,test
0.3,bump,0.0042530033448327014,test-feff-bump-a0.3-noise0.003-k10-r1,0.28001945119609695,0.3098330623549323,0.00518457859055875,,,0.0037620465382095306,synthetic,10.0,fixed_1,0.003,,0.09682172398073331,5001,,feff,0.9374339540494518,test
0.3,bump,0.004805394563764201,test-feff-bump-a0.3-noise0.003-k10-r1,0.3331021139117044,0.3373238544008933,0.005644594609493869,,,0.004885255238064007,synthetic,10.0,frozen_initial,0.003,,0.11895845459802812,5001,,feff,0.9275914487909146,test
0.3,bump,,test-feff-bump-a0.3-noise0.003-k10-r1,0.30224432796782075,0.32233462298403553,0.005393772932484633,,,0.004499669808830578,synthetic,10.0,rexafs_direct,0.003,,0.11384341935969078,5001,,feff,0.9255886173940318,test
0.3,bump,0.004533607814024773,test-feff-bump-a0.3-noise0.003-k10-r2,0.33089559614531405,0.31310657901279315,0.005239355844642567,,,0.005280697606258515,synthetic,10.0,larch_dynamic,0.003,,0.11016588448632775,5002,,feff,0.9385647292446717,test
0.3,bump,0.004534044090659691,test-feff-bump-a0.3-noise0.003-k10-r2,0.3309501504794755,0.31313043144460934,0.005239754978312767,,,0.005281719430443968,synthetic,10.0,fixed_0,0.003,,0.11019325551399693,5002,,feff,0.9385568725622807,test
0.3,bump,0.004534043191208779,test-feff-bump-a0.3-noise0.003-k10-r2,0.33095003782671006,0.31313038226643414,0.005239754155391827,,,0.0052817173200068205,synthetic,10.0,fixed_1e-06,0.003,,0.11019319901501533,5002,,feff,0.9385568887598595,test
0.3,bump,0.004534035096220585,test-feff-bump-a0.3-noise0.003-k10-r2,0.3309490239607361,0.3131299396668281,0.005239746749169833,,,0.005281698326231491,synthetic,10.0,fixed_1e-05,0.003,,0.11019269052830001,5002,,feff,0.9385570345368954,test
0.3,bump,0.004533954152933175,test-feff-bump-a0.3-noise0.003-k10-r2,0.3309388861873232,0.3131255140455378,0.0052396726932210655,,,0.005281508404390413,synthetic,10.0,fixed_0.0001,0.003,,0.11018760606577373,5002,,feff,0.9385584921991991,test
0.3,bump,0.0045331453794464575,test-feff-bump-a0.3-noise0.003-k10-r2,0.33083759703332105,0.31308129529782974,0.005238932760655684,,,0.005279610776355141,synthetic,10.0,fixed_0.001,0.003,,0.11013680188304258,5002,,feff,0.9385730580158085,test
0.3,bump,0.004525123061665667,test-feff-bump-a0.3-noise0.003-k10-r2,0.3298334922237043,0.3126428238193957,0.0052315956165097975,,,0.0052607922878882656,synthetic,10.0,fixed_0.01,0.003,,0.1096327736024803,5002,,feff,0.9387176435574338,test
0.3,bump,0.004450957312301207,test-feff-bump-a0.3-noise0.003-k10-r2,0.32060500882633425,0.3086014185598095,0.0051639689306249344,,,0.00508723019618378,synthetic,10.0,fixed_0.1,0.003,,0.10496530019228643,5002,,feff,0.9400637066748275,test
0.3,bump,0.004044397180722483,test-feff-bump-a0.3-noise0.003-k10-r2,0.27260600048208744,0.28689178819572836,0.004800691738904121,,,0.0041612242564942285,synthetic,10.0,fixed_1,0.003,,0.07931188760582254,5002,,feff,0.9478156107374025,test
0.3,bump,0.004531677584816645,test-feff-bump-a0.3-noise0.003-k10-r2,0.3306538012880746,0.31300105190193467,0.0052375900111465475,,,0.005276167085948507,synthetic,10.0,frozen_initial,0.003,,0.11004459587778348,5002,,feff,0.9385994976096975,test
0.3,bump,,test-feff-bump-a0.3-noise0.003-k10-r2,0.29329643580826287,0.29546476410054656,0.004944147272654033,,,0.004697447348654045,synthetic,10.0,rexafs_direct,0.003,,0.10283751254289618,5002,,feff,0.9379803144424941,test
0.3,bump,0.0036904715778825464,test-feff-bump-a0.3-noise0.003-k12-r0,0.3642681139277262,0.2990869615337749,0.004523982007774478,,,0.0037698795876715866,synthetic,12.0,larch_dynamic,0.003,,0.13860682158974613,5000,,feff,0.966330190762608,test
0.3,bump,0.0036905228869394376,test-feff-bump-a0.3-noise0.003-k12-r0,0.36427393360884286,0.29908983575546316,0.004524025483180886,,,0.0037699740137927045,synthetic,12.0,fixed_0,0.003,,0.13860935591086337,5000,,feff,0.9663293510949537,test
0.3,bump,0.003690522784978802,test-feff-bump-a0.3-noise0.003-k12-r0,0.36427392203100234,0.2990898300434598,0.004524025396781264,,,0.0037699738260483927,synthetic,12.0,fixed_1e-06,0.003,,0.13860935086829715,5000,,feff,0.966329352764524,test
0.3,bump,0.0036905218673522213,test-feff-bump-a0.3-noise0.003-k12-r0,0.3642738178310591,0.29908977863650493,0.0045240246192009325,,,0.0037699721363588876,synthetic,12.0,fixed_1e-05,0.003,,0.13860930548548153,5000,,feff,0.9663293677903448,test
0.3,bump,0.003690512691511089,test-feff-bump-a0.3-noise0.003-k12-r0,0.3642727758850622,0.2990892645910027,0.004524016843761336,,,0.0037699552403160264,synthetic,12.0,fixed_0.0001,0.003,,0.13860885168042736,5000,,feff,0.9663295180417905,test
0.3,bump,0.003690420975565195,test-feff-bump-a0.3-noise0.003-k12-r0,0.36426236178474825,0.2990841265420639,0.004523939125759739,,,0.00376978636535502,synthetic,12.0,fixed_0.001,0.003,,0.138604315949165,5000,,feff,0.966331019882091,test
0.3,bump,0.003689508043373075,test-feff-bump-a0.3-noise0.003-k12-r0,0.3641587539868883,0.2990329855493795,0.004523165568365003,,,0.0037681061190742906,synthetic,12.0,fixed_0.01,0.003,,0.13855918937607029,5000,,feff,0.9663459711701234,test
0.3,bump,0.0036807822385040868,test-feff-bump-a0.3-noise0.003-k12-r0,0.36317340701508366,0.2985444246183778,0.004515775607765522,,,0.0037521134370440312,synthetic,12.0,fixed_0.1,0.003,,0.13812988130136966,5000,,feff,0.966489070191955,test
0.3,bump,0.0036208606836833123,test-feff-bump-a0.3-noise0.003-k12-r0,0.35667325875178707,0.2952006969503309,0.00446519846548032,,,0.0036460673170868323,synthetic,12.0,fixed_1,0.003,,0.13529019863138161,5000,,feff,0.9674818983763763,test
0.3,bump,0.0036902468191123117,test-feff-bump-a0.3-noise0.003-k12-r0,0.3642425894687684,0.299074370201903,0.004523791551598954,,,0.0037694657304160766,synthetic,12.0,frozen_initial,0.003,,0.13859570428877546,5000,,feff,0.9663338717845015,test
0.3,bump,,test-feff-bump-a0.3-noise0.003-k12-r0,0.3262823138205036,0.2814009342347264,0.004256463594803244,,,0.003406959150865808,synthetic,12.0,rexafs_direct,0.003,,0.13825661765496786,5000,,feff,0.9664990405984234,test
0.3,bump,0.0037177163209065906,test-feff-bump-a0.3-noise0.003-k12-r1,0.37972862086274783,0.31177284209926825,0.004715868324505764,,,0.0037129401669528214,synthetic,12.0,larch_dynamic,0.003,,0.1223726141540214,5001,,feff,0.9518893665387558,test
0.3,bump,0.0037177329391567203,test-feff-bump-a0.3-noise0.003-k12-r1,0.3797302014611999,0.3117736654335452,0.004715880778239742,,,0.0037129682171606507,synthetic,12.0,fixed_0,0.003,,0.12237347820523295,5001,,feff,0.9518891116343303,test
0.3,bump,0.0037177329060338834,test-feff-bump-a0.3-noise0.003-k12-r1,0.3797301983101268,0.31177366379306426,0.004715880753425867,,,0.0037129681612422735,synthetic,12.0,fixed_1e-06,0.003,,0.12237347648209607,5001,,feff,0.9518891121423428,test
0.3,bump,0.0037177326079395564,test-feff-bump-a0.3-noise0.003-k12-r1,0.3797301699506759,0.3117736490293495,0.004715880530110282,,,0.0037129676579806077,synthetic,12.0,fixed_1e-05,0.003,,0.12237346097398127,5001,,feff,0.9518891167143047,test
0.3,bump,0.0037177296271324457,test-feff-bump-a0.3-noise0.003-k12-r1,0.37972988636963906,0.31177350139894056,0.004715878297056356,,,0.0037129626255998,synthetic,12.0,fixed_0.0001,0.003,,0.1223733059001615,5001,,feff,0.9518891624318163,test
0.3,bump,0.0037176998329994876,test-feff-bump-a0.3-noise0.003-k12-r1,0.3797270519220256,0.31177202578923086,0.0047158559770202595,,,0.0037129123257287526,synthetic,12.0,fixed_0.001,0.003,,0.12237175590235634,5001,,feff,0.9518896193948061,test
0.3,bump,0.003717403279224287,test-feff-bump-a0.3-noise0.003-k12-r1,0.3796988430289836,0.31175733881192386,0.004715633822163542,,,0.003712411708559692,synthetic,12.0,fixed_0.01,0.003,,0.12235632959933307,5001,,feff,0.9518941679073729,test
0.3,bump,0.0037145703027021237,test-feff-bump-a0.3-noise0.003-k12-r1,0.3794296871087874,0.3116170705039713,0.0047135121271950145,,,0.0037076328030228685,synthetic,12.0,fixed_0.1,0.003,,0.1222090971441946,5001,,feff,0.9519376349461303,test
0.3,bump,0.003695276347974242,test-feff-bump-a0.3-noise0.003-k12-r1,0.37760980805830235,0.31066341311562107,0.0046990871290461395,,,0.0036752075895074843,synthetic,12.0,fixed_1,0.003,,0.12121201746392489,5001,,feff,0.9522344410018417,test
0.3,bump,0.003717640557485899,test-feff-bump-a0.3-noise0.003-k12-r1,0.37972141297551226,0.31176909008122533,0.004715811571573333,,,0.003712812256117539,synthetic,12.0,frozen_initial,0.003,,0.1223686722584508,5001,,feff,0.9518905285329429,test
0.3,bump,,test-feff-bump-a0.3-noise0.003-k12-r1,0.3462334668125481,0.2956947758702427,0.004472671891044038,,,0.003468251780711857,synthetic,12.0,rexafs_direct,0.003,,0.12097170807060105,5001,,feff,0.9485547359822185,test
0.3,bump,0.003515428546038065,test-feff-bump-a0.3-noise0.003-k12-r2,0.3876267307931933,0.29563061307671296,0.004471701366210698,,,0.0038755543246406323,synthetic,12.0,larch_dynamic,0.003,,0.1246039600577126,5002,,feff,0.9635479350583619,test
0.3,bump,0.003515545146350957,test-feff-bump-a0.3-noise0.003-k12-r2,0.3876413440118532,0.29563693325813273,0.004471796965119064,,,0.0038757828822627775,synthetic,12.0,fixed_0,0.003,,0.12461068657002843,5002,,feff,0.9635459942828655,test
0.3,bump,0.0035155449139347653,test-feff-bump-a0.3-noise0.003-k12-r2,0.3876413148698139,0.2956369206589346,0.004471796774543902,,,0.0038757824266275926,synthetic,12.0,fixed_1e-06,0.003,,0.12461067315557105,5002,,feff,0.9635459981523873,test
0.3,bump,0.0035155428222137276,test-feff-bump-a0.3-noise0.003-k12-r2,0.38764105259291015,0.2956368072674986,0.004471795059387837,,,0.00387577832593093,synthetic,12.0,fixed_1e-05,0.003,,0.12461055242612633,5002,,feff,0.9635460329777121,test
0.3,bump,0.003515521906031977,test-feff-bump-a0.3-noise0.003-k12-r2,0.38763842997345815,0.2956356734106776,0.004471777908697511,,,0.003875737321252566,synthetic,12.0,fixed_0.0001,0.003,,0.1246093452007633,5002,,feff,0.9635463812150258,test
0.3,bump,0.00351531284726867,test-feff-bump-a0.3-noise0.003-k12-r2,0.3876122187272444,0.29562434060805065,0.004471606489004327,,,0.003875327503022026,synthetic,12.0,fixed_0.001,0.003,,0.12459727984661048,5002,,feff,0.9635498619918536,test
0.3,bump,0.0035132325143268596,test-feff-bump-a0.3-noise0.003-k12-r2,0.38735159305679034,0.29551158622214363,0.004469900968942452,,,0.0038712520561568543,synthetic,12.0,fixed_0.01,0.003,,0.12447731258423538,5002,,feff,0.9635845108723402,test
0.3,bump,0.0034934065869766423,test-feff-bump-a0.3-noise0.003-k12-r2,0.38488638928328045,0.2944386449556458,0.00445367168579302,,,0.003832657540074681,synthetic,12.0,fixed_0.1,0.003,,0.12334278080285321,5002,,feff,0.9639158154873224,test
0.3,bump,0.003360591743594389,test-feff-bump-a0.3-noise0.003-k12-r2,0.3693360813232149,0.2873298959720212,0.004346144923894804,,,0.003587431936080447,synthetic,12.0,fixed_1,0.003,,0.11621173346265855,5002,,feff,0.9661915604091541,test
0.3,bump,0.0035147152151798556,test-feff-bump-a0.3-noise0.003-k12-r2,0.3875373094987061,0.29559194554851786,0.00447111648213236,,,0.0038741562300357003,synthetic,12.0,frozen_initial,0.003,,0.12456279840970455,5002,,feff,0.9635598136171878,test
0.3,bump,,test-feff-bump-a0.3-noise0.003-k12-r2,0.34260203339118733,0.275314467922413,0.004164399855392385,,,0.0034354062551062176,synthetic,12.0,rexafs_direct,0.003,,0.12280934096606724,5002,,feff,0.961887942675638,test
1.0,bump,0.014424464597858027,test-feff-bump-a1-noise0-k10-r0,0.25320444664444747,0.2678737772492992,0.014941515493783903,,,0.014312538245695092,synthetic,10.0,larch_dynamic,0.0,,0.11815966079770462,5000,,feff,0.9338537120390039,test
1.0,bump,0.014425833441324105,test-feff-bump-a1-noise0-k10-r0,0.25327076382540137,0.2678998974364638,0.014942972430648824,,,0.0143163560535875,synthetic,10.0,fixed_0,0.0,,0.11818691073919191,5000,,feff,0.9338463902070117,test
1.0,bump,0.014425830617512386,test-feff-bump-a1-noise0-k10-r0,0.25327062609552714,0.2678998435401542,0.01494296942441002,,,0.014316348116730066,synthetic,10.0,fixed_1e-06,0.0,,0.11818685419602738,5000,,feff,0.9338464053128286,test
1.0,bump,0.014425805203426465,test-feff-bump-a1-noise0-k10-r0,0.25326938653611747,0.26789935847755775,0.014942942368494447,,,0.014316276685554873,synthetic,10.0,fixed_1e-05,0.0,,0.1181863453114406,5000,,feff,0.933846541264099,test
1.0,bump,0.014425551083119374,test-feff-bump-a1-noise0-k10-r0,0.25325699187310036,0.26789450824442324,0.01494267183125011,,,0.014315562427004137,synthetic,10.0,fixed_0.0001,0.0,,0.11818125684883275,5000,,feff,0.9338479006762542,test
1.0,bump,0.014423011934519963,test-feff-bump-a1-noise0-k10-r0,0.2531331382936237,0.2678460451814738,0.014939968649126905,,,0.014308425158644554,synthetic,10.0,fixed_0.001,0.0,,0.1181304105242012,5000,,feff,0.9338614847448515,test
1.0,bump,0.014397824273972534,test-feff-bump-a1-noise0-k10-r0,0.2519038381797078,0.2673653103854518,0.014913154130449779,,,0.014237580234185764,synthetic,10.0,fixed_0.01,0.0,,0.11762574879917212,5000,,feff,0.9339963276050546,test
1.0,bump,0.014164826072014044,test-feff-bump-a1-noise0-k10-r0,0.24046987695526065,0.26291878692375914,0.01466513508252885,,,0.013578228718052148,synthetic,10.0,fixed_0.1,0.0,,0.11293266491639843,5000,,feff,0.9352519228422187,test
1.0,bump,0.012881190353773088,test-feff-bump-a1-noise0-k10-r0,0.17516592026187863,0.2384462821062913,0.013300102963085534,,,0.009792021020357781,synthetic,10.0,fixed_1,0.0,,0.08615628091505617,5000,,feff,0.9424972360319198,test
1.0,bump,0.014176804763026591,test-feff-bump-a1-noise0-k10-r0,0.2410605151041738,0.263147363797553,0.014677884687721196,,,0.013612307487181516,synthetic,10.0,frozen_initial,0.0,,0.11317505416956737,5000,,feff,0.9351869980276245,test
1.0,bump,,test-feff-bump-a1-noise0-k10-r0,0.1633514192476674,0.2358132312435934,0.0131532361414619,,,0.009094281557347332,synthetic,10.0,rexafs_direct,0.0,,0.08173265551691018,5000,,feff,0.9411149645668806,test
1.0,bump,0.011552018620531035,test-feff-bump-a1-noise0-k12-r0,0.17960387810175682,0.23536289232759652,0.01186697769245692,,,0.007370278573984025,synthetic,12.0,larch_dynamic,0.0,,0.08054574672658998,5000,,feff,0.9539189574153355,test
1.0,bump,0.011552249827755242,test-feff-bump-a1-noise0-k12-r0,0.17962055993904866,0.2353677082716283,0.011867220511959299,,,0.007371013451911155,synthetic,12.0,fixed_0,0.0,,0.08055246128931427,5000,,feff,0.953917807421573,test
1.0,bump,0.011552249368182109,test-feff-bump-a1-noise0-k12-r0,0.179620526720473,0.23536769869852023,0.011867220029283978,,,0.0073710119889607096,synthetic,12.0,fixed_1e-06,0.0,,0.08055244791836015,5000,,feff,0.9539178097082661,test
1.0,bump,0.011552245232056143,test-feff-bump-a1-noise0-k12-r0,0.17962022775477557,0.23536761254121366,0.011867215685239657,,,0.007370998822470716,synthetic,12.0,fixed_1e-05,0.0,,0.08055232758037051,5000,,feff,0.9539178302883592,test
1.0,bump,0.011552203872768644,test-feff-bump-a1-noise0-k12-r0,0.17961723823680814,0.2353667510093006,0.011867172246871392,,,0.007370867163627411,synthetic,12.0,fixed_0.0001,0.0,,0.08055112425657865,5000,,feff,0.9539180360798764,test
1.0,bump,0.011551790477367239,test-feff-bump-a1-noise0-k12-r0,0.17958735696324818,0.2353581398100146,0.011866738070910933,,,0.007369551181097741,synthetic,12.0,fixed_0.001,0.0,,0.08053909663046147,5000,,feff,0.9539200930540706,test
1.0,bump,0.011547676175789405,test-feff-bump-a1-noise0-k12-r0,0.1792899283472123,0.2352724378188521,0.011862416983558262,,,0.00735645166480304,synthetic,12.0,fixed_0.01,0.0,,0.08041937892535592,5000,,feff,0.9539405691342172,test
1.0,bump,0.011508408040894804,test-feff-bump-a1-noise0-k12-r0,0.17644787253765132,0.23445453079135958,0.011821178178435797,,,0.007231219958988078,synthetic,12.0,fixed_0.1,0.0,,0.07927555701662953,5000,,feff,0.9541363790882866,test
1.0,bump,0.01124219511013636,test-feff-bump-a1-noise0-k12-r0,0.1570360046310451,0.22891271660035728,0.011541760362271178,,,0.006372623440904569,synthetic,12.0,fixed_1,0.0,,0.07146925103217207,5000,,feff,0.9554830051081753,test
1.0,bump,0.011491504887900171,test-feff-bump-a1-noise0-k12-r0,0.17522267173704448,0.23410249210125572,0.011803428416606185,,,0.00717719860721068,synthetic,12.0,frozen_initial,0.0,,0.07878253264644774,5000,,feff,0.9542208804498957,test
1.0,bump,,test-feff-bump-a1-noise0-k12-r0,0.16439028752802806,0.22666656822738274,0.011428509745861619,,,0.006752320511455878,synthetic,12.0,rexafs_direct,0.0,,0.07418231475240382,5000,,feff,0.9536246722969132,test
1.0,bump,0.014430916736824468,test-feff-bump-a1-noise0.0003-k10-r0,0.2513714175780422,0.26767582906844384,0.014930474301765827,,,0.014192024868419995,synthetic,10.0,larch_dynamic,0.0003,,0.1186307280852906,5000,,feff,0.9342043745252762,test
1.0,bump,0.014432263435777476,test-feff-bump-a1-noise0.0003-k10-r0,0.25143658761329596,0.267701494891699,0.014931905895032497,,,0.014195777501428999,synthetic,10.0,fixed_0,0.0003,,0.11865748992221659,5000,,feff,0.9341971700799961,test
1.0,bump,0.01443226065805101,test-feff-bump-a1-noise0.0003-k10-r0,0.25143645229262984,0.2677014419410878,0.014931902941543038,,,0.014195769701597596,synthetic,10.0,fixed_1e-06,0.0003,,0.11865743440138075,5000,,feff,0.934197184941546,test
1.0,bump,0.014432235658728589,test-feff-bump-a1-noise0.0003-k10-r0,0.2514352344159624,0.26770096538970034,0.014931876360367335,,,0.014195699503647982,synthetic,10.0,fixed_1e-05,0.0003,,0.11865693471770117,5000,,feff,0.9341973186944158,test
1.0,bump,0.014431985685701866,test-feff-bump-a1-noise0.0003-k10-r0,0.25142305656487884,0.26769620026158036,0.014931610570126999,,,0.01419499757647929,synthetic,10.0,fixed_0.0001,0.0003,,0.11865193825758891,5000,,feff,0.9341986561241479,test
1.0,bump,0.014429487973471407,test-feff-bump-a1-noise0.0003-k10-r0,0.251301369551995,0.2676485875231313,0.014928954817568675,,,0.014187983534131138,synthetic,10.0,fixed_0.001,0.0003,,0.1186020112988493,5000,,feff,0.9342120205318246,test
1.0,bump,0.014404711063415685,test-feff-bump-a1-noise0.0003-k10-r0,0.2500935809682352,0.26717628399935883,0.014902610580030083,,,0.014118362153650775,synthetic,10.0,fixed_0.01,0.0003,,0.1181064778051722,5000,,feff,0.9343446829883842,test
1.0,bump,0.014175486486298197,test-feff-bump-a1-noise0.0003-k10-r0,0.23886037920880746,0.2628074131180045,0.014658922852793738,,,0.01347043449342419,synthetic,10.0,fixed_0.1,0.0003,,0.11349857837487154,5000,,feff,0.935579981887323,test
1.0,bump,0.01291146675181313,test-feff-bump-a1-noise0.0003-k10-r0,0.17473521052799562,0.2387462475420623,0.01331683449333159,,,0.009751696783011526,synthetic,10.0,fixed_1,0.0003,,0.08722059108954508,5000,,feff,0.9427085811439627,test
1.0,bump,0.014187902257252048,test-feff-bump-a1-noise0.0003-k10-r0,0.23947161744066536,0.26304401734187854,0.01467212020907553,,,0.013505710245263706,synthetic,10.0,frozen_initial,0.0003,,0.113749269613442,5000,,feff,0.935512693614243,test
1.0,bump,,test-feff-bump-a1-noise0.0003-k10-r0,0.16339381008939713,0.2362328745170718,0.013176643085347658,,,0.00908362887076655,synthetic,10.0,rexafs_direct,0.0003,,0.08286152177664946,5000,,feff,0.9413329223703528,test
1.0,bump,0.014448910082172096,test-feff-bump-a1-noise0.0003-k10-r1,0.253817655542352,0.2682788712166779,0.014964110903652614,,,0.014353629427700798,synthetic,10.0,larch_dynamic,0.0003,,0.11740184776117961,5001,,feff,0.9337386046294408,test
1.0,bump,0.014450302939490149,test-feff-bump-a1-noise0.0003-k10-r1,0.25388494579253423,0.2683053888828607,0.01496559001117929,,,0.014357504959910105,synthetic,10.0,fixed_0,0.0003,,0.11742947789839375,5001,,feff,0.9337311751379052,test
1.0,bump,0.014450300066195184,test-feff-bump-a1-noise0.0003-k10-r1,0.25388480603458663,0.2683053341678295,0.014965586959273667,,,0.014357496902668195,synthetic,10.0,fixed_1e-06,0.0003,,0.11742942056426944,5001,,feff,0.9337311904653587,test
1.0,bump,0.01445027420676212,test-feff-bump-a1-noise0.0003-k10-r1,0.25388354822272424,0.26830484173678026,0.014965559492359113,,,0.014357424388044712,synthetic,10.0,fixed_1e-05,0.0003,,0.11742890456112408,5001,,feff,0.9337313284113473,test
1.0,bump,0.014450015633348402,test-feff-bump-a1-noise0.0003-k10-r1,0.25387097104900275,0.26829991782548696,0.014965284845480143,,,0.014356699295801361,synthetic,10.0,fixed_0.0001,0.0003,,0.11742374491858336,5001,,feff,0.9337327077692051,test
1.0,bump,0.01444743199019068,test-feff-bump-a1-noise0.0003-k10-r1,0.25374529374799565,0.2682507186185662,0.014962540602575757,,,0.014349453769583957,synthetic,10.0,fixed_0.001,0.0003,,0.11737218736227964,5001,,feff,0.9337464911465646,test
1.0,bump,0.014421803006244264,test-feff-bump-a1-noise0.0003-k10-r1,0.2524978939440599,0.267762685629619,0.014935319003878374,,,0.01427753411521274,synthetic,10.0,fixed_0.01,0.0003,,0.11686046965896178,5001,,feff,0.9338833123786636,test
1.0,bump,0.014184727327864147,test-feff-bump-a1-noise0.0003-k10-r1,0.2408957313569047,0.2632490288027964,0.01468355537809865,,,0.01360816577006372,synthetic,10.0,fixed_0.1,0.0003,,0.11210206310481831,5001,,feff,0.9351573222511553,test
1.0,bump,0.012878961450548138,test-feff-bump-a1-noise0.0003-k10-r1,0.17464149376373048,0.23842426430507416,0.013298874849899528,,,0.009763707199209501,synthetic,10.0,fixed_1,0.0003,,0.0849693042414039,5001,,feff,0.9425084619574804,test
1.0,bump,0.014195131263419055,test-feff-bump-a1-noise0.0003-k10-r1,0.241407340071536,0.2634470766567544,0.014694602129702373,,,0.013637699748703255,synthetic,10.0,frozen_initial,0.0003,,0.11231184634680857,5001,,feff,0.9351010862129912,test
1.0,bump,,test-feff-bump-a1-noise0.0003-k10-r1,0.1616608852316823,0.23548156972285356,0.013134736660841912,,,0.008998377319735497,synthetic,10.0,rexafs_direct,0.0003,,0.08008521931926049,5001,,feff,0.9411656714768674,test
1.0,bump,0.01442467474538558,test-feff-bump-a1-noise0.0003-k10-r2,0.2544437136522466,0.2675883609646905,0.014925595488912764,,,0.014396186694618392,synthetic,10.0,larch_dynamic,0.0003,,0.11770098366024033,5002,,feff,0.9340689490939872,test
1.0,bump,0.014426061871247068,test-feff-bump-a1-noise0.0003-k10-r2,0.2545108840450608,0.2676148378817565,0.014927072323527302,,,0.014400054296938162,synthetic,10.0,fixed_0,0.0003,,0.11772861319633117,5002,,feff,0.9340615359020605,test
1.0,bump,0.014426059009616615,test-feff-bump-a1-noise0.0003-k10-r2,0.25451074453464273,0.2676147832472045,0.014927069276110668,,,0.014400046256136062,synthetic,10.0,fixed_1e-06,0.0003,,0.11772855586324157,5002,,feff,0.9340615511967673,test
1.0,bump,0.014426033255163779,test-feff-bump-a1-noise0.0003-k10-r2,0.2545094889505026,0.26761429154046085,0.014927041849596567,,,0.014399973889468972,synthetic,10.0,fixed_1e-05,0.0003,,0.11772803986939795,5002,,feff,0.9340616888480376,test
1.0,bump,0.014425775731483664,test-feff-bump-a1-noise0.0003-k10-r2,0.2544969340521253,0.26760937487163056,0.01492676760668911,,,0.014399250276680554,synthetic,10.0,fixed_0.0001,0.0003,,0.11772288031933928,5002,,feff,0.9340630652589164,test
1.0,bump,0.014423202578485199,test-feff-bump-a1-noise0.0003-k10-r2,0.25437147930763593,0.267560248024142,0.014924027399863158,,,0.014392019533590093,synthetic,10.0,fixed_0.001,0.0003,,0.11767132363036423,5002,,feff,0.9340768191880766,test
1.0,bump,0.014397677784352407,test-feff-bump-a1-noise0.0003-k10-r2,0.2531262855347258,0.2670729321821645,0.01489684580232852,,,0.014320246577500943,synthetic,10.0,fixed_0.01,0.0003,,0.11715960891117234,5002,,feff,0.9342133480769188,test
1.0,bump,0.014161577466733579,test-feff-bump-a1-noise0.0003-k10-r2,0.24154436884172098,0.26256585352543593,0.014645449094995952,,,0.013652239817010364,synthetic,10.0,fixed_0.1,0.0003,,0.1124007153242446,5002,,feff,0.9354846334975516,test
1.0,bump,0.012861642744199066,test-feff-bump-a1-noise0.0003-k10-r2,0.17539057291521676,0.23777544596032044,0.0132626849344463,,,0.00981537614244809,synthetic,10.0,fixed_1,0.0003,,0.08523972290970844,5002,,feff,0.9428199116581195,test
1.0,bump,0.014172211785151477,test-feff-bump-a1-noise0.0003-k10-r2,0.24206858151924526,0.2627688379494119,0.014656771199559444,,,0.01368249211014119,synthetic,10.0,frozen_initial,0.0003,,0.11261608104304112,5002,,feff,0.9354270361575114,test
1.0,bump,,test-feff-bump-a1-noise0.0003-k10-r2,0.162420170150931,0.23486102873938508,0.013100124005530029,,,0.009049586182854268,synthetic,10.0,rexafs_direct,0.0003,,0.08038194122678465,5002,,feff,0.9415284644587683,test
1.0,bump,0.011558138841798281,test-feff-bump-a1-noise0.0003-k12-r0,0.17990554151888036,0.23530538739235424,0.011864078298346925,,,0.007385876549698524,synthetic,12.0,larch_dynamic,0.0003,,0.08059723721622841,5000,,feff,0.9543075604763751,test
1.0,bump,0.011558368766637678,test-feff-bump-a1-noise0.0003-k12-r0,0.17992208511942914,0.23531017469724116,0.011864319673865972,,,0.00738660564861798,synthetic,12.0,fixed_0,0.0003,,0.08060389078569724,5000,,feff,0.954306417960642,test
1.0,bump,0.011558368309593343,test-feff-bump-a1-noise0.0003-k12-r0,0.17992205217249316,0.23531016518061765,0.011864319194038598,,,0.007386604197023488,synthetic,12.0,fixed_1e-06,0.0003,,0.08060387753473913,5000,,feff,0.9543064202325932,test
1.0,bump,0.011558364196233989,test-feff-bump-a1-noise0.0003-k12-r0,0.17992175565151922,0.23531007953182984,0.011864314875633754,,,0.007386591132735183,synthetic,12.0,fixed_1e-05,0.0003,,0.08060375827670781,5000,,feff,0.9543064406799742,test
1.0,bump,0.011558323064595423,test-feff-bump-a1-noise0.0003-k12-r0,0.17991879057967206,0.23530922308472502,0.011864271693641097,,,0.00738646049586283,synthetic,12.0,fixed_0.0001,0.0003,,0.08060256575200359,5000,,feff,0.9543066451444694,test
1.0,bump,0.01155791194443615,test-feff-bump-a1-noise0.0003-k12-r0,0.17988915365947813,0.23530066270611838,0.011863840080055118,,,0.007385154728601129,synthetic,12.0,fixed_0.001,0.0003,,0.08059064606991331,5000,,feff,0.9543086888549006,test
1.0,bump,0.0115538202716691,test-feff-bump-a1-noise0.0003-k12-r0,0.17959415783900984,0.23521546620507272,0.011859544479472605,,,0.007372156922877535,synthetic,12.0,fixed_0.01,0.0003,,0.08047200313832521,5000,,feff,0.9543290329386915,test
1.0,bump,0.011514766661235831,test-feff-bump-a1-noise0.0003-k12-r0,0.17677540229527106,0.23440235541125237,0.011818547500057808,,,0.007247900019112279,synthetic,12.0,fixed_0.1,0.0003,,0.07933848201516125,5000,,feff,0.9545235842157694,test
1.0,bump,0.01124992074747999,test-feff-bump-a1-noise0.0003-k12-r0,0.15752553024230384,0.22889132571037799,0.011540681835356016,,,0.006396131665621371,synthetic,12.0,fixed_1,0.0003,,0.0716041333779102,5000,,feff,0.9558618101785115,test
1.0,bump,0.011498323645448238,test-feff-bump-a1-noise0.0003-k12-r0,0.17558693216110927,0.23406003897831051,0.011801287933635466,,,0.007195476581449704,synthetic,12.0,frozen_initial,0.0003,,0.0788606326079608,5000,,feff,0.9546057021360628,test
1.0,bump,,test-feff-bump-a1-noise0.0003-k12-r0,0.1649568792925696,0.22666205987500296,0.011428282435105061,,,0.00678119538962776,synthetic,12.0,rexafs_direct,0.0003,,0.07434963112291984,5000,,feff,0.9540404848031442,test
1.0,bump,0.011559047463565618,test-feff-bump-a1-noise0.0003-k12-r1,0.1794456868597133,0.23548097268530077,0.011872931294390243,,,0.0073702893012687586,synthetic,12.0,larch_dynamic,0.0003,,0.08037761522295343,5001,,feff,0.9538743358141581,test
1.0,bump,0.011559274393016862,test-feff-bump-a1-noise0.0003-k12-r1,0.17946198166509292,0.2354856807590328,0.011873168675080972,,,0.007371007681371286,synthetic,12.0,fixed_0,0.0003,,0.08038418235976526,5001,,feff,0.953873210776827,test
1.0,bump,0.01155927394192702,test-feff-bump-a1-noise0.0003-k12-r1,0.17946194921800923,0.23548567140011376,0.011873168203205041,,,0.0073710062512734225,synthetic,12.0,fixed_1e-06,0.0003,,0.08038416928261068,5001,,feff,0.9538732130139276,test
1.0,bump,0.011559269882148896,test-feff-bump-a1-noise0.0003-k12-r1,0.17946165719567125,0.23548558717047413,0.011873163956353534,,,0.007370993380454266,synthetic,12.0,fixed_1e-05,0.0003,,0.08038405158879885,5001,,feff,0.9538732331476965,test
1.0,bump,0.011559229286302998,test-feff-bump-a1-noise0.0003-k12-r1,0.1794587371081989,0.23548474491431734,0.011873121489867309,,,0.00737086467818923,synthetic,12.0,fixed_0.0001,0.0003,,0.0803828747055582,5001,,feff,0.9538734344761732,test
1.0,bump,0.011558823521425262,test-feff-bump-a1-noise0.0003-k12-r1,0.1794295498222329,0.23547632637718402,0.011872697027916764,,,0.007369578248026605,synthetic,12.0,fixed_0.001,0.0003,,0.08037111136069051,5001,,feff,0.9538754468402804,test
1.0,bump,0.011554785138333155,test-feff-bump-a1-noise0.0003-k12-r1,0.17913902949955915,0.2353925415244161,0.011868472602524422,,,0.007356772920633705,synthetic,12.0,fixed_0.01,0.0003,,0.08025402410175839,5001,,feff,0.9538954788408119,test
1.0,bump,0.011516239382189665,test-feff-bump-a1-noise0.0003-k12-r1,0.17636303733431133,0.23459290238526323,0.011828154862831054,,,0.007234355485314762,synthetic,12.0,fixed_0.1,0.0003,,0.07913532534869197,5001,,feff,0.9540870411583934,test
1.0,bump,0.01125481370106874,test-feff-bump-a1-noise0.0003-k12-r1,0.15740502718969068,0.2291734510551495,0.011554906572058436,,,0.006395149900404183,synthetic,12.0,fixed_1,0.0003,,0.07149985482203287,5001,,feff,0.9554043864572757,test
1.0,bump,0.0114998083369422,test-feff-bump-a1-noise0.0003-k12-r1,0.1751780624728837,0.23425207886669364,0.011810970569028696,,,0.007182066290165877,synthetic,12.0,frozen_initial,0.0003,,0.07865784558008446,5001,,feff,0.9541688992224312,test
1.0,bump,,test-feff-bump-a1-noise0.0003-k12-r1,0.16438878079495545,0.22679341178024195,0.01143490518737462,,,0.006760536538758719,synthetic,12.0,rexafs_direct,0.0003,,0.07413724171343503,5001,,feff,0.9535104798865564,test
1.0,bump,0.011541836067122165,test-feff-bump-a1-noise0.0003-k12-r2,0.18058050417000804,0.23494105343530822,0.011845708610168332,,,0.007397072248789637,synthetic,12.0,larch_dynamic,0.0003,,0.08041644808081916,5002,,feff,0.9542240931190812,test
1.0,bump,0.011542072538223215,test-feff-bump-a1-noise0.0003-k12-r2,0.1805975424727314,0.23494597894305358,0.011845956953864149,,,0.007397823137007376,synthetic,12.0,fixed_0,0.0003,,0.08042331705181228,5002,,feff,0.9542229172562834,test
1.0,bump,0.011542072068227384,test-feff-bump-a1-noise0.0003-k12-r2,0.18059750854656095,0.2349459691529409,0.011845956460247468,,,0.007397821642298554,synthetic,12.0,fixed_1e-06,0.0003,,0.08042330337428248,5002,,feff,0.9542229195942337,test
1.0,bump,0.011542067838306073,test-feff-bump-a1-noise0.0003-k12-r2,0.18059720321243697,0.2349458810427744,0.011845952017740111,,,0.007397808189977304,synthetic,12.0,fixed_1e-05,0.0003,,0.08042318027710735,5002,,feff,0.9542229406355981,test
1.0,bump,0.011542025541102905,test-feff-bump-a1-noise0.0003-k12-r2,0.1805941500133487,0.23494499998305432,0.011845907594781421,,,0.007397673672961977,synthetic,12.0,fixed_0.0001,0.0003,,0.08042194936277196,5002,,feff,0.9542231510396691,test
1.0,bump,0.011541602771240585,test-feff-bump-a1-noise0.0003-k12-r2,0.18056363223496646,0.23493619360386217,0.011845463577866134,,,0.007396329122086953,synthetic,12.0,fixed_0.001,0.0003,,0.08040964596131661,5002,,feff,0.9542252541181967,test
1.0,bump,0.011537395192813129,test-feff-bump-a1-noise0.0003-k12-r2,0.1802598690600256,0.23484854959152784,0.011841044573965545,,,0.007382945253599208,synthetic,12.0,fixed_0.01,0.0003,,0.08028718344977967,5002,,feff,0.9542461891297608,test
1.0,bump,0.011497238849697973,test-feff-bump-a1-noise0.0003-k12-r2,0.17735737831552156,0.23401215367958772,0.01179887356080838,,,0.007254997193238647,synthetic,12.0,fixed_0.1,0.0003,,0.07911715018859264,5002,,feff,0.954446386574629,test
1.0,bump,0.011225116195951141,test-feff-bump-a1-noise0.0003-k12-r2,0.15753822461501585,0.22834749736224502,0.01151326205472706,,,0.0063778936229060175,synthetic,12.0,fixed_1,0.0003,,0.07113286073104448,5002,,feff,0.9558231000394963,test
1.0,bump,0.011479430741333832,test-feff-bump-a1-noise0.0003-k12-r2,0.17606824412437483,0.2336412743426792,0.011780173855114923,,,0.007198131575858648,synthetic,12.0,frozen_initial,0.0003,,0.07859754630486201,5002,,feff,0.954535400886999,test
1.0,bump,,test-feff-bump-a1-noise0.0003-k12-r2,0.16418806121400617,0.226020296213811,0.01139592476403857,,,0.006728891410621096,synthetic,12.0,rexafs_direct,0.0003,,0.07363981203814152,5002,,feff,0.9539701569061676,test
1.0,bump,0.014498646650284235,test-feff-bump-a1-noise0.003-k10-r0,0.24446515094580965,0.27001595713723053,0.015061002418986778,,,0.013488334717175041,synthetic,10.0,larch_dynamic,0.003,,0.12467998713518305,5000,,feff,0.9373603358186756,test
1.0,bump,0.014499793377369506,test-feff-bump-a1-noise0.003-k10-r0,0.24451788942231195,0.27003724974600996,0.01506219008224836,,,0.013491412592306285,synthetic,10.0,fixed_0,0.003,,0.12470210967070329,5000,,feff,0.9373541889368707,test
1.0,bump,0.014499791015353751,test-feff-bump-a1-noise0.003-k10-r0,0.244517780097249,0.2700372058811159,0.015062187635543794,,,0.01349140620537197,synthetic,10.0,fixed_1e-06,0.003,,0.12470206384274722,5000,,feff,0.9373542015999972,test
1.0,bump,0.014499769757393697,test-feff-bump-a1-noise0.003-k10-r0,0.24451679617952946,0.2700368111004739,0.015062165615392586,,,0.013491348723417718,synthetic,10.0,fixed_1e-05,0.003,,0.12470165139438114,5000,,feff,0.9373543155672157,test
1.0,bump,0.014499557194742198,test-feff-bump-a1-noise0.003-k10-r0,0.24450695776539594,0.27003286361156037,0.015061945431590467,,,0.013490773947810925,synthetic,10.0,fixed_0.0001,0.003,,0.12469752722563693,5000,,feff,0.9373554551551742,test
1.0,bump,0.014497433262071336,test-feff-bump-a1-noise0.003-k10-r0,0.24440864988761296,0.2699934204531765,0.015059745363453272,,,0.013485030583174075,synthetic,10.0,fixed_0.001,0.003,,0.12465631701203159,5000,,feff,0.9373668426145315,test
1.0,bump,0.014476361991330438,test-feff-bump-a1-noise0.003-k10-r0,0.2434331398039053,0.26960213691168433,0.015037920274197796,,,0.013428032782235253,synthetic,10.0,fixed_0.01,0.003,,0.12424733853089145,5000,,feff,0.9374798814383296,test
1.0,bump,0.014281221777838941,test-feff-bump-a1-noise0.003-k10-r0,0.2343813060333571,0.265980876591071,0.014835932913795907,,,0.012898573507077482,synthetic,10.0,fixed_0.1,0.003,,0.12044786050394433,5000,,feff,0.9385325132932582,test
1.0,bump,0.013196315040882143,test-feff-bump-a1-noise0.003-k10-r0,0.1836675707470565,0.24594137833108337,0.01371816589376915,,,0.009907063375467819,synthetic,10.0,fixed_1,0.003,,0.0989243253778997,5000,,feff,0.9446106871523211,test
1.0,bump,0.014296403542519138,test-feff-bump-a1-noise0.003-k10-r0,0.23508664650558958,0.26626244873502236,0.014851638499443997,,,0.01293986880243669,synthetic,10.0,frozen_initial,0.003,,0.1207442366845893,5000,,feff,0.9384502356014275,test
1.0,bump,,test-feff-bump-a1-noise0.003-k10-r0,0.1734635155811057,0.24335550038810552,0.013573930292409483,,,0.009363315153085932,synthetic,10.0,rexafs_direct,0.003,,0.09517471904278038,5000,,feff,0.9433030184885931,test
1.0,bump,0.014685598036183429,test-feff-bump-a1-noise0.003-k10-r1,0.2684874351361971,0.27631466414529654,0.015412332919934754,,,0.015016429332834176,synthetic,10.0,larch_dynamic,0.003,,0.1122971144024878,5001,,feff,0.9327026389018415,test
1.0,bump,0.014687209714389296,test-feff-bump-a1-noise0.003-k10-r1,0.2685608868936407,0.2763442990977975,0.015413985904062195,,,0.015020739924278537,synthetic,10.0,fixed_0,0.003,,0.11232765149228335,5001,,feff,0.9326942395159317,test
1.0,bump,0.014687206390501494,test-feff-bump-a1-noise0.003-k10-r1,0.26856073426984245,0.2763442379695242,0.015413982494437508,,,0.01502073095892054,synthetic,10.0,fixed_1e-06,0.003,,0.11232758810767274,5001,,feff,0.9326942568381202,test
1.0,bump,0.01468717647576879,test-feff-bump-a1-noise0.003-k10-r1,0.26855936066645597,0.27634368781986574,0.01541395180808318,,,0.015020650271319278,synthetic,10.0,fixed_1e-05,0.003,,0.1123270176506385,5001,,feff,0.9326944127365799,test
1.0,bump,0.014686877352684853,test-feff-bump-a1-noise0.003-k10-r1,0.2685456256938241,0.2763381867753513,0.015413644969755483,,,0.01501984345618011,synthetic,10.0,fixed_0.0001,0.003,,0.11232131351912755,5001,,feff,0.9326959716057507,test
1.0,bump,0.014683888544470747,test-feff-bump-a1-noise0.003-k10-r1,0.2684083820183578,0.27628322150542994,0.015410579106270885,,,0.015011781388236615,synthetic,10.0,fixed_0.001,0.003,,0.11226431605633093,5001,,feff,0.9327115487619433,test
1.0,bump,0.014654240817501947,test-feff-bump-a1-noise0.003-k10-r1,0.2670464707814127,0.2757380504499008,0.015380170449415418,,,0.014931764517117033,synthetic,10.0,fixed_0.01,0.003,,0.11169869378217617,5001,,feff,0.932866175341129,test
1.0,bump,0.014380029127698065,test-feff-bump-a1-noise0.003-k10-r1,0.25440591283931685,0.27070122380251543,0.015099225355930689,,,0.014187757710468478,synthetic,10.0,fixed_0.1,0.003,,0.10644712889832089,5001,,feff,0.9343059169315747,test
1.0,bump,0.012872682587567564,test-feff-bump-a1-noise0.003-k10-r1,0.18360638986901673,0.24322973778363646,0.013566915481469387,,,0.009953003286518068,synthetic,10.0,fixed_1,0.003,,0.0769384262225555,5001,,feff,0.942609495287492,test
1.0,bump,0.014372579061276314,test-feff-bump-a1-noise0.003-k10-r1,0.2540613633219088,0.2705645200052833,0.015091600265018925,,,0.01416744226429176,synthetic,10.0,frozen_initial,0.003,,0.10630393726253198,5001,,feff,0.9343452837786953,test
1.0,bump,,test-feff-bump-a1-noise0.003-k10-r1,0.15911175781929318,0.2366555852246551,0.013200221125167754,,,0.008563164604836172,synthetic,10.0,rexafs_direct,0.003,,0.06849500737873242,5001,,feff,0.9416495365075311,test
1.0,bump,0.014434904538386443,test-feff-bump-a1-noise0.003-k10-r2,0.2730789713590621,0.26939139325828126,0.01502616537383064,,,0.015448995542176441,synthetic,10.0,larch_dynamic,0.003,,0.1147296606522429,5002,,feff,0.9360060829708102,test
1.0,bump,0.014436456738889963,test-feff-bump-a1-noise0.003-k10-r2,0.2731517757815387,0.2694206368785411,0.01502779653015245,,,0.015453227878626501,synthetic,10.0,fixed_0,0.003,,0.11476044720311783,5002,,feff,0.9359978471574979,test
1.0,bump,0.014436453535879856,test-feff-bump-a1-noise0.003-k10-r2,0.27315162447989977,0.26942057651698464,0.01502779316329385,,,0.015453219074884006,synthetic,10.0,fixed_1e-06,0.003,,0.11476038329624057,5002,,feff,0.9359978641522195,test
1.0,bump,0.01443642470903865,test-feff-bump-a1-noise0.003-k10-r2,0.2731502627757913,0.2694200332677035,0.015027762861830095,,,0.015453139841812924,synthetic,10.0,fixed_1e-05,0.003,,0.1147598081387564,5002,,feff,0.9359980171034868,test
1.0,bump,0.014436136464142647,test-feff-bump-a1-noise0.003-k10-r2,0.27313664677730026,0.26941460122058924,0.01502745987205277,,,0.015452347570799878,synthetic,10.0,fixed_0.0001,0.003,,0.11475405699692941,5002,,feff,0.935999546502907,test
1.0,bump,0.014433256365321091,test-feff-bump-a1-noise0.003-k10-r2,0.2730005909827184,0.26936032529083226,0.015024432458717535,,,0.01544443082673535,synthetic,10.0,fixed_0.001,0.003,,0.11469658885046655,5002,,feff,0.936014829177085,test
1.0,bump,0.014404688533107519,test-feff-bump-a1-noise0.003-k10-r2,0.27165037401148767,0.26882198480973746,0.014994404798967461,,,0.01536585554226081,synthetic,10.0,fixed_0.01,0.003,,0.11412620228419514,5002,,feff,0.9361665323237075,test
1.0,bump,0.014140601889708749,test-feff-bump-a1-noise0.003-k10-r2,0.25910970811177697,0.26384769000785585,0.014716947618887482,,,0.014635179549445055,synthetic,10.0,fixed_0.1,0.003,,0.1088217995147274,5002,,feff,0.9375790293955276,test
1.0,bump,0.012694387762175257,test-feff-bump-a1-noise0.003-k10-r2,0.18840435314916595,0.2366984935385324,0.013202614473420029,,,0.010471352502074852,synthetic,10.0,fixed_1,0.003,,0.07856925320938762,5002,,feff,0.9457239922938783,test
1.0,bump,0.014136883457037803,test-feff-bump-a1-noise0.003-k10-r2,0.25893235735495096,0.26377768004649355,0.01471304258968621,,,0.014624834274712157,synthetic,10.0,frozen_initial,0.003,,0.1087466921893158,5002,,feff,0.9375990530032196,test
1.0,bump,,test-feff-bump-a1-noise0.003-k10-r2,0.1626707556239728,0.22993076733867052,0.012825122929039352,,,0.008980882011955838,synthetic,10.0,rexafs_direct,0.003,,0.06956912681817014,5002,,feff,0.945275599447727,test
1.0,bump,0.011624977034018857,test-feff-bump-a1-noise0.003-k12-r0,0.20362483592578612,0.2402226145041195,0.012112004485295898,,,0.008051772354105109,synthetic,12.0,larch_dynamic,0.003,,0.08691197409910718,5000,,feff,0.9578049883847146,test
1.0,bump,0.01162519512467195,test-feff-bump-a1-noise0.003-k12-r0,0.20363857133538762,0.24022704185528157,0.012112227711977714,,,0.008052405721467124,synthetic,12.0,fixed_0,0.003,,0.08691767652635393,5000,,feff,0.9578039128122775,test
1.0,bump,0.011625194691158792,test-feff-bump-a1-noise0.003-k12-r0,0.2036385439494528,0.2402270330539888,0.012112227268217255,,,0.008052404459192346,synthetic,12.0,fixed_1e-06,0.003,,0.08691766515656406,5000,,feff,0.9578039149515205,test
1.0,bump,0.011625190789580046,test-feff-bump-a1-noise0.003-k12-r0,0.2036382974772593,0.24022695384316187,0.01211222327441387,,,0.008052393098772193,synthetic,12.0,fixed_1e-05,0.003,,0.086917562828974,5000,,feff,0.9578039342045266,test
1.0,bump,0.011625151775636866,test-feff-bump-a1-noise0.003-k12-r0,0.2036358328743783,0.24022616177247277,0.012112183338274808,,,0.00805227949994664,synthetic,12.0,fixed_0.0001,0.003,,0.08691653960204258,5000,,feff,0.9578041267258298,test
1.0,bump,0.011624761821005025,test-feff-bump-a1-noise0.003-k12-r0,0.2036111987525588,0.24021824483136883,0.012111784166754845,,,0.008051144049326088,synthetic,12.0,fixed_0.001,0.003,,0.08690631223108818,5000,,feff,0.9578060510623656,test
1.0,bump,0.011620880667478458,test-feff-bump-a1-noise0.003-k12-r0,0.2033660425293961,0.24013945021535055,0.012107811348689398,,,0.008039843052802583,synthetic,12.0,fixed_0.01,0.003,,0.08680452602470322,5000,,feff,0.9578252071789437,test
1.0,bump,0.011583824109772647,test-feff-bump-a1-noise0.003-k12-r0,0.20102754764262162,0.23938726030986393,0.012069885995458794,,,0.007931942642283382,synthetic,12.0,fixed_0.1,0.003,,0.08583319048101272,5000,,feff,0.9580084303630714,test
1.0,bump,0.011331777397645657,test-feff-bump-a1-noise0.003-k12-r0,0.18527115965418905,0.2342773870467337,0.011812246605386859,,,0.007199732258570115,synthetic,12.0,fixed_1,0.003,,0.0792649746542027,5000,,feff,0.9592710558114794,test
1.0,bump,0.01157099788026982,test-feff-bump-a1-noise0.003-k12-r0,0.20021912432006117,0.23912696187120766,0.012056761769569288,,,0.007894597413886227,synthetic,12.0,frozen_initial,0.003,,0.0854972162546316,5000,,feff,0.958071986567871,test
1.0,bump,,test-feff-bump-a1-noise0.003-k12-r0,0.18673075029068073,0.23081136223648088,0.011637489919241437,,,0.007435625513587959,synthetic,12.0,rexafs_direct,0.003,,0.08202338959066317,5000,,feff,0.9577850001622685,test
1.0,bump,0.01163910090464352,test-feff-bump-a1-noise0.003-k12-r1,0.20312043668594354,0.242755072885145,0.012239690828786594,,,0.0079214836058439,synthetic,12.0,larch_dynamic,0.003,,0.08354693780562981,5001,,feff,0.9534727414654904,test
1.0,bump,0.011639287574302628,test-feff-bump-a1-noise0.003-k12-r1,0.20313170995711594,0.2427587215028971,0.012239874791793864,,,0.00792201503297831,synthetic,12.0,fixed_0,0.003,,0.08355188806555038,5001,,feff,0.9534718409740889,test
1.0,bump,0.011639287203133071,test-feff-bump-a1-noise0.003-k12-r1,0.2031316875129018,0.24275871424876072,0.012239874426040903,,,0.00792201397510532,synthetic,12.0,fixed_1e-06,0.003,,0.08355187820929282,5001,,feff,0.9534718427648639,test
1.0,bump,0.011639283862632348,test-feff-bump-a1-noise0.003-k12-r1,0.20313148551594606,0.2427586489620313,0.01223987113428937,,,0.007922004454291497,synthetic,12.0,fixed_1e-05,0.003,,0.0835517895034007,5001,,feff,0.9534718588817133,test
1.0,bump,0.011639250459198497,test-feff-bump-a1-noise0.003-k12-r1,0.20312946564393536,0.24275799612569834,0.012239838218335103,,,0.007921909250642836,synthetic,12.0,fixed_0.0001,0.003,,0.08355090248639362,5001,,feff,0.9534720200428416,test
1.0,bump,0.011638916582572352,test-feff-bump-a1-noise0.003-k12-r1,0.2031092766807854,0.24275147086558968,0.012239509215256576,,,0.007920957663184796,synthetic,12.0,fixed_0.001,0.003,,0.08354203650857958,5001,,feff,0.9534736309161859,test
1.0,bump,0.011635593512236956,test-feff-bump-a1-noise0.003-k12-r1,0.2029083580545121,0.24268652709434585,0.012236234755646596,,,0.007911486479261315,synthetic,12.0,fixed_0.01,0.003,,0.08345379397358492,5001,,feff,0.9534896662001097,test
1.0,bump,0.011603860923932792,test-feff-bump-a1-noise0.003-k12-r1,0.2009918119369529,0.24206655804887195,0.012204975967313845,,,0.007821042113048314,synthetic,12.0,fixed_0.1,0.003,,0.08261120483019763,5001,,feff,0.9536429997893259,test
1.0,bump,0.011387942595623356,test-feff-bump-a1-noise0.003-k12-r1,0.18807327226438933,0.2378576689430512,0.011992764124423674,,,0.0072062906570675,synthetic,12.0,fixed_1,0.003,,0.07688656660857021,5001,,feff,0.9546968185991218,test
1.0,bump,0.011591474992479917,test-feff-bump-a1-noise0.003-k12-r1,0.20024479280123478,0.24182466473919834,0.012192779726515378,,,0.0077857397100611295,synthetic,12.0,frozen_initial,0.003,,0.08228235990418745,5001,,feff,0.9537029531184666,test
1.0,bump,,test-feff-bump-a1-noise0.003-k12-r1,0.1859296812240899,0.23310201175887724,0.01175298427994839,,,0.00730901093280676,synthetic,12.0,rexafs_direct,0.003,,0.0783743854919354,5001,,feff,0.9524827656783517,test
1.0,bump,0.011459201845400405,test-feff-bump-a1-noise0.003-k12-r2,0.21171603349983514,0.23743068624166563,0.011971235691703044,,,0.008172554591007864,synthetic,12.0,larch_dynamic,0.003,,0.08458442434918478,5002,,feff,0.956970314965255,test
1.0,bump,0.0114594857221907,test-feff-bump-a1-noise0.003-k12-r2,0.2117341209906732,0.2374364461506433,0.011971526105840437,,,0.008173390362687995,synthetic,12.0,fixed_0,0.003,,0.08459216984106481,5002,,feff,0.9569689057686573,test
1.0,bump,0.01145948515857218,test-feff-bump-a1-noise0.003-k12-r2,0.2117340850009364,0.23743643471343337,0.01197152552917725,,,0.008173388700400042,synthetic,12.0,fixed_1e-06,0.003,,0.08459215442925005,5002,,feff,0.9569689085678792,test
1.0,bump,0.011459480086033735,test-feff-bump-a1-noise0.003-k12-r2,0.2117337610948381,0.23743633177911902,0.011971520339237577,,,0.008173373739874765,synthetic,12.0,fixed_1e-05,0.003,,0.08459201572356888,5002,,feff,0.9569689337607349,test
1.0,bump,0.011459429363088042,test-feff-bump-a1-noise0.003-k12-r2,0.21173052219246913,0.23743530248570283,0.011971468442348107,,,0.008173224141754313,synthetic,12.0,fixed_0.0001,0.003,,0.08459062873330978,5002,,feff,0.9569691856778032,test
1.0,bump,0.011458922378453206,test-feff-bump-a1-noise0.003-k12-r2,0.2116981490283695,0.2374250145438391,0.01197094972516465,,,0.008171728873584408,synthetic,12.0,fixed_0.001,0.003,,0.08457676548657224,5002,,feff,0.9569717036952999,test
1.0,bump,0.011453876894909423,test-feff-bump-a1-noise0.003-k12-r2,0.2113759957181586,0.23732263190975578,0.011965787601166483,,,0.008156847158553164,synthetic,12.0,fixed_0.01,0.003,,0.08443879544290628,5002,,feff,0.9569967690896107,test
1.0,bump,0.01140574555783507,test-feff-bump-a1-noise0.003-k12-r2,0.20830503061897268,0.23634617522481488,0.011916554735342779,,,0.008014805984123297,synthetic,12.0,fixed_0.1,0.003,,0.08312232551586192,5002,,feff,0.9572364539516821,test
1.0,bump,0.011080762907877293,test-feff-bump-a1-noise0.003-k12-r2,0.18773369928227598,0.22976421142566145,0.011584692661399552,,,0.007053878094122609,synthetic,12.0,fixed_1,0.003,,0.07423555248012179,5002,,feff,0.9588839544213157,test
1.0,bump,0.011378516470259697,test-feff-bump-a1-noise0.003-k12-r2,0.20656966259535794,0.23579394907005724,0.011888711537993814,,,0.007934392821684722,synthetic,12.0,frozen_initial,0.003,,0.08237736834218833,5002,,feff,0.9573725162765354,test
1.0,bump,,test-feff-bump-a1-noise0.003-k12-r2,0.18148184483916946,0.22500405101238027,0.011344685764482687,,,0.006962059669506992,synthetic,12.0,rexafs_direct,0.003,,0.07470887744182982,5002,,feff,0.9570927365316095,test
,,,cu-standard-k10,0.0,0.0,0.0,,cu,0.0,measured,10.0,larch_dynamic,,,0.0,,standard,,1.0,
,,,cu-standard-k10,2.1277705871227364e-05,1.060563555759287e-05,5.225540992574005e-07,,cu,1.0763829396254498e-06,measured,10.0,fixed_0,,,9.933015212861198e-06,,standard,,1.0000015284695611,
,,,cu-standard-k10,2.123859684124427e-05,1.0586043266535415e-05,5.215887604099247e-07,,cu,1.074407654604563e-06,measured,10.0,fixed_1e-06,,,9.914736805365464e-06,,standard,,1.0000015256245391,
,,,cu-standard-k10,2.088661842615722e-05,1.0409714414561787e-05,5.129007978719131e-07,,cu,1.0566302268065796e-06,measured,10.0,fixed_1e-05,,,9.750232404279645e-06,,standard,,1.0000015000196008,
,,,cu-standard-k10,1.7367121794293314e-05,8.646600154081911e-06,4.260297584825444e-07,,cu,8.788695789110508e-07,measured,10.0,fixed_0.0001,,,8.10531514509217e-06,,standard,,1.0000012439892598,
,,,cu-standard-k10,1.7805286788805773e-05,8.976661460116766e-06,4.422923282774573e-07,,cu,8.974962021144921e-07,measured,10.0,fixed_0.001,,,8.332380021232548e-06,,standard,,0.9999986855859885,
,,,cu-standard-k10,0.00036693884125442504,0.0001838866044466273,9.0603432892162e-06,,cu,1.8531123756440564e-05,measured,10.0,fixed_0.01,,,0.00017150275656998998,,standard,,0.9999732901677577,
,,,cu-standard-k10,0.0036189131376373174,0.001812576907055012,8.930813130975374e-05,,cu,0.00018279863384575281,measured,10.0,fixed_0.1,,,0.001691234943258056,,standard,,0.9997368925748233,
,,,cu-standard-k10,0.022403588734270674,0.011189708492849027,0.0005513321677593773,,cu,0.0011329517903359955,measured,10.0,fixed_1,,,0.010463496665182842,,standard,,0.9983803319105774,
,,,cu-standard-k10,0.018332209480552877,0.009164107787776292,0.0004515280639745137,,cu,0.0009267344932483803,measured,10.0,frozen_initial,,,0.008563597172377781,,standard,,0.998672371128961,
,,,cu-standard-k10,0.11204155396421431,0.05293305929631554,0.0026080838787376492,,cu,0.005828325264640194,measured,10.0,rexafs_direct,,,0.05040873529923092,,standard,,0.9839188005999645,
,,,cu-standard-k12,0.0,0.0,0.0,,cu,0.0,measured,12.0,larch_dynamic,,,0.0,,standard,,1.0,
,,,cu-standard-k12,1.737069699442701e-05,6.678765306305074e-06,2.978111630963841e-07,,cu,6.423919323534577e-07,measured,12.0,fixed_0,,,8.06349299699582e-06,,standard,,1.0000008741242299,
,,,cu-standard-k12,1.733793734245264e-05,6.666157459373354e-06,2.9724896972879685e-07,,cu,6.411764066015865e-07,measured,12.0,fixed_1e-06,,,8.048282397978938e-06,,standard,,1.000000872461478,
,,,cu-standard-k12,1.7043102954817664e-05,6.552688725586057e-06,2.9218931363452325e-07,,cu,6.302367351042495e-07,measured,12.0,fixed_1e-05,,,7.911387738048275e-06,,standard,,1.0000008574968224,
,,,cu-standard-k12,1.4095024404106592e-05,5.418204583432734e-06,2.416018133415984e-07,,cu,5.208459468211187e-07,measured,12.0,fixed_0.0001,,,6.542511605258267e-06,,standard,,1.0000007078572313,
,,,cu-standard-k12,1.5386824824845396e-05,5.938309652294955e-06,2.6479368914294694e-07,,cu,5.726629821107864e-07,measured,12.0,fixed_0.001,,,7.1407965135945365e-06,,standard,,0.9999992121584667,
,,,cu-standard-k12,0.000308774870439454,0.00011888736055428417,5.301276733096999e-06,,cu,1.1457249255412817e-05,measured,12.0,fixed_0.01,,,0.00014334212646096745,,standard,,0.9999843245662545,
,,,cu-standard-k12,0.0031136712495731527,0.00119841552676349,5.343824876751825e-05,,cu,0.00011553089563283354,measured,12.0,fixed_0.1,,,0.0014454298606595296,,standard,,0.9998420803049934,
,,,cu-standard-k12,0.022350503568622282,0.008578497969828224,0.00038252166992642865,,cu,0.0008302988430428984,measured,12.0,fixed_1,,,0.010373139959785185,,standard,,0.9988725989409319,
,,,cu-standard-k12,0.031570997952542916,0.012089519022723292,0.0005390807366795986,,cu,0.0011740049548638635,measured,12.0,frozen_initial,,,0.01464955094303743,,standard,,0.9984147134868522,
,,,cu-standard-k12,0.16968360983656347,0.05800993482925317,0.002586706579782935,,cu,0.0066039214630877465,measured,12.0,rexafs_direct,,,0.07656726886463046,,standard,,0.9848157357475129,
,,,cu-fine_fft-k10,0.0,0.0,0.0,,cu,0.0,measured,10.0,larch_dynamic,,,0.0,,fine_fft,,1.0,
,,,cu-fine_fft-k10,2.1880003477522683e-06,1.098055158244029e-06,5.384678271381819e-08,,cu,1.1181776333085621e-07,measured,10.0,fixed_0,,,1.04078202010179e-06,,fine_fft,,1.0000001496065805,
,,,cu-fine_fft-k10,2.182400682440522e-06,1.0952169593476066e-06,5.37076022016856e-08,,cu,1.1153259042804337e-07,measured,10.0,fixed_1e-06,,,1.0381119855250378e-06,,fine_fft,,1.0000001492134674,
,,,cu-fine_fft-k10,2.13200394264533e-06,1.0696735684539573e-06,5.2454997167322847e-08,,cu,1.0896603888785447e-07,measured,10.0,fixed_1e-05,,,1.0140817229036528e-06,,fine_fft,,1.0000001456754581,
,,,cu-fine_fft-k10,1.628075712249268e-06,8.142919474192011e-07,3.993151093467124e-08,,cu,8.330154920392151e-08,measured,10.0,fixed_0.0001,,,7.737886490077352e-07,,fine_fft,,1.0000001102959883,
,,,cu-fine_fft-k10,3.412217774181336e-06,1.7420638306776724e-06,8.542788753354733e-08,,cu,1.733330794942178e-07,measured,10.0,fixed_0.001,,,1.6290399782772804e-06,,fine_fft,,0.9999997565652187,
,,,cu-fine_fft-k10,5.37170647740367e-05,2.7247890328982223e-05,1.336190826971722e-06,,cu,2.7349331373542653e-06,measured,10.0,fixed_0.01,,,2.561286053997658e-05,,fine_fft,,0.9999962256343323,
,,,cu-fine_fft-k10,0.0005478800406834928,0.00027779396753359147,1.3622550102958007e-05,,cu,2.7898818921278398e-05,measured,10.0,fixed_0.1,,,0.0002612123579739379,,fine_fft,,0.9999615426399968,
,,,cu-fine_fft-k10,0.004737271967797313,0.0024010663562908205,0.00011774426575747479,,cu,0.00024126803794514862,measured,10.0,fixed_1,,,0.002258419380314111,,fine_fft,,0.99966772275171,
,,,cu-fine_fft-k10,0.015498800052245748,0.007842151346581809,0.0003845659449781686,,cu,0.0007899528218144506,measured,10.0,frozen_initial,,,0.007386321461001428,,fine_fft,,0.9989164988028683,
,,,cu-fine_fft-k10,0.056377730827009066,0.029256613655024723,0.0014346952487737737,,cu,0.0028402612112212546,measured,10.0,rexafs_direct,,,0.02561453441226284,,fine_fft,,0.9894271583227909,
,,,cu-fine_fft-k12,0.0,0.0,0.0,,cu,0.0,measured,12.0,larch_dynamic,,,0.0,,fine_fft,,1.0,
,,,cu-fine_fft-k12,8.204172667530182e-07,3.1614284327158583e-07,1.4025750075343806e-08,,cu,3.038393235748339e-08,measured,12.0,fixed_0,,,3.8608436748726464e-07,,fine_fft,,1.0000000381926057,
,,,cu-fine_fft-k12,8.178900742953639e-07,3.1517040106521895e-07,1.3982607452825227e-08,,cu,3.028922290490965e-08,measured,12.0,fixed_1e-06,,,3.848918429763337e-07,,fine_fft,,1.0000000380715068,
,,,cu-fine_fft-k12,7.951464393680889e-07,3.064198641905374e-07,1.3594387868414362e-08,,cu,2.9436839756927223e-08,measured,12.0,fixed_1e-05,,,3.7415915914066203e-07,,fine_fft,,1.000000036981638,
,,,cu-fine_fft-k12,5.678773476985931e-07,2.1911205200141392e-07,9.720956666501204e-09,,cu,2.091429789010295e-08,measured,12.0,fixed_0.0001,,,2.6684304476474873e-07,,fine_fft,,1.0000000260830766,
,,,cu-fine_fft-k12,1.7124397641578687e-06,6.632734987532075e-07,2.9426281578417993e-08,,cu,6.435757124752797e-08,measured,12.0,fixed_0.001,,,8.066506230483762e-07,,fine_fft,,0.9999999171097137,
,,,cu-fine_fft-k12,2.446475506747537e-05,9.446844056388433e-06,4.1911141294388427e-07,,cu,9.159533821384789e-07,measured,12.0,fixed_0.01,,,1.1528207935364767e-05,,fine_fft,,0.9999988285981551,
,,,cu-fine_fft-k12,0.0002494940274878372,9.631891858789543e-05,4.2732110132908026e-06,,cu,9.338651373195314e-06,measured,12.0,fixed_0.1,,,0.00011756584608213028,,fine_fft,,0.9999880643367229,
,,,cu-fine_fft-k12,0.002275021953609118,0.0008777788092911783,3.8942859098583526e-05,,cu,8.517613469277772e-05,measured,12.0,fixed_1,,,0.001071993065338829,,fine_fft,,0.999891288930491,
,,,cu-fine_fft-k12,0.013637449657381147,0.005220169140863712,0.00023159400656708523,,cu,0.0005125358566392348,measured,12.0,frozen_initial,,,0.006422645475696234,,fine_fft,,0.9993582152316682,
,,,cu-fine_fft-k12,0.07758041122581423,0.03071010066363411,0.001362460690994536,,cu,0.0029219354903661414,measured,12.0,rexafs_direct,,,0.034884488015014044,,fine_fft,,0.9895986005635485,
,,,ni-standard-k10,0.0,0.0,0.0,,ni,0.0,measured,10.0,larch_dynamic,,,0.0,,standard,,1.0,
,,,ni-standard-k10,0.00012312351333710865,5.910815271544722e-05,2.82074565247002e-06,,ni,5.736511408455927e-06,measured,10.0,fixed_0,,,5.6700656006920656e-05,,standard,,1.0000141495171018,
,,,ni-standard-k10,0.00012292197921477164,5.901160624764731e-05,2.8161382841663784e-06,,ni,5.727127918932525e-06,measured,10.0,fixed_1e-06,,,5.6607842627309794e-05,,standard,,1.0000141264751192,
,,,ni-standard-k10,0.00012110818660837916,5.814269617244146e-05,2.7746723576498867e-06,,ni,5.642677155440407e-06,measured,10.0,fixed_1e-05,,,5.5772528529797775e-05,,standard,,1.0000139190988766,
,,,ni-standard-k10,0.00010297170566923629,4.945442540191744e-05,2.360052700672631e-06,,ni,4.798232851528013e-06,measured,10.0,fixed_0.0001,,,4.742001111847092e-05,,standard,,1.0000118454905818,
,,,ni-standard-k10,7.827301653368557e-05,3.739264392364018e-05,1.7844431425515157e-06,,ni,3.6399930013221675e-06,measured,10.0,fixed_0.001,,,3.604330723199753e-05,,standard,,0.9999911248113834,
,,,ni-standard-k10,0.0018772310149401503,0.0008992660149782868,4.2914565683950585e-05,,ni,8.739797128908744e-05,measured,10.0,fixed_0.01,,,0.0008645076083125556,,standard,,0.9997854469037941,
,,,ni-standard-k10,0.018621053948402938,0.008921750826150465,0.0004257617384261087,,ni,0.0008669531915392364,measured,10.0,fixed_0.1,,,0.008575538972636128,,standard,,0.9978708720456813,
,,,ni-standard-k10,0.11490385051864573,0.05508578611640914,0.0026287911999007016,,ni,0.005348362160999345,measured,10.0,fixed_1,,,0.052923398653624866,,standard,,0.9868472695187849,
,,,ni-standard-k10,0.19728432306704208,0.09474700480493575,0.00452149474497507,,ni,0.009176043116073273,measured,10.0,frozen_initial,,,0.09090210617621466,,standard,,0.9773435764601234,
,,,ni-standard-k10,0.2318136944502539,0.12021776474584135,0.0057370044854721846,,ni,0.010358615559246892,measured,10.0,rexafs_direct,,,0.10923521073878478,,standard,,0.9642974059032724,
,,,ni-standard-k12,0.0,0.0,0.0,,ni,0.0,measured,12.0,larch_dynamic,,,0.0,,standard,,1.0,
,,,ni-standard-k12,4.4545757701600445e-05,1.6039980745978543e-05,6.864024912560851e-07,,ni,1.459698559532635e-06,measured,12.0,fixed_0,,,1.9860760604363333e-05,,standard,,1.0000035890376076,
,,,ni-standard-k12,4.447110161605867e-05,1.6013217853236262e-05,6.852572207883433e-07,,ni,1.4572495346538157e-06,measured,12.0,fixed_1e-06,,,1.9827488127835842e-05,,standard,,1.000003583074302,
,,,ni-standard-k12,4.3799200197877656e-05,1.577235315863869e-05,6.749498439251345e-07,,ni,1.435208416617687e-06,measured,12.0,fixed_1e-05,,,1.95280372686756e-05,,standard,,1.000003529404779,
,,,ni-standard-k12,3.708051753056087e-05,1.3363846534921637e-05,5.718820801349161e-07,,ni,1.2148075858161468e-06,measured,12.0,fixed_0.0001,,,1.6533669201309055e-05,,standard,,1.0000029927342573,
,,,ni-standard-k12,3.0078495386510654e-05,1.0714498543569494e-05,4.585079377174232e-07,,ni,9.882095087715457e-07,measured,12.0,fixed_0.001,,,1.3396551260984128e-05,,standard,,0.9999976284994531,
,,,ni-standard-k12,0.0006985641078436861,0.0002503658227925272,1.0713960771633467e-05,,ni,2.2916981258107154e-05,measured,12.0,fixed_0.01,,,0.00031132191767933886,,standard,,0.9999442320472348,
,,,ni-standard-k12,0.0070886862345134714,0.0025413400009918524,0.000108752132277147,,ni,0.00023253144552770646,measured,12.0,fixed_0.1,,,0.003159228020274896,,standard,,0.9994337630071947,
,,,ni-standard-k12,0.05087731191512614,0.01824841534296408,0.0007809085279623357,,ni,0.0016685915638318984,measured,12.0,fixed_1,,,0.02267537860412628,,standard,,0.9959323481416449,
,,,ni-standard-k12,0.07646081710056236,0.027437678756520045,0.0011741467368956353,,ni,0.0025070963821905044,measured,12.0,frozen_initial,,,0.034078811562353546,,standard,,0.9938814183673965,
,,,ni-standard-k12,0.11988519456978927,0.0515445002874861,0.0022057553539614324,,ni,0.0036634890238674135,measured,12.0,rexafs_direct,,,0.05392125605781302,,standard,,0.9810088810955047,
,,,ni-fine_fft-k10,0.0,0.0,0.0,,ni,0.0,measured,10.0,larch_dynamic,,,0.0,,fine_fft,,1.0,
,,,ni-fine_fft-k10,2.9361278548937217e-05,1.4214947858202317e-05,6.75922978873251e-07,,ni,1.3771883937483867e-06,measured,10.0,fixed_0,,,1.3720648845403048e-05,,fine_fft,,1.0000032066201248,
,,,ni-fine_fft-k10,2.9311308215456854e-05,1.4190933256641766e-05,6.747810808385076e-07,,ni,1.3748496297289524e-06,measured,10.0,fixed_1e-06,,,1.3697282376123763e-05,,fine_fft,,1.0000032012365738,
,,,ni-fine_fft-k10,2.886157845426141e-05,1.3974806765051381e-05,6.645042325892962e-07,,ni,1.3538008058538023e-06,measured,10.0,fixed_1e-05,,,1.3486984604131309e-05,,fine_fft,,1.00000315278474,
,,,ni-fine_fft-k10,2.4364647963173103e-05,1.1814114585402494e-05,5.617629837950774e-07,,ni,1.143317850987529e-06,measured,10.0,fixed_0.0001,,,1.1384051398334808e-05,,fine_fft,,1.000002668275192,
,,,ni-fine_fft-k10,2.0637036686939432e-05,9.865888572038899e-06,4.6912453421320083e-07,,ni,9.61337270595939e-07,measured,10.0,fixed_0.001,,,9.642349833211965e-06,,fine_fft,,0.9999978240602185,
,,,ni-fine_fft-k10,0.0004695886698902671,0.00022579789442232334,1.0736724956270496e-05,,ni,2.196840153193459e-05,measured,10.0,fixed_0.01,,,0.0002195192474422562,,fine_fft,,0.9999494698020956,
,,,ni-fine_fft-k10,0.0048790544731178885,0.002346798281486117,0.00011159062284716164,,ni,0.00022828796798799665,measured,10.0,fixed_0.1,,,0.002280814514235079,,fine_fft,,0.9994745580054468,
,,,ni-fine_fft-k10,0.04219936666535748,0.02029908649781293,0.0009652247163249656,,ni,0.001974474867253768,measured,10.0,fixed_1,,,0.019727115980304705,,fine_fft,,0.9954547174414822,
,,,ni-fine_fft-k10,0.22905433638214945,0.1103201636628687,0.005245740919813756,,ni,0.010711160867632782,measured,10.0,frozen_initial,,,0.10710376872486567,,fine_fft,,0.9752707515026773,
,,,ni-fine_fft-k10,0.24071379272905152,0.11978500713016774,0.005695795696996376,,ni,0.011094786244182815,measured,10.0,rexafs_direct,,,0.1136766794883307,,fine_fft,,0.9668743839578333,
,,,ni-fine_fft-k12,0.0,0.0,0.0,,ni,0.0,measured,12.0,larch_dynamic,,,0.0,,fine_fft,,1.0,
,,,ni-fine_fft-k12,9.298253443634956e-06,3.374783129309149e-06,1.4393177560587653e-07,,ni,3.062193097898381e-07,measured,12.0,fixed_0,,,4.205200396926118e-06,,fine_fft,,1.0000007204050563,
,,,ni-fine_fft-k12,9.279672011966919e-06,3.368139728167401e-06,1.4364843991117973e-07,,ni,3.0560475857495827e-07,measured,12.0,fixed_1e-06,,,4.1968039070020635e-06,,fine_fft,,1.000000719003225,
,,,ni-fine_fft-k12,9.112440019311005e-06,3.308350141993383e-06,1.410984623360196e-07,,ni,3.000738090812245e-07,measured,12.0,fixed_1e-05,,,4.121235644156608e-06,,fine_fft,,1.0000007063867604,
,,,ni-fine_fft-k12,7.440228146304728e-06,2.7105794735262805e-06,1.1560402597643205e-07,,ni,2.447656228716568e-07,measured,12.0,fixed_0.0001,,,3.365569940623915e-06,,fine_fft,,1.0000005802235092,
,,,ni-fine_fft-k12,9.288957032333961e-06,3.2786571570659665e-06,1.398320805035027e-07,,ni,3.083230610503257e-07,measured,12.0,fixed_0.001,,,4.191094161455979e-06,,fine_fft,,0.9999993187315224,
,,,ni-fine_fft-k12,0.0001763485402766965,6.304052207734702e-05,2.6886273665743543e-06,,ni,5.832700740548313e-06,measured,12.0,fixed_0.01,,,7.966923323602777e-05,,fine_fft,,0.9999867178478763,
,,,ni-fine_fft-k12,0.0018285520862001226,0.0006541007104101616,2.7896867166594013e-05,,ni,6.046773202302503e-05,measured,12.0,fixed_0.1,,,0.0008261344922773021,,fine_fft,,0.9998620970247329,
,,,ni-fine_fft-k12,0.01669560097249675,0.005972798479230622,0.0002547350325968135,,ni,0.000552083990655976,measured,12.0,fixed_1,,,0.007543073882484346,,fine_fft,,0.9987406602046655,
,,,ni-fine_fft-k12,0.10471798152493329,0.03747806007374813,0.0015984090017015517,,ni,0.003462062144372122,measured,12.0,frozen_initial,,,0.047312599202501804,,fine_fft,,0.9920950621368652,
,,,ni-fine_fft-k12,0.1421106580087607,0.05314020858606485,0.002266386989858129,,ni,0.00466241501598028,measured,12.0,rexafs_direct,,,0.06453289284024599,,fine_fft,,0.9825413056571514,
,,,ru-standard-k10,0.0,0.0,0.0,,ru,0.0,measured,10.0,larch_dynamic,,,0.0,,standard,,1.0,
,,,ru-standard-k10,0.00022525108175977312,6.426332282348054e-05,1.2353597989417964e-06,,ru,2.5115338231012535e-06,measured,10.0,fixed_0,,,0.00011014993731400215,,standard,,1.000019880141556,
,,,ru-standard-k10,0.00022480206299190934,6.413534731766262e-05,1.232899674127352e-06,,ru,2.506525868328469e-06,measured,10.0,fixed_1e-06,,,0.00010993040784262049,,standard,,1.0000198406051273,
,,,ru-standard-k10,0.00022076092439506884,6.298357638501405e-05,1.2107587164975688e-06,,ru,2.4614546131842196e-06,measured,10.0,fixed_1e-05,,,0.00010795465739246238,,standard,,1.0000194847798518,
,,,ru-standard-k10,0.00018035255245668773,5.146673135086456e-05,9.8936575484025e-07,,ru,2.0107756239241626e-06,measured,10.0,fixed_0.0001,,,8.81986241095317e-05,,standard,,1.0000159267917974,
,,,ru-standard-k10,0.0002234318794309756,6.36169951827046e-05,1.2229351817685969e-06,,ru,2.492669831172914e-06,measured,10.0,fixed_0.001,,,0.00010921516869797654,,standard,,0.9999803733314326,
,,,ru-standard-k10,0.004231470932831711,0.001205959876466889,2.318265357389314e-05,,ru,4.719467984390927e-05,measured,10.0,fixed_0.01,,,0.0020687834529962553,,standard,,0.9996274610791288,
,,,ru-standard-k10,0.04153981153182389,0.011839628643636538,0.00022759796129627214,,ru,0.0004632927903750431,measured,10.0,fixed_0.1,,,0.020309300774597052,,standard,,0.9963422718584048,
,,,ru-standard-k10,0.2561998121648379,0.07304124574520506,0.001404101355077858,,ru,0.0028570745325435204,measured,10.0,fixed_1,,,0.12526641891304063,,standard,,0.9774312298464186,
,,,ru-standard-k10,0.0008692850667550596,0.0002476930157096881,4.761502839293036e-06,,ru,9.695934321395814e-06,measured,10.0,frozen_initial,,,0.00042497879088729176,,standard,,0.9999235054315693,
,,,ru-standard-k10,0.06715229153248357,0.04575951300047252,0.0008796535923798125,,ru,0.0006423402115883533,measured,10.0,rexafs_direct,,,0.03649598055112292,,standard,,0.9777167721840802,
,,,ru-standard-k12,0.0,0.0,0.0,,ru,0.0,measured,12.0,larch_dynamic,,,0.0,,standard,,1.0,
,,,ru-standard-k12,8.773442989790654e-05,1.74684525686421e-05,3.0419715334303e-07,,ru,6.513242654361832e-07,measured,12.0,fixed_0,,,3.979127956874766e-05,,standard,,1.000005594757465,
,,,ru-standard-k12,8.756413817921006e-05,1.7434551807481465e-05,3.0360680253773087e-07,,ru,6.500601942180664e-07,measured,12.0,fixed_1e-06,,,3.971404552562438e-05,,standard,,1.0000055839055069,
,,,ru-standard-k12,8.603151982306586e-05,1.7129446182205655e-05,2.982936666252543e-07,,ru,6.386836066898003e-07,measured,12.0,fixed_1e-05,,,3.901894235302331e-05,,standard,,1.0000054862380796,
,,,ru-standard-k12,7.070604386922928e-05,1.4078531015719452e-05,2.4516476438910605e-07,,ru,5.249229774523631e-07,measured,12.0,fixed_0.0001,,,3.2068231083937e-05,,standard,,1.0000045096087034,
,,,ru-standard-k12,8.247821233457925e-05,1.6416630375755332e-05,2.858806301340111e-07,,ru,6.121592374942659e-07,measured,12.0,fixed_0.001,,,3.740686188900196e-05,,standard,,0.9999947478131539,
,,,ru-standard-k12,0.0016072914769848518,0.00031996903287991155,5.571968586085107e-06,,ru,1.193080050050158e-05,measured,12.0,fixed_0.01,,,0.0007289700260164357,,standard,,0.9998975775547831,
,,,ru-standard-k12,0.01618379452836576,0.0032218237072151957,5.6105118438898756e-05,,ru,0.00012013113332855794,measured,12.0,fixed_0.1,,,0.007339997007596762,,standard,,0.998968654807069,
,,,ru-standard-k12,0.1161024354714676,0.02311590399554502,0.00040254236399957097,,ru,0.0008617776807679396,measured,12.0,fixed_1,,,0.05265752660328834,,standard,,0.9925996390170272,
,,,ru-standard-k12,0.0005359695342580465,0.00010669539978905186,1.8580029778303988e-06,,ru,3.978412426972292e-06,measured,12.0,frozen_initial,,,0.00024308311844319623,,standard,,0.9999658486623058,
,,,ru-standard-k12,0.06793090373508699,0.04725006087117835,0.0008228166722734873,,ru,0.00036317740964662956,measured,12.0,rexafs_direct,,,0.03169337302378218,,standard,,0.9754812183048407,
,,,ru-fine_fft-k10,0.0,0.0,0.0,,ru,0.0,measured,10.0,larch_dynamic,,,0.0,,fine_fft,,1.0,
,,,ru-fine_fft-k10,3.123040396627257e-05,8.748642042745853e-06,1.6868594743835543e-07,,ru,3.4300230213997995e-07,measured,10.0,fixed_0,,,1.532636131416721e-05,,fine_fft,,1.0000026140248512,
,,,ru-fine_fft-k10,3.112056608993453e-05,8.71799591547761e-06,1.6809504761775458e-07,,ru,3.417944153112023e-07,measured,10.0,fixed_1e-06,,,1.5272499248093887e-05,,fine_fft,,1.00000260492107,
,,,ru-fine_fft-k10,3.0132027647470788e-05,8.442181726930492e-06,1.6277696768207015e-07,,ru,3.3092345628182993e-07,measured,10.0,fixed_1e-05,,,1.4787741674814718e-05,,fine_fft,,1.00000252298703,
,,,ru-fine_fft-k10,2.024691722344834e-05,5.684166970108581e-06,1.0959861954183128e-07,,ru,2.222162790041597e-07,measured,10.0,fixed_0.0001,,,9.940274517675057e-06,,fine_fft,,1.0000017036615672,
,,,ru-fine_fft-k10,7.858998332513717e-05,2.1894046516290888e-05,4.221475700817219e-07,,ru,8.646754863456919e-07,measured,10.0,fixed_0.001,,,3.852641368008186e-05,,fine_fft,,0.9999935118944279,
,,,ru-fine_fft-k10,0.0010651569107983838,0.0002971676414940014,5.729804112285291e-06,,ru,1.1713842370823712e-05,measured,10.0,fixed_0.01,,,0.0005223124941490999,,fine_fft,,0.9999117426872395,
,,,ru-fine_fft-k10,0.010754901293351592,0.0030008221603198063,5.786001150056015e-05,,ru,0.00011827079410996365,measured,10.0,fixed_0.1,,,0.005273905441612337,,fine_fft,,0.9991086298901658,
,,,ru-fine_fft-k10,0.09278373776306649,0.02588907144279037,0.000499177189247041,,ru,0.0010203252820282357,measured,10.0,fixed_1,,,0.04549879725768959,,fine_fft,,0.9923096817870127,
,,,ru-fine_fft-k10,0.000924959455991779,0.0002580494883352787,4.975551887154044e-06,,ru,1.017210678922699e-05,measured,10.0,frozen_initial,,,0.00045356341072237655,,fine_fft,,0.9999233626134203,
,,,ru-fine_fft-k10,0.04553852650615978,0.018580849169246204,0.00035826453191354187,,ru,0.0004818208097641629,measured,10.0,rexafs_direct,,,0.021335206199784434,,fine_fft,,0.9956368643716672,
,,,ru-fine_fft-k12,0.0,0.0,0.0,,ru,0.0,measured,12.0,larch_dynamic,,,0.0,,fine_fft,,1.0,
,,,ru-fine_fft-k12,1.1386814394266665e-05,2.2289974659205768e-06,3.890979746633896e-08,,ru,8.43607915313568e-08,measured,12.0,fixed_0,,,5.215749427184508e-06,,fine_fft,,1.000000698275333,
,,,ru-fine_fft-k12,1.1347084038451043e-05,2.2212250026039005e-06,3.87741198901684e-08,,ru,8.406659799268569e-08,measured,12.0,fixed_1e-06,,,5.197551245011527e-06,,fine_fft,,1.0000006958461547,
,,,ru-fine_fft-k12,1.098951101983859e-05,2.1512728571235903e-06,3.7553022130036755e-08,,ru,8.141885675285816e-08,measured,12.0,fixed_1e-05,,,5.033767650760529e-06,,fine_fft,,1.0000006739836311,
,,,ru-fine_fft-k12,7.413831163212322e-06,1.4517653370458829e-06,2.5342287775897987e-08,,ru,5.494175278247731e-08,measured,12.0,fixed_0.0001,,,3.3959504626985348e-06,,fine_fft,,1.0000004553607473,
,,,ru-fine_fft-k12,2.833941172474266e-05,5.542776046426155e-06,9.675573735057865e-08,,ru,2.0980038624150716e-07,measured,12.0,fixed_0.001,,,1.2980421105908713e-05,,fine_fft,,0.9999982693752935,
,,,ru-fine_fft-k12,0.0003854730769118731,7.540972568714556e-05,1.3163663029411279e-06,,ru,2.854276209456338e-06,measured,12.0,fixed_0.01,,,0.00017656197686902948,,fine_fft,,0.9999764338235284,
,,,ru-fine_fft-k12,0.003917496121157534,0.0007663890682146493,1.3378231191632402e-05,,ru,2.9007911939203875e-05,measured,12.0,fixed_0.1,,,0.001794370328271621,,fine_fft,,0.9997604815705627,
,,,ru-fine_fft-k12,0.03570332297072955,0.006984808342957247,0.00012192812334733495,,ru,0.00026437166275831454,measured,12.0,fixed_1,,,0.0163535637131163,,fine_fft,,0.9978170180158404,
,,,ru-fine_fft-k12,0.0005988808244179732,0.00011715922737005865,2.045153427933135e-06,,ru,4.434501232720643e-06,measured,12.0,frozen_initial,,,0.00027431128805170576,,fine_fft,,0.9999633858322005,
,,,ru-fine_fft-k12,0.04157691570044343,0.02769898770964201,0.0004835187200895568,,ru,0.000211724435459643,measured,12.0,rexafs_direct,,,0.017542756095607154,,fine_fft,,0.9866600398970985,
1.0,polynomial,0.0008723500376072286,stress-hi10-test-single-polynomial-a1-noise0-k12-r0,0.0666840813653073,0.03142852046055696,0.0008922561761539436,10,,0.0011916300846913702,synthetic,12.0,larch_dynamic,0.0,test,0.023992853805815666,5000,,single,1.0043047272713685,stress
1.0,polynomial,0.0008597549415044603,stress-hi10-test-single-polynomial-a1-noise0-k12-r0,0.07191147381223838,0.031033086116198347,0.0008810297890747249,10,,0.0012938943856668698,synthetic,12.0,fixed_0,0.0,test,0.026139105723151736,5000,,single,1.004099768180158,stress
1.0,polynomial,0.0008597779977538492,stress-hi10-test-single-polynomial-a1-noise0-k12-r0,0.0719004854674276,0.031033788973836293,0.0008810497432138069,10,,0.0012936822871577752,synthetic,12.0,fixed_1e-06,0.0,test,0.02613458447425527,5000,,single,1.0041001894899846,stress
1.0,polynomial,0.0008599859352883053,stress-hi10-test-single-polynomial-a1-noise0-k12-r0,0.07180167693455844,0.03104013223002261,0.0008812298283538716,10,,0.001291774589283104,synthetic,12.0,fixed_1e-05,0.0,test,0.026093930594783685,5000,,single,1.0041039795185023,stress
1.0,polynomial,0.0008621074302477203,stress-hi10-test-single-polynomial-a1-noise0-k12-r0,0.07082216546203023,0.031105279025393576,0.000883079346870002,10,,0.0012728151036040358,synthetic,12.0,fixed_0.0001,0.0,test,0.025691096670361766,5000,,single,1.0041417063671874,stress
1.0,polynomial,0.0008869943945850064,stress-hi10-test-single-polynomial-a1-noise0-k12-r0,0.061890802190211265,0.0319075056574974,0.0009058545732147526,10,,0.0010948277560322564,synthetic,12.0,fixed_0.001,0.0,test,0.0220413069628475,5000,,single,1.0045024002765484,stress
1.0,polynomial,0.0012269116830732009,stress-hi10-test-single-polynomial-a1-noise0-k12-r0,0.05511000585280043,0.04408080607082841,0.0012514547579769806,10,,0.0006549467859260835,synthetic,12.0,fixed_0.01,0.0,test,0.02285162025631545,5000,,single,1.0069770550809474,stress
1.0,polynomial,0.0021867438637536017,stress-hi10-test-single-polynomial-a1-noise0-k12-r0,0.1883133969245017,0.07959236127261077,0.0022596283528297017,10,,0.002965292713418867,synthetic,12.0,fixed_0.1,0.0,test,0.07923419105125247,5000,,single,1.0115721541099778,stress
1.0,polynomial,0.002526074120146891,stress-hi10-test-single-polynomial-a1-noise0-k12-r0,0.23362620499350933,0.09215460509696596,0.002616270646974592,10,,0.0037285572355156317,synthetic,12.0,fixed_1,0.0,test,0.09788612470075461,5000,,single,1.0130795518117204,stress
1.0,polynomial,0.001093806217150884,stress-hi10-test-single-polynomial-a1-noise0-k12-r0,0.04357535139533727,0.0392213864815919,0.0011134957615787488,10,,0.0005218463189389504,synthetic,12.0,frozen_initial,0.0,test,0.016645520937561015,5000,,single,1.0061874320276036,stress
1.0,polynomial,,stress-hi10-test-single-polynomial-a1-noise0-k12-r0,0.20616981107960247,0.07375427083206797,0.0020938848760072076,10,,0.0033388879504071857,synthetic,12.0,rexafs_direct,0.0,test,0.08523692239040714,5000,,single,1.006901034799072,stress
1.0,polynomial,0.001310063430305116,stress-hi50-test-single-polynomial-a1-noise0-k12-r0,0.06547528695900587,0.047135411368495285,0.0013381750490570631,50,,0.0008304804721422947,synthetic,12.0,larch_dynamic,0.0,test,0.027610461628669012,5000,,single,1.0074283543418014,stress
1.0,polynomial,0.0008597549415044603,stress-hi50-test-single-polynomial-a1-noise0-k12-r0,0.07191147381223838,0.031033086116198347,0.0008810297890747249,50,,0.0012938943856668698,synthetic,12.0,fixed_0,0.0,test,0.026139105723151736,5000,,single,1.004099768180158,stress
1.0,polynomial,0.0008603342171242052,stress-hi50-test-single-polynomial-a1-noise0-k12-r0,0.07163734236178142,0.03105077425006265,0.0008815319554654358,50,,0.0012885998457469008,synthetic,12.0,fixed_1e-06,0.0,test,0.026026323632837772,5000,,single,1.0041102892008007,stress
1.0,polynomial,0.0008658077185321209,stress-hi50-test-single-polynomial-a1-noise0-k12-r0,0.06922432949911912,0.03122056550059527,0.0008863523316627423,50,,0.0012416888857737934,synthetic,12.0,fixed_1e-05,0.0,test,0.02503474273272909,5000,,single,1.0042038917063885,stress
1.0,polynomial,0.000938759942623626,stress-hi50-test-single-polynomial-a1-noise0-k12-r0,0.05062315379455888,0.033677054969087745,0.0009560921052123842,50,,0.0008449888265886352,synthetic,12.0,fixed_0.0001,0.0,test,0.01761045149290517,5000,,single,1.0050435284512742,stress
1.0,polynomial,0.0016186416137841046,stress-hi50-test-single-polynomial-a1-noise0-k12-r0,0.10833585428364396,0.05853219103967044,0.0016617297980829908,50,,0.001583413785636468,synthetic,12.0,fixed_0.001,0.0,test,0.046032575248647775,5000,,single,1.0089748634643174,stress
1.0,polynomial,0.0023914206335941064,stress-hi50-test-single-polynomial-a1-noise0-k12-r0,0.2164570637900233,0.08718308767156902,0.0024751291912947287,50,,0.003445948162101966,synthetic,12.0,fixed_0.01,0.0,test,0.09083177864089832,5000,,single,1.012475191669362,stress
1.0,polynomial,0.0025779250841450174,stress-hi50-test-single-polynomial-a1-noise0-k12-r0,0.2380513029142276,0.09402803820719101,0.0026694574416029756,50,,0.0037820351579408466,synthetic,12.0,fixed_0.1,0.0,test,0.09967416194892662,5000,,single,1.0133392060808089,stress
1.0,polynomial,0.002863165758897097,stress-hi50-test-single-polynomial-a1-noise0-k12-r0,0.2512420270991973,0.10407624095346428,0.0029547260711224976,50,,0.003771358434877769,synthetic,12.0,fixed_1,0.0,test,0.1042648132968146,5000,,single,1.014865787929095,stress
1.0,polynomial,0.002309554392448277,stress-hi50-test-single-polynomial-a1-noise0-k12-r0,0.20528176828417471,0.0841477984615827,0.0023889572842390786,50,,0.003255684616889344,synthetic,12.0,frozen_initial,0.0,test,0.08622961367378058,5000,,single,1.0121147275091296,stress
1.0,polynomial,,stress-hi50-test-single-polynomial-a1-noise0-k12-r0,0.2538008921740186,0.09592167407581766,0.0027232177928511107,50,,0.003611957620601707,synthetic,12.0,rexafs_direct,0.0,test,0.10162903290689354,5000,,single,1.0095703594393617,stress
1.0,polynomial,0.0010119932318516,stress-hi10-test-single-polynomial-a1-noise0.003-k12-r0,0.24712972198827596,0.09941958835177098,0.0028225236325992256,10,,0.0032247006022139185,synthetic,12.0,larch_dynamic,0.003,test,0.08779871376440174,5000,,single,1.0009008194001712,stress
1.0,polynomial,0.000994287494719719,stress-hi10-test-single-polynomial-a1-noise0.003-k12-r0,0.24861296069954877,0.0992715538042674,0.0028183209295333913,10,,0.003262112392109235,synthetic,12.0,fixed_0,0.003,test,0.08853204759801481,5000,,single,1.0006876172163681,stress
1.0,polynomial,0.0009943213748867957,stress-hi10-test-single-polynomial-a1-noise0.003-k12-r0,0.2486097210539571,0.0992718191770797,0.002818328463471587,10,,0.003262031499963969,synthetic,12.0,fixed_1e-06,0.003,test,0.0885304531092695,5000,,single,1.0006880556029352,stress
1.0,polynomial,0.000994626623544213,stress-hi10-test-single-polynomial-a1-noise0.003-k12-r0,0.24858061241252513,0.09927421357442097,0.0028183964404486965,10,,0.003261304524264795,synthetic,12.0,fixed_1e-05,0.003,test,0.08851612529884768,5000,,single,1.000691999245934,stress
1.0,polynomial,0.0009977109768130154,stress-hi10-test-single-polynomial-a1-noise0.003-k12-r0,0.24829426127516047,0.09929874947568068,0.002819093015060408,10,,0.003254138439454296,synthetic,12.0,fixed_0.0001,0.003,test,0.08837506862540616,5000,,single,1.0007312547314202,stress
1.0,polynomial,0.0010312613042978043,stress-hi10-test-single-polynomial-a1-noise0.003-k12-r0,0.2458724629120796,0.09959748921585612,0.002827574240849216,10,,0.003192233595226436,synthetic,12.0,fixed_0.001,0.003,test,0.08717248501317362,5000,,single,1.0011065174900782,stress
1.0,polynomial,0.0014088053904117977,stress-hi10-test-single-polynomial-a1-noise0.003-k12-r0,0.24540354226322217,0.1046557003403445,0.002971176931971106,10,,0.003124626592212183,synthetic,12.0,fixed_0.01,0.003,test,0.08654473773467795,5000,,single,1.0036778445514412,stress
1.0,polynomial,0.002395039740685652,stress-hi10-test-single-polynomial-a1-noise0.003-k12-r0,0.31064767610931704,0.12523062877337782,0.003555299464603175,10,,0.004435426125916218,synthetic,12.0,fixed_0.1,0.003,test,0.11596431968316494,5000,,single,1.0083674978788584,stress
1.0,polynomial,0.0025970181591202963,stress-hi10-test-single-polynomial-a1-noise0.003-k12-r0,0.3406268947202281,0.13012809722771468,0.003694338668863055,10,,0.005109785916016253,synthetic,12.0,fixed_1,0.003,test,0.12899187597697312,5000,,single,1.0089180568538807,stress
1.0,polynomial,0.0012426154264783126,stress-hi10-test-single-polynomial-a1-noise0.003-k12-r0,0.242226925532917,0.10215119921890449,0.002900074106860587,10,,0.003074176242613872,synthetic,12.0,frozen_initial,0.003,test,0.08518560559473476,5000,,single,1.002708326948911,stress
1.0,polynomial,,stress-hi10-test-single-polynomial-a1-noise0.003-k12-r0,0.2961447755923603,0.11084714124063536,0.0031469520337456145,10,,0.0043913476089105724,synthetic,12.0,rexafs_direct,0.003,test,0.11916659871546188,5000,,single,1.003209502321276,stress
1.0,polynomial,0.0014954157071769881,stress-hi50-test-single-polynomial-a1-noise0.003-k12-r0,0.2483581728443324,0.10609704386144098,0.0030120966965610997,50,,0.0031810687778365235,synthetic,12.0,larch_dynamic,0.003,test,0.08787111323198755,5000,,single,1.0041404199218826,stress
1.0,polynomial,0.000994287494719719,stress-hi50-test-single-polynomial-a1-noise0.003-k12-r0,0.24861296069954877,0.0992715538042674,0.0028183209295333913,50,,0.003262112392109235,synthetic,12.0,fixed_0,0.003,test,0.08853204759801481,5000,,single,1.0006876172163681,stress
1.0,polynomial,0.0009951366746099157,stress-hi50-test-single-polynomial-a1-noise0.003-k12-r0,0.24853229034706584,0.09927822834132474,0.0028185104197424467,50,,0.003260097106112421,synthetic,12.0,fixed_1e-06,0.003,test,0.08849233581796859,5000,,single,1.0006985646479742,stress
1.0,polynomial,0.0010029751832918105,stress-hi50-test-single-polynomial-a1-noise0.003-k12-r0,0.24783580937399277,0.09934197269907218,0.0028203201230330138,50,,0.003242607509746039,synthetic,12.0,fixed_1e-05,0.003,test,0.08814880226480332,5000,,single,1.0007959578095622,stress
1.0,polynomial,0.0010941954370063988,stress-hi50-test-single-polynomial-a1-noise0.003-k12-r0,0.24333733111908679,0.10026151504559934,0.002846425944303017,50,,0.003122880541225663,synthetic,12.0,fixed_0.0001,0.003,test,0.0858807834813412,5000,,single,1.0016693284441056,stress
1.0,polynomial,0.0018172935305962327,stress-hi50-test-single-polynomial-a1-noise0.003-k12-r0,0.26492014331214425,0.112149810498384,0.003183934833879997,50,,0.003515883313056111,synthetic,12.0,fixed_0.001,0.003,test,0.09541851680799925,5000,,single,1.0057447175900949,stress
1.0,polynomial,0.002581342862264424,stress-hi50-test-single-polynomial-a1-noise0.003-k12-r0,0.329814912953634,0.1299051010506557,0.0036880078039886076,50,,0.0048236310697012735,synthetic,12.0,fixed_0.01,0.003,test,0.12442006440471103,5000,,single,1.0091365597530957,stress
1.0,polynomial,0.002442428188304709,stress-hi50-test-single-polynomial-a1-noise0.003-k12-r0,0.3434585985989697,0.12576623878807058,0.0035705054411052923,50,,0.005291626610185001,synthetic,12.0,fixed_0.1,0.003,test,0.12935765497590973,5000,,single,1.0075685429569494,stress
1.0,polynomial,0.003441860546146649,stress-hi50-test-single-polynomial-a1-noise0.003-k12-r0,0.5238447207436536,0.14739261510591314,0.0041844785952549245,50,,0.008380828821081472,synthetic,12.0,fixed_1,0.003,test,0.17383555367203724,5000,,single,0.9930029395480072,stress
1.0,polynomial,0.002492828030235272,stress-hi50-test-single-polynomial-a1-noise0.003-k12-r0,0.32016817908286543,0.127665971441644,0.003624438880171235,50,,0.004625847447157064,synthetic,12.0,frozen_initial,0.003,test,0.12017670550346078,5000,,single,1.008784094040581,stress
1.0,polynomial,,stress-hi50-test-single-polynomial-a1-noise0.003-k12-r0,0.3103838390030957,0.11559928661576997,0.00328186551356617,50,,0.004586134806733616,synthetic,12.0,rexafs_direct,0.003,test,0.12484654143735001,5000,,single,1.0039924722933038,stress
1.0,bump,0.0010598528637090349,stress-hi10-test-single-bump-a1-noise0-k12-r0,0.0702883697209757,0.03803669661541598,0.001079862398174033,10,,0.001251201825136402,synthetic,12.0,larch_dynamic,0.0,test,0.029010472945086612,5000,,single,1.0043408528196354,stress
1.0,bump,0.0010440882954987256,stress-hi10-test-single-bump-a1-noise0-k12-r0,0.07576749433055631,0.0375264789301548,0.0010653773102925152,10,,0.0013563657985972517,synthetic,12.0,fixed_0,0.0,test,0.03116871333644003,5000,,single,1.0041325741006308,stress
1.0,bump,0.0010441183664454204,stress-hi10-test-single-bump-a1-noise0-k12-r0,0.07575601867586783,0.03752743624173125,0.0010654044883827997,10,,0.0013561479719969719,synthetic,12.0,fixed_1e-06,0.0,test,0.03116417957724697,5000,,single,1.004133002198374,stress
1.0,bump,0.0010443893126057208,stress-hi10-test-single-bump-a1-noise0-k12-r0,0.07565282139808799,0.037536065040406456,0.001065649460109051,10,,0.0013541887074046794,synthetic,12.0,fixed_1e-05,0.0,test,0.031123411470899646,5000,,single,1.0041368532897654,stress
1.0,bump,0.0010471287693891197,stress-hi10-test-single-bump-a1-noise0-k12-r0,0.07462912542807107,0.037623621507418166,0.0010681351895455182,10,,0.0013347121315897804,synthetic,12.0,fixed_0.0001,0.0,test,0.03071926746795634,5000,,single,1.0041751879737955,stress
1.0,bump,0.0010770969528220852,stress-hi10-test-single-bump-a1-noise0-k12-r0,0.06522177885952266,0.03860933979775477,0.0010961197468715472,10,,0.0011513604812216911,synthetic,12.0,fixed_0.001,0.0,test,0.027032748025033294,5000,,single,1.0045416932828088,stress
1.0,bump,0.0014249341077770654,stress-hi10-test-single-bump-a1-noise0-k12-r0,0.05296030526679955,0.051021837393744794,0.0014485107433047854,10,,0.0006234801195585054,synthetic,12.0,fixed_0.01,0.0,test,0.02327470259667941,5000,,single,1.0070562252642268,stress
1.0,bump,0.0023773945964999073,stress-hi10-test-single-bump-a1-noise0-k12-r0,0.18738786284943032,0.0861994270188587,0.0024472030503323535,10,,0.002959834904322836,synthetic,12.0,fixed_0.1,0.0,test,0.07787323906687141,5000,,single,1.011725532054891,stress
1.0,bump,0.0027172878188622897,stress-hi10-test-single-bump-a1-noise0-k12-r0,0.23342734236953977,0.09877722945605363,0.002804287053733525,10,,0.003735450746717305,synthetic,12.0,fixed_1,0.0,test,0.09666359951629279,5000,,single,1.013259148431293,stress
1.0,bump,0.0012854587055543133,stress-hi10-test-single-bump-a1-noise0-k12-r0,0.04260983526580304,0.045952445393541194,0.0013045906269504792,10,,0.0005267402402819877,synthetic,12.0,frozen_initial,0.0,test,0.01890626443572774,5000,,single,1.0062083147224146,stress
1.0,bump,,stress-hi10-test-single-bump-a1-noise0-k12-r0,0.2051809907353595,0.07995081577892428,0.002269804881741708,10,,0.003332393413527682,synthetic,12.0,rexafs_direct,0.0,test,0.08372677710691472,5000,,single,1.0070371437577497,stress
1.0,bump,0.001507244113503737,stress-hi50-test-single-bump-a1-noise0-k12-r0,0.06309006554053904,0.054034986931916024,0.0015340541047392754,50,,0.0007949975505223199,synthetic,12.0,larch_dynamic,0.0,test,0.02735271226264821,5000,,single,1.0075148894707835,stress
1.0,bump,0.0010440882954987256,stress-hi50-test-single-bump-a1-noise0-k12-r0,0.07576749433055631,0.0375264789301548,0.0010653773102925152,50,,0.0013563657985972517,synthetic,12.0,fixed_0,0.0,test,0.03116871333644003,5000,,single,1.0041325741006308,stress
1.0,bump,0.0010448421154052915,stress-hi50-test-single-bump-a1-noise0-k12-r0,0.0754811603814179,0.03755049816660816,0.0010660592167824787,50,,0.0013509279632655338,synthetic,12.0,fixed_1e-06,0.0,test,0.031055607533492707,5000,,single,1.0041432646302624,stress
1.0,bump,0.0010518111764607017,stress-hi50-test-single-bump-a1-noise0-k12-r0,0.07295640409302322,0.03777449664460865,0.0010724185369959725,50,,0.0013027178668712446,synthetic,12.0,fixed_1e-05,0.0,test,0.030059989486514307,5000,,single,1.0042383752144501,stress
1.0,bump,0.0011339297494616263,stress-hi50-test-single-bump-a1-noise0-k12-r0,0.05298285704381058,0.04055784964322023,0.0011514379711607002,50,,0.0008911516105830627,synthetic,12.0,fixed_0.0001,0.0,test,0.022356562555539285,5000,,single,1.005091540294044,stress
1.0,bump,0.0018124598760406367,stress-hi50-test-single-bump-a1-noise0-k12-r0,0.10619984272225375,0.0652797275037923,0.001853292461412704,50,,0.0015555326584828395,synthetic,12.0,fixed_0.001,0.0,test,0.044804849390998526,5000,,single,1.0090862438509935,stress
1.0,bump,0.0025819984217060224,stress-hi50-test-single-bump-a1-noise0-k12-r0,0.2159835324252733,0.09378364991465026,0.0026625192542430944,50,,0.0034483525139464705,synthetic,12.0,fixed_0.01,0.0,test,0.08954923960617449,5000,,single,1.0126434426292361,stress
1.0,bump,0.002770221033464708,stress-hi50-test-single-bump-a1-noise0-k12-r0,0.23792115159026758,0.10069077980302214,0.002858612777326112,50,,0.003789556881928073,synthetic,12.0,fixed_0.1,0.0,test,0.09846638903687706,5000,,single,1.0135260617316741,stress
1.0,bump,0.003065901710386759,stress-hi50-test-single-bump-a1-noise0-k12-r0,0.25147379769680706,0.11112822451455538,0.0031549319921876117,50,,0.0037782730478407313,synthetic,12.0,fixed_1,0.0,test,0.10313687672884668,5000,,single,1.0151080201608755,stress
1.0,bump,0.002493895725902118,stress-hi50-test-single-bump-a1-noise0-k12-r0,0.20376371532216733,0.09051850403923561,0.002569821712943352,50,,0.003240214312942688,synthetic,12.0,frozen_initial,0.0,test,0.08455908056789979,5000,,single,1.0122492455906091,stress
1.0,bump,,stress-hi50-test-single-bump-a1-noise0-k12-r0,0.25244814700407686,0.10187248236070413,0.002892161330997034,50,,0.003610379661378755,synthetic,12.0,rexafs_direct,0.0,test,0.09991180091408045,5000,,single,1.0096974110221693,stress
1.0,bump,0.0012005976564105525,stress-hi10-test-single-bump-a1-noise0.003-k12-r0,0.24959370478948326,0.10224437094159715,0.002902719253491647,10,,0.0032446370265281394,synthetic,12.0,larch_dynamic,0.003,test,0.09342652440978892,5000,,single,1.0009369689654068,stress
1.0,bump,0.0011806459967574874,stress-hi10-test-single-bump-a1-noise0.003-k12-r0,0.2512180603116421,0.102029661885009,0.002896623660094007,10,,0.003284927142923776,synthetic,12.0,fixed_0,0.003,test,0.09424038967690028,5000,,single,1.0007204231368367,stress
1.0,bump,0.0011806848804983988,stress-hi10-test-single-bump-a1-noise0.003-k12-r0,0.25121452876382244,0.10203006429469635,0.00289663508451118,10,,0.0032848403038245083,synthetic,12.0,fixed_1e-06,0.003,test,0.09423863396163286,5000,,single,1.0007208683113276,stress
1.0,bump,0.0011810350661343818,stress-hi10-test-single-bump-a1-noise0.003-k12-r0,0.25118279463558896,0.10203369143393191,0.0028967380590495064,10,,0.0032840598366634414,synthetic,12.0,fixed_1e-05,0.003,test,0.09422285506787749,5000,,single,1.0007248730172047,stress
1.0,bump,0.0011845594733545933,stress-hi10-test-single-bump-a1-noise0.003-k12-r0,0.2508703497970925,0.10207049654283075,0.0028977829566535864,10,,0.0032763619146939575,synthetic,12.0,fixed_0.0001,0.003,test,0.0940672834620543,5000,,single,1.000764736338027,stress
1.0,bump,0.0012216797131118712,stress-hi10-test-single-bump-a1-noise0.003-k12-r0,0.24820320339636182,0.1024862964489257,0.002909587522341718,10,,0.0032094420966746677,synthetic,12.0,fixed_0.001,0.003,test,0.09271945205937838,5000,,single,1.0011458104963484,stress
1.0,bump,0.0016042153747562282,stress-hi10-test-single-bump-a1-noise0.003-k12-r0,0.24637710498257515,0.1083133690415519,0.0030750182022934894,10,,0.003115354611323265,synthetic,12.0,fixed_0.01,0.003,test,0.09083377893720514,5000,,single,1.0037570147347383,stress
1.0,bump,0.0025848930887882567,stress-hi10-test-single-bump-a1-noise0.003-k12-r0,0.31126677997964475,0.130028591071374,0.0036915136875639272,10,,0.00443121965856279,synthetic,12.0,fixed_0.1,0.003,test,0.11816584606303325,5000,,single,1.0085208758237696,stress
1.0,bump,0.002785166882789808,stress-hi10-test-single-bump-a1-noise0.003-k12-r0,0.34168844921968994,0.1350691257756778,0.0038346145448466527,10,,0.005115561474489757,synthetic,12.0,fixed_1,0.003,test,0.13094741295593013,5000,,single,1.009097653473447,stress
1.0,bump,0.0014331525052819606,stress-hi10-test-single-bump-a1-noise0.003-k12-r0,0.2436088794901873,0.10544186969898078,0.0029934962920767313,10,,0.003072928077691138,synthetic,12.0,frozen_initial,0.003,test,0.08999531526799696,5000,,single,1.0027373938725799,stress
1.0,bump,,stress-hi10-test-single-bump-a1-noise0.003-k12-r0,0.29680481331355346,0.1156176088968535,0.003282385683406126,10,,0.0043861301897215,synthetic,12.0,rexafs_direct,0.003,test,0.12138404610048902,5000,,single,1.0033490872290642,stress
1.0,bump,0.001690300204338717,stress-hi50-test-single-bump-a1-noise0.003-k12-r0,0.24917528822087062,0.1098870515394901,0.003119695072458375,50,,0.003169407129126064,synthetic,12.0,larch_dynamic,0.003,test,0.0919092515041589,5000,,single,1.0042277867228246,stress
1.0,bump,0.0011806459967574874,stress-hi50-test-single-bump-a1-noise0.003-k12-r0,0.2512180603116421,0.102029661885009,0.002896623660094007,50,,0.003284927142923776,synthetic,12.0,fixed_0,0.003,test,0.09424038967690028,5000,,single,1.0007204231368367,stress
1.0,bump,0.0011816196325270634,stress-hi50-test-single-bump-a1-noise0.003-k12-r0,0.2511301032867023,0.10203975841294285,0.00289691030067634,50,,0.0032827633905381337,synthetic,12.0,fixed_1e-06,0.003,test,0.0941966469395784,5000,,single,1.0007315400774446,stress
1.0,bump,0.0011905205256945621,stress-hi50-test-single-bump-a1-noise0.003-k12-r0,0.2503690542371796,0.10213393515559986,0.002899583979839546,50,,0.0032639569828849004,synthetic,12.0,fixed_1e-05,0.003,test,0.09381681216096295,5000,,single,1.0008304413176157,stress
1.0,bump,0.0012880678398970728,stress-hi50-test-single-bump-a1-noise0.003-k12-r0,0.24531692740859967,0.10332454015574595,0.002933385273988068,50,,0.003132903861870983,synthetic,12.0,fixed_0.0001,0.003,test,0.09118821241057767,5000,,single,1.0017173402868773,stress
1.0,bump,0.0020094305223092744,stress-hi50-test-single-bump-a1-noise0.003-k12-r0,0.26539673926831253,0.1163541648622983,0.003303296518520872,50,,0.0035013505224782996,synthetic,12.0,fixed_0.001,0.003,test,0.09862761694317024,5000,,single,1.005856097976783,stress
1.0,bump,0.0027709976712994647,stress-hi50-test-single-bump-a1-noise0.003-k12-r0,0.3306475334927894,0.13486385808373844,0.00382878699193567,50,,0.004825393316839429,synthetic,12.0,fixed_0.01,0.003,test,0.12641221986350037,5000,,single,1.0093048107129698,stress
1.0,bump,0.002624656056639667,stress-hi50-test-single-bump-a1-noise0.003-k12-r0,0.34468735599937433,0.13044245933976534,0.0037032634140281356,50,,0.005298253201710743,synthetic,12.0,fixed_0.1,0.003,test,0.13141014864988543,5000,,single,1.0077553986078207,stress
1.0,bump,0.0034158934296621237,stress-hi50-test-single-bump-a1-noise0.003-k12-r0,0.5244746715021006,0.146754546887551,0.004166363828784906,50,,0.008374091963938216,synthetic,12.0,fixed_1,0.003,test,0.17583833439467886,5000,,single,0.9932451717797666,stress
1.0,bump,0.002677808518783211,stress-hi50-test-single-bump-a1-noise0.003-k12-r0,0.320394458563896,0.13242618061344666,0.003759581291302425,50,,0.0046146528226928465,synthetic,12.0,frozen_initial,0.003,test,0.122054543618465,5000,,single,1.0089244953864749,stress
1.0,bump,,stress-hi50-test-single-bump-a1-noise0.003-k12-r0,0.31141570571646104,0.12065798158526439,0.003425481941055175,50,,0.0045883389871966065,synthetic,12.0,rexafs_direct,0.003,test,0.12699804068689194,5000,,single,1.0041620974886802,stress
1.0,polynomial,0.001462299883380967,stress-hi10-test-double-polynomial-a1-noise0-k12-r0,0.12372810544603542,0.04622813485752592,0.0014985354739221516,10,,0.0024501125806192826,synthetic,12.0,larch_dynamic,0.0,test,0.0500030644453243,5000,,double,1.0009030483773416,stress
1.0,polynomial,0.0015183089993419032,stress-hi10-test-double-polynomial-a1-noise0-k12-r0,0.13199656874161814,0.04808355618950936,0.0015586809825743663,10,,0.002610274949093216,synthetic,12.0,fixed_0,0.0,test,0.05355651862097708,5000,,double,1.00073336365433,stress
1.0,polynomial,0.0015181918122852,stress-hi10-test-double-polynomial-a1-noise0-k12-r0,0.1319794083063894,0.04807967622752306,0.0015585552093695448,10,,0.002609943621267592,synthetic,12.0,fixed_1e-06,0.0,test,0.05354915831996588,5000,,double,1.0007337142572537,stress
1.0,polynomial,0.0015171379009103732,stress-hi10-test-double-polynomial-a1-noise0-k12-r0,0.13182505212536957,0.04804478168919178,0.0015574240648036496,10,,0.002606963189603129,synthetic,12.0,fixed_1e-05,0.0,test,0.05348295000222638,5000,,double,1.0007368682188158,stress
1.0,polynomial,0.0015066749596637054,stress-hi10-test-double-polynomial-a1-noise0-k12-r0,0.13029014925408738,0.0476983146175316,0.0015461929563233086,10,,0.002577308641298239,synthetic,12.0,fixed_0.0001,0.0,test,0.05282425909461829,5000,,double,1.0007682635027844,stress
1.0,polynomial,0.0014094066768724589,stress-hi10-test-double-polynomial-a1-noise0-k12-r0,0.11578241018520122,0.04447337724080058,0.0014416530895278367,10,,0.0022951873600582182,synthetic,12.0,fixed_0.001,0.0,test,0.0465649890436632,5000,,double,1.0010684231973983,stress
1.0,polynomial,0.0009798529722946112,stress-hi10-test-double-polynomial-a1-noise0-k12-r0,0.04910317235985219,0.03016478018050166,0.0009778242903993465,10,,0.0006956091089922756,synthetic,12.0,fixed_0.01,0.0,test,0.014579523468407914,5000,,double,1.0031277480756615,stress
1.0,polynomial,0.0018189903487889577,stress-hi10-test-double-polynomial-a1-noise0-k12-r0,0.2106269615580433,0.058479079574425885,0.0018956632253210382,10,,0.003614054049686097,synthetic,12.0,fixed_0.1,0.0,test,0.08523349311949786,5000,,double,1.0069512273552363,stress
1.0,polynomial,0.002287045080457894,stress-hi10-test-double-polynomial-a1-noise0-k12-r0,0.2720157866667394,0.07383764167626304,0.0023935277878644363,10,,0.0047432156516650885,synthetic,12.0,fixed_1,0.0,test,0.11085342739797593,5000,,double,1.0082007519355132,stress
1.0,polynomial,0.001042875765906194,stress-hi10-test-double-polynomial-a1-noise0-k12-r0,0.05595949457501935,0.03224938952397273,0.0010453991787241431,10,,0.0010071956819993986,synthetic,12.0,frozen_initial,0.0,test,0.018878807309533396,5000,,double,1.0025452717490921,stress
1.0,polynomial,,stress-hi10-test-double-polynomial-a1-noise0-k12-r0,0.24055761631040007,0.06036347646835715,0.0019567480084559776,10,,0.004259321686715617,synthetic,12.0,rexafs_direct,0.0,test,0.096695010390808,5000,,double,1.0032491286146015,stress
1.0,polynomial,0.0009710897925079617,stress-hi50-test-double-polynomial-a1-noise0-k12-r0,0.05383676473731723,0.029916672889543364,0.0009697816216222999,50,,0.0006912534096024824,synthetic,12.0,larch_dynamic,0.0,test,0.01689350767852429,5000,,double,1.0034938100424182,stress
1.0,polynomial,0.0015183089993419032,stress-hi50-test-double-polynomial-a1-noise0-k12-r0,0.13199656874161814,0.04808355618950936,0.0015586809825743663,50,,0.002610274949093216,synthetic,12.0,fixed_0,0.0,test,0.05355651862097708,5000,,double,1.00073336365433,stress
1.0,polynomial,0.0015153844677392794,stress-hi50-test-double-polynomial-a1-noise0-k12-r0,0.13156814249167853,0.04798672451613422,0.0015555420781388073,50,,0.0026020018725263056,synthetic,12.0,fixed_1e-06,0.0,test,0.05337274024402851,5000,,double,1.0007421189695356,stress
1.0,polynomial,0.0014895418275725557,stress-hi50-test-double-polynomial-a1-noise0-k12-r0,0.12776669893073583,0.0471307984856755,0.0015277963011644862,50,,0.00252848369380218,synthetic,12.0,fixed_1e-05,0.0,test,0.05174002395948507,5000,,double,1.0008200124853392,stress
1.0,polynomial,0.0012747014667765697,stress-hi50-test-double-polynomial-a1-noise0-k12-r0,0.09480868028772096,0.039993774861585875,0.001296441886544888,50,,0.0018785236506511699,synthetic,12.0,fixed_0.0001,0.0,test,0.03736091433439737,5000,,double,1.001518734560527,stress
1.0,polynomial,0.0011412636704050897,stress-hi50-test-double-polynomial-a1-noise0-k12-r0,0.10351683552911238,0.035839064221919396,0.0011617624040909595,50,,0.001592397005927803,synthetic,12.0,fixed_0.001,0.0,test,0.03970947021056954,5000,,double,1.0047902141698308,stress
1.0,polynomial,0.0021006631828873025,stress-hi50-test-double-polynomial-a1-noise0-k12-r0,0.24875969928850908,0.06775375008705166,0.0021963117982073143,50,,0.004324646465640113,synthetic,12.0,fixed_0.01,0.0,test,0.10118355046991971,5000,,double,1.0077018915489713,stress
1.0,polynomial,0.0023540644725901375,stress-hi50-test-double-polynomial-a1-noise0-k12-r0,0.27795898847553296,0.07595949692792792,0.0024623100429769884,50,,0.0048233323533711,synthetic,12.0,fixed_0.1,0.0,test,0.1132499465492351,5000,,double,1.008409046876742,stress
1.0,polynomial,0.002708957797271887,stress-hi50-test-double-polynomial-a1-noise0-k12-r0,0.29527894385935854,0.08675929322906534,0.00281239723378116,50,,0.00481814561895561,synthetic,12.0,fixed_1,0.0,test,0.11899385331921469,5000,,double,1.0096019493454453,stress
1.0,polynomial,0.0020032782377512317,stress-hi50-test-double-polynomial-a1-noise0-k12-r0,0.23579863346748567,0.06455304788452788,0.0020925575410493096,50,,0.004083952527009621,synthetic,12.0,frozen_initial,0.0,test,0.09577002031990105,5000,,double,1.0074454298916866,stress
1.0,polynomial,,stress-hi50-test-double-polynomial-a1-noise0-k12-r0,0.29254442797718433,0.0808663656054222,0.002621371549606334,50,,0.004608540834616677,synthetic,12.0,rexafs_direct,0.0,test,0.11463332575008757,5000,,double,1.0049937775343134,stress
1.0,polynomial,0.0016476749221133531,stress-hi10-test-double-polynomial-a1-noise0.003-k12-r0,0.25283671212743597,0.09430344834698222,0.003056949260373021,10,,0.003935219529438818,synthetic,12.0,larch_dynamic,0.003,test,0.09108917905750476,5000,,double,0.9920249152869115,stress
1.0,polynomial,0.0017020746972527426,stress-hi10-test-double-polynomial-a1-noise0.003-k12-r0,0.2569624722693472,0.09523388363841284,0.003087110336408103,10,,0.0040390738030682575,synthetic,12.0,fixed_0,0.003,test,0.09294548102688047,5000,,double,0.9918575938628725,stress
1.0,polynomial,0.0017019625309475594,stress-hi10-test-double-polynomial-a1-noise0.003-k12-r0,0.2569538307432965,0.09523193840735425,0.003087047279619088,10,,0.004038858324840557,synthetic,12.0,fixed_1e-06,0.003,test,0.09294159076134936,5000,,double,0.991857934863541,stress
1.0,polynomial,0.0017009537508168354,stress-hi10-test-double-polynomial-a1-noise0.003-k12-r0,0.2568761363970045,0.09521444861907388,0.0030864803290326045,10,,0.004036920637577625,synthetic,12.0,fixed_1e-05,0.003,test,0.09290661399089596,5000,,double,0.9918610024476793,stress
1.0,polynomial,0.0016909366137116586,stress-hi10-test-double-polynomial-a1-noise0.003-k12-r0,0.25610701050834805,0.09504125230099342,0.0030808659812464312,10,,0.0040177031339507915,synthetic,12.0,fixed_0.0001,0.003,test,0.09256035539288959,5000,,double,0.9918915381792632,stress
1.0,polynomial,0.0015975631776993728,stress-hi10-test-double-polynomial-a1-noise0.003-k12-r0,0.24915727515002545,0.09346966854988129,0.003029921377737346,10,,0.00384079768283491,synthetic,12.0,fixed_0.001,0.003,test,0.0894320563484177,5000,,double,0.9921835058164034,stress
1.0,polynomial,0.0011465395683978572,stress-hi10-test-double-polynomial-a1-noise0.003-k12-r0,0.22520544094899295,0.0873008056484647,0.0028299509502038604,10,,0.0030969480545146376,synthetic,12.0,fixed_0.01,0.003,test,0.07919847098515495,5000,,double,0.9941884723342517,stress
1.0,polynomial,0.0017568970097223944,stress-hi10-test-double-polynomial-a1-noise0.003-k12-r0,0.29772744922015354,0.09918867142894333,0.003215309101385517,10,,0.004492820357887912,synthetic,12.0,fixed_0.1,0.003,test,0.11475587200783702,5000,,double,0.997958794970871,stress
1.0,polynomial,0.0023566429234368924,stress-hi10-test-double-polynomial-a1-noise0.003-k12-r0,0.3459729096299253,0.11142158230750647,0.0036118522662212213,10,,0.00531877644174348,synthetic,12.0,fixed_1,0.003,test,0.1358236554024408,5000,,double,0.9997464648638879,stress
1.0,polynomial,0.0012331541233905946,stress-hi10-test-double-polynomial-a1-noise0.003-k12-r0,0.22748646942454956,0.08822021185552821,0.002859754506425091,10,,0.00321166038320466,synthetic,12.0,frozen_initial,0.003,test,0.07990331353826337,5000,,double,0.9935990231688334,stress
1.0,polynomial,,stress-hi10-test-double-polynomial-a1-noise0.003-k12-r0,0.29870048672661875,0.09171424066263048,0.0029730172657919923,10,,0.004712709518573744,synthetic,12.0,rexafs_direct,0.003,test,0.12346382638222046,5000,,double,0.9947606849801646,stress
1.0,polynomial,0.0011185520724157022,stress-hi50-test-double-polynomial-a1-noise0.003-k12-r0,0.22579993964432898,0.08711207368738019,0.002823832997584321,50,,0.003077025715929223,synthetic,12.0,larch_dynamic,0.003,test,0.07974605616035825,5000,,double,0.9945402176226303,stress
1.0,polynomial,0.0017020746972527426,stress-hi50-test-double-polynomial-a1-noise0.003-k12-r0,0.2569624722693472,0.09523388363841284,0.003087110336408103,50,,0.0040390738030682575,synthetic,12.0,fixed_0,0.003,test,0.09294548102688047,5000,,double,0.9918575938628725,stress
1.0,polynomial,0.0016992753141987203,stress-hi50-test-double-polynomial-a1-noise0.003-k12-r0,0.25674696294778215,0.09518536803249873,0.0030855376500618947,50,,0.004033697618913978,synthetic,12.0,fixed_1e-06,0.003,test,0.09284846167629612,5000,,double,0.9918661094072017,stress
1.0,polynomial,0.0016745241089810312,stress-hi50-test-double-polynomial-a1-noise0.003-k12-r0,0.25485630336980963,0.09475936481125082,0.0030717282904367967,50,,0.003986310975643161,synthetic,12.0,fixed_1e-05,0.003,test,0.09199726435142341,5000,,double,0.9919418714375909,stress
1.0,polynomial,0.001466952841423338,stress-hi50-test-double-polynomial-a1-noise0.003-k12-r0,0.2402011757266591,0.09141057986658155,0.0029631737694813323,50,,0.0036014705648980683,synthetic,12.0,fixed_0.0001,0.003,test,0.08541431407836944,5000,,double,0.9926216249839667,stress
1.0,polynomial,0.0011938230037919575,stress-hi50-test-double-polynomial-a1-noise0.003-k12-r0,0.24033490555041426,0.08883798554339063,0.0028797803151446224,50,,0.0033155556658915723,synthetic,12.0,fixed_0.001,0.003,test,0.08749950711452446,5000,,double,0.9958121048421544,stress
1.0,polynomial,0.002038089811180629,stress-hi50-test-double-polynomial-a1-noise0.003-k12-r0,0.3245157500190737,0.10493953781429065,0.003401729715385834,50,,0.005017660275923797,synthetic,12.0,fixed_0.01,0.003,test,0.12681724344072773,5000,,double,0.9987848142084228,stress
1.0,polynomial,0.002732184808138595,stress-hi50-test-double-polynomial-a1-noise0.003-k12-r0,0.36269496924272904,0.11911205123495858,0.003861147214728252,50,,0.005380583571063392,synthetic,12.0,fixed_0.1,0.003,test,0.1414856170136914,5000,,double,1.0008597387986649,stress
1.0,polynomial,0.006942008279930403,stress-hi50-test-double-polynomial-a1-noise0.003-k12-r0,0.6521558926670488,0.22910965438702366,0.007426839641597719,50,,0.008442513416815145,synthetic,12.0,fixed_1,0.003,test,0.2277923988036141,5000,,double,1.011098674847254,stress
1.0,polynomial,0.0019298515595720638,stress-hi50-test-double-polynomial-a1-noise0.003-k12-r0,0.3145481330599117,0.10269630317710673,0.003329012814941737,50,,0.004828043340674545,synthetic,12.0,frozen_initial,0.003,test,0.1223734424866178,5000,,double,0.9984699345021789,stress
1.0,polynomial,,stress-hi50-test-double-polynomial-a1-noise0.003-k12-r0,0.3742840427785024,0.11753369969813686,0.003809983226054765,50,,0.005208622827881422,synthetic,12.0,rexafs_direct,0.003,test,0.1467063122725416,5000,,double,0.9975811922280188,stress
1.0,bump,0.0016124263405579576,stress-hi10-test-double-bump-a1-noise0-k12-r0,0.12067735297049316,0.050746748336402345,0.0016450112643019302,10,,0.0023858953724433564,synthetic,12.0,larch_dynamic,0.0,test,0.048327838289764675,5000,,double,1.0016102355004335,stress
1.0,bump,0.0016675625589749046,stress-hi10-test-double-bump-a1-noise0-k12-r0,0.12875231780198965,0.05256486252244043,0.001703947421077799,10,,0.002543855262982057,synthetic,12.0,fixed_0,0.0,test,0.05171376164308368,5000,,double,1.0014424200570788,stress
1.0,bump,0.0016674472992824882,stress-hi10-test-double-bump-a1-noise0-k12-r0,0.12873554186664332,0.05256106269694027,0.0017038242455846878,10,,0.0025435283846100883,synthetic,12.0,fixed_1e-06,0.0,test,0.05170672892640883,5000,,double,1.0014427668431065,stress
1.0,bump,0.001666410699325919,stress-hi10-test-double-bump-a1-noise0-k12-r0,0.12858464695981361,0.052526888363455225,0.0017027164472453685,10,,0.002540587989736703,synthetic,12.0,fixed_1e-05,0.0,test,0.05164347063080708,5000,,double,1.0014458864685112,stress
1.0,bump,0.001656117407767925,stress-hi10-test-double-bump-a1-noise0-k12-r0,0.12708443524748755,0.052187521539121096,0.0016917155010357857,10,,0.0025113330026490664,synthetic,12.0,fixed_0.0001,0.0,test,0.051014456413723944,5000,,double,1.0014769399616668,stress
1.0,bump,0.0015601866850440296,stress-hi10-test-double-bump-a1-noise0-k12-r0,0.11293318163838999,0.04902295322137331,0.0015891325632120853,10,,0.0022331413092793236,synthetic,12.0,fixed_0.001,0.0,test,0.045071646807283934,5000,,double,1.001773831858362,stress
1.0,bump,0.0011032311319013606,stress-hi10-test-double-bump-a1-noise0-k12-r0,0.05154514262402999,0.03400264921149452,0.0011022330061075413,10,,0.0006913759863388047,synthetic,12.0,fixed_0.01,0.0,test,0.019393403401899448,5000,,double,1.0038107334647512,stress
1.0,bump,0.0017661665633701197,stress-hi10-test-double-bump-a1-noise0-k12-r0,0.2119534459689547,0.05688698604609475,0.0018440537749861048,10,,0.003619574832394181,synthetic,12.0,fixed_0.1,0.0,test,0.0880576148326211,5000,,double,1.0075924849244378,stress
1.0,bump,0.0022065004856672422,stress-hi10-test-double-bump-a1-noise0-k12-r0,0.2725701565810432,0.07141294743647876,0.002314928676242697,10,,0.004736347512874668,synthetic,12.0,fixed_1,0.0,test,0.11321897948285074,5000,,double,1.008827264468942,stress
1.0,bump,0.001185856480065471,stress-hi10-test-double-bump-a1-noise0-k12-r0,0.05656496104745338,0.03667294117918652,0.0011887934362795236,10,,0.0009807640564350997,synthetic,12.0,frozen_initial,0.0,test,0.021158663822246286,5000,,double,1.0032249220018548,stress
1.0,bump,,stress-hi10-test-double-bump-a1-noise0-k12-r0,0.24137833048812796,0.05963813831944116,0.0019332353802677634,10,,0.00425713790270661,synthetic,12.0,rexafs_direct,0.0,test,0.09931884849113881,5000,,double,1.003901408738995,stress
1.0,bump,0.0010782060558029245,stress-hi50-test-double-bump-a1-noise0-k12-r0,0.05699696152113001,0.03325110213024669,0.0010778707867568473,50,,0.0007087940652413558,synthetic,12.0,larch_dynamic,0.0,test,0.02219947390597134,5000,,double,1.0041725353287787,stress
1.0,bump,0.0016675625589749046,stress-hi50-test-double-bump-a1-noise0-k12-r0,0.12875231780198965,0.05256486252244043,0.001703947421077799,50,,0.002543855262982057,synthetic,12.0,fixed_0,0.0,test,0.05171376164308368,5000,,double,1.0014424200570788,stress
1.0,bump,0.0016646859789177684,stress-hi50-test-double-bump-a1-noise0-k12-r0,0.1283335092340372,0.05247002743215522,0.0017008732380634293,50,,0.002535693367617616,synthetic,12.0,fixed_1e-06,0.0,test,0.05153818464775189,5000,,double,1.0014510800559937,stress
1.0,bump,0.0016392529009058437,stress-hi50-test-double-bump-a1-noise0-k12-r0,0.12461913734181997,0.051631423310257905,0.001673688969671172,50,,0.002463170875751898,synthetic,12.0,fixed_1e-05,0.0,test,0.04998041511495192,5000,,double,1.0015281255667934,stress
1.0,bump,0.0014261409348701605,stress-hi50-test-double-bump-a1-noise0-k12-r0,0.09261126238736686,0.04459644595765648,0.0014456424963794658,50,,0.0018229216121332717,synthetic,12.0,fixed_0.0001,0.0,test,0.036498579013104104,5000,,double,1.0022192405475299,stress
1.0,bump,0.0011747933008088495,stress-hi50-test-double-bump-a1-noise0-k12-r0,0.10636704869395165,0.036869104014470466,0.0011951522688009764,50,,0.0016198372419351896,synthetic,12.0,fixed_0.001,0.0,test,0.04380761960029915,5000,,double,1.0054550874726236,stress
1.0,bump,0.0020301701663959512,stress-hi50-test-double-bump-a1-noise0-k12-r0,0.24960016487917283,0.06563185178107436,0.0021275281474422082,50,,0.004322281042329166,synthetic,12.0,fixed_0.01,0.0,test,0.10371120741158216,5000,,double,1.0083347855547211,stress
1.0,bump,0.0022690371428201197,stress-hi50-test-double-bump-a1-noise0-k12-r0,0.2784424634842665,0.07339815616233286,0.0023792813849989724,50,,0.004815830448042901,synthetic,12.0,fixed_0.1,0.0,test,0.11557915813346124,5000,,double,1.009031474312429,stress
1.0,bump,0.002597175524169336,stress-hi50-test-double-bump-a1-noise0-k12-r0,0.29540051003850765,0.08336977997134028,0.0027025224600814484,50,,0.00481108717867364,synthetic,12.0,fixed_1,0.0,test,0.12120283101866487,5000,,double,1.010193204497886,stress
1.0,bump,0.0019364191126083003,stress-hi50-test-double-bump-a1-noise0-k12-r0,0.23652760401862444,0.06253419396829626,0.0020271141867053864,50,,0.004079131619510871,synthetic,12.0,frozen_initial,0.0,test,0.09827994138612565,5000,,double,1.0080758070598004,stress
1.0,bump,,stress-hi50-test-double-bump-a1-noise0-k12-r0,0.29287834753282466,0.0786218356996326,0.0025486126616159127,50,,0.004603804402511945,synthetic,12.0,rexafs_direct,0.0,test,0.11706343292262297,5000,,double,1.0056219403082527,stress
1.0,bump,0.001797586399895564,stress-hi10-test-double-bump-a1-noise0.003-k12-r0,0.2525786694501451,0.09703641629288044,0.0031455414008226133,10,,0.0038935270180837896,synthetic,12.0,larch_dynamic,0.003,test,0.09369767656149358,5000,,double,0.992732019556844,stress
1.0,bump,0.0018511986613507412,stress-hi10-test-double-bump-a1-noise0.003-k12-r0,0.25651316112410477,0.09800470402366063,0.003176929505015215,10,,0.003994444273361495,synthetic,12.0,fixed_0,0.003,test,0.09535253946998243,5000,,double,0.9925666502656219,stress
1.0,bump,0.0018510881682132913,stress-hi10-test-double-bump-a1-noise0.003-k12-r0,0.2565049063545122,0.09800268405536681,0.003176864025537105,10,,0.0039942346398631826,synthetic,12.0,fixed_1e-06,0.003,test,0.095349056827894,5000,,double,0.9925669874493896,stress
1.0,bump,0.0018500944166848267,stress-hi10-test-double-bump-a1-noise0.003-k12-r0,0.25643069116374395,0.09798452131041642,0.003176275260325274,10,,0.003992349538905439,synthetic,12.0,fixed_1e-05,0.003,test,0.09531774731360679,5000,,double,0.9925700206973744,stress
1.0,bump,0.0018402246004465958,stress-hi10-test-double-bump-a1-noise0.003-k12-r0,0.2556961933791971,0.09780456392135496,0.0031704417450399585,10,,0.003973656290736541,synthetic,12.0,fixed_0.0001,0.003,test,0.09500802672358663,5000,,double,0.9926002146381512,stress
1.0,bump,0.0017480234758285502,stress-hi10-test-double-bump-a1-noise0.003-k12-r0,0.24907654991717437,0.09616253088483276,0.0031172134510115647,10,,0.0038018340354343282,synthetic,12.0,fixed_0.001,0.003,test,0.09223125727939423,5000,,double,0.9928889144773715,stress
1.0,bump,0.0012787530926976997,stress-hi10-test-double-bump-a1-noise0.003-k12-r0,0.2270691357139064,0.08921247355933667,0.0028919197531337057,10,,0.0030931516000317827,synthetic,12.0,fixed_0.01,0.003,test,0.08409115660124966,5000,,double,0.9948714577233425,stress
1.0,bump,0.0017241247410051477,stress-hi10-test-double-bump-a1-noise0.003-k12-r0,0.29969565680433563,0.09876191578697235,0.003201475351221015,10,,0.00449671113380517,synthetic,12.0,fixed_0.1,0.003,test,0.11951315767741541,5000,,double,0.9986000525400766,stress
1.0,bump,0.002280763836505954,stress-hi10-test-double-bump-a1-noise0.003-k12-r0,0.34739799762796025,0.10998986205326662,0.0035654414906984015,10,,0.0053133680232866675,synthetic,12.0,fixed_1,0.003,test,0.1400631954334521,5000,,double,1.0003729773973165,stress
1.0,bump,0.0013779311244355166,stress-hi10-test-double-bump-a1-noise0.003-k12-r0,0.22887899603238152,0.09041567493396838,0.0029309228396245278,10,,0.0031982439134045893,synthetic,12.0,frozen_initial,0.003,test,0.0843031281549042,5000,,double,0.9942883571952457,stress
1.0,bump,,stress-hi10-test-double-bump-a1-noise0.003-k12-r0,0.3005606144281692,0.09179119478585247,0.0029755118177324535,10,,0.00471262551385792,synthetic,12.0,rexafs_direct,0.003,test,0.1282144009017904,5000,,double,0.9954151599497976,stress
1.0,bump,0.001239481084477998,stress-hi50-test-double-bump-a1-noise0.003-k12-r0,0.22788291597300475,0.08883645588344259,0.002879730729546973,50,,0.0030781656861587226,synthetic,12.0,larch_dynamic,0.003,test,0.08485326453599454,5000,,double,0.9952190154986676,stress
1.0,bump,0.0018511986613507412,stress-hi50-test-double-bump-a1-noise0.003-k12-r0,0.25651316112410477,0.09800470402366063,0.003176929505015215,50,,0.003994444273361495,synthetic,12.0,fixed_0,0.003,test,0.09535253946998243,5000,,double,0.9925666502656219,stress
1.0,bump,0.0018484409080721323,stress-hi50-test-double-bump-a1-noise0.003-k12-r0,0.2563073096985924,0.0979543178466799,0.0031752961820651626,50,,0.003989214099077905,synthetic,12.0,fixed_1e-06,0.003,test,0.09526570166913331,5000,,double,0.9925750704936533,stress
1.0,bump,0.0018240456044030535,stress-hi50-test-double-bump-a1-noise0.003-k12-r0,0.25450254082539814,0.09751128392332152,0.0031609347536331145,50,,0.003943131412990698,synthetic,12.0,fixed_1e-05,0.003,test,0.0945052844648482,5000,,double,0.9926499845190478,stress
1.0,bump,0.0016181141599532999,stress-hi50-test-double-bump-a1-noise0.003-k12-r0,0.24060706979496074,0.09397739635489646,0.0030463799289909663,50,,0.0035703418582440976,synthetic,12.0,fixed_0.0001,0.003,test,0.0887404122259678,5000,,double,0.9933221309709647,stress
1.0,bump,0.0012542388201121687,stress-hi50-test-double-bump-a1-noise0.003-k12-r0,0.24280880916660197,0.0897951989889282,0.002910809434287632,50,,0.0033266486461104405,synthetic,12.0,fixed_0.001,0.003,test,0.09288587239567736,5000,,double,0.9964769781449391,stress
1.0,bump,0.001982394787597539,stress-hi50-test-double-bump-a1-noise0.003-k12-r0,0.3261334876182179,0.10401982758780426,0.003371916304043012,50,,0.005015664327061171,synthetic,12.0,fixed_0.01,0.003,test,0.1312521805023404,5000,,double,0.9994177082141682,stress
1.0,bump,0.0026394470947622177,stress-hi50-test-double-bump-a1-noise0.003-k12-r0,0.36411358310844977,0.11717073064389015,0.0037982171877882194,50,,0.005375089846762862,synthetic,12.0,fixed_0.1,0.003,test,0.14565393009011332,5000,,double,1.0014821662343512,stress
1.0,bump,0.006798399523670521,stress-hi50-test-double-bump-a1-noise0.003-k12-r0,0.6525609674516396,0.22495903334238496,0.007292292727832576,50,,0.008428700204714874,synthetic,12.0,fixed_1,0.003,test,0.23069627183173452,5000,,double,1.0116899299996898,stress
1.0,bump,0.0018821482743380548,stress-hi50-test-double-bump-a1-noise0.003-k12-r0,0.31628958909994437,0.10195873571622191,0.0033051037602512758,50,,0.004828125410752184,synthetic,12.0,frozen_initial,0.003,test,0.12692206950527365,5000,,double,0.9991057087943168,stress
1.0,bump,,stress-hi50-test-double-bump-a1-noise0.003-k12-r0,0.37570093709905467,0.11586311361145228,0.003755829353724568,50,,0.005204870734815885,synthetic,12.0,rexafs_direct,0.003,test,0.1510559065676204,5000,,double,0.9982176224335657,stress
1.0,polynomial,0.011364951462557026,stress-hi10-test-feff-polynomial-a1-noise0-k12-r0,0.17983416707194763,0.23166333737661277,0.01168044643580396,10,,0.007367853627424575,synthetic,12.0,larch_dynamic,0.0,test,0.0809451437980859,5000,,feff,0.9542667435510861,stress
1.0,polynomial,0.01138817927251899,stress-hi10-test-feff-polynomial-a1-noise0-k12-r0,0.18151019870552268,0.23214745050084856,0.011704855379750549,10,,0.007441674449124755,synthetic,12.0,fixed_0,0.0,test,0.08162331718603939,5000,,feff,0.9541512069127388,stress
1.0,polynomial,0.011388132108221701,stress-hi10-test-feff-polynomial-a1-noise0-k12-r0,0.18150679088845703,0.23214646742219128,0.011704805813005424,10,,0.007441524432654321,synthetic,12.0,fixed_1e-06,0.0,test,0.0816219382294193,5000,,feff,0.954151441368347,stress
1.0,polynomial,0.011387707834620262,stress-hi10-test-feff-polynomial-a1-noise0-k12-r0,0.18147613494554743,0.2321376239951716,0.011704359928141716,10,,0.007440174912032707,synthetic,12.0,fixed_1e-05,0.0,test,0.08160953345474214,5000,,feff,0.9541535504941032,stress
1.0,polynomial,0.011383485302658978,stress-hi10-test-feff-polynomial-a1-noise0-k12-r0,0.18117099550513913,0.23204961147965972,0.011699922344341196,10,,0.007426741550533205,synthetic,12.0,fixed_0.0001,0.0,test,0.08148606066190262,5000,,feff,0.954174545703895,stress
1.0,polynomial,0.01134318738395202,stress-hi10-test-feff-polynomial-a1-noise0-k12-r0,0.1782552585784182,0.23120971831701714,0.011657575000090967,10,,0.007298318152108011,synthetic,12.0,fixed_0.001,0.0,test,0.08030625750395726,5000,,feff,0.9543753189379857,stress
1.0,polynomial,0.011070164309147245,stress-hi10-test-feff-polynomial-a1-noise0-k12-r0,0.15834024089790125,0.22552240409808041,0.011370821084472967,10,,0.006417829497853614,synthetic,12.0,fixed_0.01,0.0,test,0.07224875081293973,5000,,feff,0.9557560009258493,stress
1.0,polynomial,0.01056789285879957,stress-hi10-test-feff-polynomial-a1-noise0-k12-r0,0.12196137784358929,0.21508112389925785,0.010844372594760933,10,,0.004798037962682465,synthetic,12.0,fixed_0.1,0.0,test,0.05748307494132348,5000,,feff,0.9584029257735726,stress
1.0,polynomial,0.010234243952767546,stress-hi10-test-feff-polynomial-a1-noise0-k12-r0,0.11111374665289775,0.20821119574332794,0.010497991381609761,10,,0.004468685017370329,synthetic,12.0,fixed_1,0.0,test,0.05223644347216889,5000,,feff,0.9602386265991939,stress
1.0,polynomial,0.010517805675501691,stress-hi10-test-feff-polynomial-a1-noise0-k12-r0,0.11878748246467778,0.214043624766581,0.010792061973737962,10,,0.004661146209951947,synthetic,12.0,frozen_initial,0.0,test,0.056169267403370346,5000,,feff,0.9586748773818845,stress
1.0,polynomial,,stress-hi10-test-feff-polynomial-a1-noise0-k12-r0,0.21723565601055458,0.20090945863129425,0.010129838396371615,10,,0.009389350113689852,synthetic,12.0,rexafs_direct,0.0,test,0.07824925092547041,5000,,feff,0.9628642489086855,stress
1.0,polynomial,0.01101975069627277,stress-hi50-test-feff-polynomial-a1-noise0-k12-r0,0.15468312371674925,0.22447319187265302,0.011317919890275925,50,,0.006255146843167865,synthetic,12.0,larch_dynamic,0.0,test,0.07076933132113444,5000,,feff,0.9560142452532028,stress
1.0,polynomial,0.01138817927251899,stress-hi50-test-feff-polynomial-a1-noise0-k12-r0,0.18151019870552268,0.23214745050084856,0.011704855379750549,50,,0.007441674449124755,synthetic,12.0,fixed_0,0.0,test,0.08162331718603939,5000,,feff,0.9541512069127388,stress
1.0,polynomial,0.011387001531232618,stress-hi50-test-feff-polynomial-a1-noise0-k12-r0,0.18142509928172235,0.23212290205250463,0.011703617649002082,50,,0.007437928218467473,synthetic,12.0,fixed_1e-06,0.0,test,0.0815888821422589,5000,,feff,0.9541570618094654,stress
1.0,polynomial,0.01137652841190244,stress-hi50-test-feff-polynomial-a1-noise0-k12-r0,0.18066810102896852,0.23190460774233365,0.011692611267819513,50,,0.007404599635334593,synthetic,12.0,fixed_1e-05,0.0,test,0.08128256893601461,5000,,feff,0.9542091540854919,stress
1.0,polynomial,0.011282975543300109,stress-hi50-test-feff-polynomial-a1-noise0-k12-r0,0.17388661462041682,0.2299549794132645,0.011594311167659957,50,,0.007105684123436002,synthetic,12.0,fixed_0.0001,0.0,test,0.07853865519593882,5000,,feff,0.9546766977873601,stress
1.0,polynomial,0.010853521846376559,stress-hi50-test-feff-polynomial-a1-noise0-k12-r0,0.14240626224416306,0.22101416930892473,0.011143516256824927,50,,0.005708616905258538,synthetic,12.0,fixed_0.001,0.0,test,0.06579922348745351,5000,,feff,0.9568794291175425,stress
1.0,polynomial,0.010444881324330338,stress-hi50-test-feff-polynomial-a1-noise0-k12-r0,0.1149591889395602,0.21253703986177486,0.010716100086626879,50,,0.0045076949977039885,synthetic,12.0,fixed_0.01,0.0,test,0.05453494009054915,5000,,feff,0.9590724911325346,stress
1.0,polynomial,0.009941451288295681,stress-hi50-test-feff-polynomial-a1-noise0-k12-r0,0.11440618115417374,0.20219243024803632,0.010194525719871795,50,,0.004802668496309581,synthetic,12.0,fixed_0.1,0.0,test,0.051425781084157664,5000,,feff,0.9619696155655414,stress
1.0,polynomial,0.00893006898089758,stress-hi50-test-feff-polynomial-a1-noise0-k12-r0,0.28801215068162817,0.1792652461600029,0.009038538981975795,50,,0.011285901632593206,synthetic,12.0,fixed_1,0.0,test,0.09027494101696999,5000,,feff,0.9786793188520828,stress
1.0,polynomial,0.00977196164644387,stress-hi50-test-feff-polynomial-a1-noise0-k12-r0,0.11933505869702031,0.19868978228970674,0.010017922497609502,50,,0.005088923263146876,synthetic,12.0,frozen_initial,0.0,test,0.05162494385334039,5000,,feff,0.963058528053694,stress
1.0,polynomial,,stress-hi50-test-feff-polynomial-a1-noise0-k12-r0,0.6620511208115517,0.282876649222152,0.014262617411090679,50,,0.024118791578547613,synthetic,12.0,rexafs_direct,0.0,test,0.20028759092934773,5000,,feff,0.9893153181412364,stress
1.0,polynomial,0.011437792039836473,stress-hi10-test-feff-polynomial-a1-noise0.003-k12-r0,0.2036360906695363,0.23655246622038134,0.011926955910389246,10,,0.008054210587359641,synthetic,12.0,larch_dynamic,0.003,test,0.0866560888412843,5000,,feff,0.9581458029568226,stress
1.0,polynomial,0.011459796560528392,stress-hi10-test-feff-polynomial-a1-noise0.003-k12-r0,0.20502552345483896,0.23699921631086185,0.011949481013243845,10,,0.008118134861185112,synthetic,12.0,fixed_0,0.003,test,0.08723973200557418,5000,,feff,0.9580373123034465,stress
1.0,polynomial,0.011459751985540669,stress-hi10-test-feff-polynomial-a1-noise0.003-k12-r0,0.20502269857640096,0.2369983111569421,0.011949435375457583,10,,0.008118005015407687,synthetic,12.0,fixed_1e-06,0.003,test,0.0872385457222214,5000,,feff,0.9580375320143086,stress
1.0,polynomial,0.011459351002957677,stress-hi10-test-feff-polynomial-a1-noise0.003-k12-r0,0.20499728707269826,0.23699016869155298,0.011949024833021696,10,,0.008116836962066436,synthetic,12.0,fixed_1e-05,0.003,test,0.08722787431421886,5000,,feff,0.9580395085023992,stress
1.0,polynomial,0.011455360123037371,stress-hi10-test-feff-polynomial-a1-noise0.003-k12-r0,0.20474439397504873,0.2369091302163628,0.011944938879761169,10,,0.008105211474652804,synthetic,12.0,fixed_0.0001,0.003,test,0.08712166688880574,5000,,feff,0.9580591837486181,stress
1.0,polynomial,0.01141725898558498,stress-hi10-test-feff-polynomial-a1-noise0.003-k12-r0,0.20233205839455773,0.23613558574772947,0.011905936831211314,10,,0.00799421289005459,synthetic,12.0,fixed_0.001,0.003,test,0.08610795377836028,5000,,feff,0.9582473702127732,stress
1.0,polynomial,0.011158275696532511,stress-hi10-test-feff-polynomial-a1-noise0.003-k12-r0,0.1860766518854693,0.23088424059423693,0.011641164440051411,10,,0.007240993004595644,synthetic,12.0,fixed_0.01,0.003,test,0.07924353783576912,5000,,feff,0.9595440516291561,stress
1.0,polynomial,0.010668244737726797,stress-hi10-test-feff-polynomial-a1-noise0.003-k12-r0,0.15765799691774038,0.22097612915883147,0.011141598275582813,10,,0.0059100150150579525,synthetic,12.0,fixed_0.1,0.003,test,0.06696943888864251,5000,,feff,0.9620959565101779,stress
1.0,polynomial,0.010223430972555927,stress-hi10-test-feff-polynomial-a1-noise0.003-k12-r0,0.150955506896757,0.21188904337467643,0.010683428156990304,10,,0.00577842704558177,synthetic,12.0,fixed_1,0.003,test,0.06255239484375806,5000,,feff,0.9646093197912092,stress
1.0,polynomial,0.010623718453427654,stress-hi10-test-feff-polynomial-a1-noise0.003-k12-r0,0.15566723777984867,0.2200751763889364,0.011096172310951901,10,,0.005821549124080877,synthetic,12.0,frozen_initial,0.003,test,0.06606439499370104,5000,,feff,0.96233578901186,stress
1.0,polynomial,,stress-hi10-test-feff-polynomial-a1-noise0.003-k12-r0,0.24517507458735535,0.20442772900904685,0.010307229299737595,10,,0.010242875533891218,synthetic,12.0,rexafs_direct,0.003,test,0.08682851091459652,5000,,feff,0.9678764501404638,stress
1.0,polynomial,0.011111331389880236,stress-hi50-test-feff-polynomial-a1-noise0.003-k12-r0,0.1832439124201954,0.22993427994816013,0.011593267502330177,50,,0.007108275306241612,synthetic,12.0,larch_dynamic,0.003,test,0.07804056193672596,5000,,feff,0.9597810100401948,stress
1.0,polynomial,0.011459796560528392,stress-hi50-test-feff-polynomial-a1-noise0.003-k12-r0,0.20502552345483896,0.23699921631086185,0.011949481013243845,50,,0.008118134861185112,synthetic,12.0,fixed_0,0.003,test,0.08723973200557418,5000,,feff,0.9580373123034465,stress
1.0,polynomial,0.011458683466905662,stress-hi50-test-feff-polynomial-a1-noise0.003-k12-r0,0.20495498411547947,0.23697661357556407,0.011948341385187296,50,,0.008114892438454386,synthetic,12.0,fixed_1e-06,0.003,test,0.08721010917821673,5000,,feff,0.9580427990150094,stress
1.0,polynomial,0.011448784299069457,stress-hi50-test-feff-polynomial-a1-noise0.003-k12-r0,0.2043277842406722,0.23677560786917493,0.01193820669398688,50,,0.008086055482650692,synthetic,12.0,fixed_1e-05,0.003,test,0.08694667758297549,5000,,feff,0.958091617805949,stress
1.0,polynomial,0.011360279035157678,stress-hi50-test-feff-polynomial-a1-noise0.003-k12-r0,0.19873220082124443,0.2349792141462557,0.011847632670078812,50,,0.007828214978851939,synthetic,12.0,fixed_0.0001,0.003,test,0.0845930787817042,5000,,feff,0.958529990728773,stress
1.0,polynomial,0.010950995585138306,stress-hi50-test-feff-polynomial-a1-noise0.003-k12-r0,0.17339598732813058,0.22668979778198223,0.011429680978095859,50,,0.0066467085073829675,synthetic,12.0,fixed_0.001,0.003,test,0.07383309682464585,5000,,feff,0.9606061087915703,stress
1.0,polynomial,0.010528305309066703,stress-hi50-test-feff-polynomial-a1-noise0.003-k12-r0,0.1524715005256665,0.21813874330776928,0.010998537514107372,50,,0.005695566688485149,synthetic,12.0,fixed_0.01,0.003,test,0.06451763650557264,5000,,feff,0.9628563155924468,stress
1.0,polynomial,0.009785790870079943,stress-hi50-test-feff-polynomial-a1-noise0.003-k12-r0,0.16081982169159595,0.20278497917997004,0.010224401988332838,50,,0.006386667019868825,synthetic,12.0,fixed_0.1,0.003,test,0.06293533761278644,5000,,feff,0.9674934268510319,stress
1.0,polynomial,0.0108993673053987,stress-hi50-test-feff-polynomial-a1-noise0.003-k12-r0,0.4827983258179957,0.21768949476061686,0.01097588643927266,50,,0.017892111809205732,synthetic,12.0,fixed_1,0.003,test,0.1484312436129704,5000,,feff,0.9957410429269721,stress
1.0,polynomial,0.009597154269350027,stress-hi50-test-feff-polynomial-a1-noise0.003-k12-r0,0.16956013398252348,0.19879263587052265,0.010023108366703228,50,,0.0067934143196420205,synthetic,12.0,frozen_initial,0.003,test,0.06419025988819964,5000,,feff,0.9689567464185367,stress
1.0,polynomial,,stress-hi50-test-feff-polynomial-a1-noise0.003-k12-r0,0.7564113891420938,0.31765822771751384,0.016016301740982404,50,,0.02714843861148943,synthetic,12.0,rexafs_direct,0.003,test,0.22961633050899677,5000,,feff,0.9993981556185828,stress
1.0,bump,0.01152962786215495,stress-hi10-test-feff-bump-a1-noise0-k12-r0,0.17798760452742385,0.23489652168353536,0.011843463322902916,10,,0.007299058426283685,synthetic,12.0,larch_dynamic,0.0,test,0.07989522444450224,5000,,feff,0.9540304344940446,stress
1.0,bump,0.011552249827755242,stress-hi10-test-feff-bump-a1-noise0-k12-r0,0.17962055993904866,0.2353677082716283,0.011867220511959299,10,,0.007371013451911155,synthetic,12.0,fixed_0,0.0,test,0.08055246128931427,5000,,feff,0.953917807421573,stress
1.0,bump,0.011552203872768644,stress-hi10-test-feff-bump-a1-noise0-k12-r0,0.17961723823680814,0.2353667510093006,0.011867172246871392,10,,0.007370867163627411,synthetic,12.0,fixed_1e-06,0.0,test,0.08055112425657865,5000,,feff,0.9539180360798764,stress
1.0,bump,0.011551790477367239,stress-hi10-test-feff-bump-a1-noise0-k12-r0,0.17958735696324818,0.2353581398100146,0.011866738070910933,10,,0.007369551181097741,synthetic,12.0,fixed_1e-05,0.0,test,0.08053909663046147,5000,,feff,0.9539200930540706,stress
1.0,bump,0.011547676175789405,stress-hi10-test-feff-bump-a1-noise0-k12-r0,0.1792899283472123,0.2352724378188521,0.011862416983558262,10,,0.00735645166480304,synthetic,12.0,fixed_0.0001,0.0,test,0.08041937892535592,5000,,feff,0.9539405691342172,stress
1.0,bump,0.011508408040894804,stress-hi10-test-feff-bump-a1-noise0-k12-r0,0.17644787253765132,0.23445453079135958,0.011821178178435797,10,,0.007231219958988078,synthetic,12.0,fixed_0.001,0.0,test,0.07927555701662953,5000,,feff,0.9541363790882866,stress
1.0,bump,0.011242195110136504,stress-hi10-test-feff-bump-a1-noise0-k12-r0,0.15703600463104245,0.2289127166003602,0.011541760362271326,10,,0.0063726234409044605,synthetic,12.0,fixed_0.01,0.0,test,0.07146925103217155,5000,,feff,0.9554830051081751,stress
1.0,bump,0.010751167663361618,stress-hi10-test-feff-bump-a1-noise0-k12-r0,0.12157442896841904,0.21871228131717949,0.011027455253416819,10,,0.004793416363670469,synthetic,12.0,fixed_0.1,0.0,test,0.05719823197926708,5000,,feff,0.9580665939214322,stress
1.0,bump,0.010419554230627476,stress-hi10-test-feff-bump-a1-noise0-k12-r0,0.11106953480946634,0.21188902791248793,0.010683427377388033,10,,0.004476743252997832,synthetic,12.0,fixed_1,0.0,test,0.052154340022831744,5000,,feff,0.9598803696791005,stress
1.0,bump,0.01070154172703926,stress-hi10-test-feff-bump-a1-noise0-k12-r0,0.118457787169203,0.21768508655187474,0.010975664177750087,10,,0.0046590969181759916,synthetic,12.0,frozen_initial,0.0,test,0.05592170510773231,5000,,feff,0.9583350605005669,stress
1.0,bump,,stress-hi10-test-feff-bump-a1-noise0-k12-r0,0.21758182164293874,0.20416456837683875,0.010293960762284376,10,,0.009398892451162221,synthetic,12.0,rexafs_direct,0.0,test,0.07831362553877912,5000,,feff,0.9625288853402774,stress
1.0,bump,0.0111930767372121,stress-hi50-test-feff-bump-a1-noise0-k12-r0,0.15347586734230853,0.22789113516852189,0.011490252310416747,50,,0.006214183365180427,synthetic,12.0,larch_dynamic,0.0,test,0.07003896270463479,5000,,feff,0.9557345597873756,stress
1.0,bump,0.011552249827755242,stress-hi50-test-feff-bump-a1-noise0-k12-r0,0.17962055993904866,0.2353677082716283,0.011867220511959299,50,,0.007371013451911155,synthetic,12.0,fixed_0,0.0,test,0.08055246128931427,5000,,feff,0.953917807421573,stress
1.0,bump,0.011551102281941275,stress-hi50-test-feff-bump-a1-noise0-k12-r0,0.17953761096065823,0.235343804436912,0.011866015282576973,50,,0.007367360322085984,synthetic,12.0,fixed_1e-06,0.0,test,0.08051907323414047,5000,,feff,0.9539235175469039,stress
1.0,bump,0.011540897467827781,stress-hi50-test-feff-bump-a1-noise0-k12-r0,0.1787997419840143,0.23513123805520014,0.011855297703076676,50,,0.0073348600243483475,synthetic,12.0,fixed_1e-05,0.0,test,0.08022208015531777,5000,,feff,0.9539743218297904,stress
1.0,bump,0.011449723975755296,stress-hi50-test-feff-bump-a1-noise0-k12-r0,0.172189625040656,0.23323241739455267,0.011759559321384306,50,,0.007043373913225002,synthetic,12.0,fixed_0.0001,0.0,test,0.0775622163593011,5000,,feff,0.9544303116140014,stress
1.0,bump,0.01103069544363986,stress-hi50-test-feff-bump-a1-noise0-k12-r0,0.14150403043169874,0.22451449632292356,0.011320002457264769,50,,0.005681073839709509,synthetic,12.0,fixed_0.001,0.0,test,0.06522917959336351,5000,,feff,0.9565789292139696,stress
1.0,bump,0.010629967000771985,stress-hi50-test-feff-bump-a1-noise0-k12-r0,0.11475503331592483,0.21620746303062524,0.010901162521218304,50,,0.0045109707980841955,synthetic,12.0,fixed_0.01,0.0,test,0.05435718080350404,5000,,feff,0.9587235350913251,stress
1.0,bump,0.010124708001561546,stress-hi50-test-feff-bump-a1-noise0-k12-r0,0.11447730978399429,0.2058325994402839,0.01037806275144874,50,,0.004811278513342044,synthetic,12.0,fixed_0.1,0.0,test,0.05142270938533383,5000,,feff,0.9616059027553475,stress
1.0,bump,0.009040965401599693,stress-hi50-test-feff-bump-a1-noise0-k12-r0,0.2879229081435315,0.18151960624996988,0.009152203632481396,50,,0.011276544928793576,synthetic,12.0,fixed_1,0.0,test,0.09049858232355085,5000,,feff,0.9782757468435891,stress
1.0,bump,0.009951699052639956,stress-hi50-test-feff-bump-a1-noise0-k12-r0,0.11951253929163681,0.20226089155701363,0.010197977533445278,50,,0.0051001583220383374,synthetic,12.0,frozen_initial,0.0,test,0.051669290679242745,5000,,feff,0.9627029443501354,stress
1.0,bump,,stress-hi50-test-feff-bump-a1-noise0-k12-r0,0.6614952113695066,0.28306268451785715,0.014271997295414458,50,,0.024091493586860368,synthetic,12.0,rexafs_direct,0.0,test,0.2004324816087563,5000,,feff,0.9889158424251459,stress
1.0,bump,0.011603806393374652,stress-hi10-test-feff-bump-a1-noise0.003-k12-r0,0.202292337527197,0.23979287992424947,0.012090337303088191,10,,0.007990295900638248,synthetic,12.0,larch_dynamic,0.003,test,0.08635865051677713,5000,,feff,0.9579094872822165,stress
1.0,bump,0.01162519512467195,stress-hi10-test-feff-bump-a1-noise0.003-k12-r0,0.20363857133538762,0.24022704185528157,0.012112227711977714,10,,0.008052405721467124,synthetic,12.0,fixed_0,0.003,test,0.08691767652635393,5000,,feff,0.9578039128122775,stress
1.0,bump,0.011625151775636866,stress-hi10-test-feff-bump-a1-noise0.003-k12-r0,0.2036358328743783,0.24022616177247277,0.012112183338274808,10,,0.00805227949994664,synthetic,12.0,fixed_1e-06,0.003,test,0.08691653960204258,5000,,feff,0.9578041267258298,stress
1.0,bump,0.011624761821005025,stress-hi10-test-feff-bump-a1-noise0.003-k12-r0,0.2036111987525588,0.24021824483136883,0.012111784166754845,10,,0.008051144049326088,synthetic,12.0,fixed_1e-05,0.003,test,0.08690631223108818,5000,,feff,0.9578060510623656,stress
1.0,bump,0.011620880667478458,stress-hi10-test-feff-bump-a1-noise0.003-k12-r0,0.2033660425293961,0.24013945021535055,0.012107811348689398,10,,0.008039843052802583,synthetic,12.0,fixed_0.0001,0.003,test,0.08680452602470322,5000,,feff,0.9578252071789437,stress
1.0,bump,0.011583824109772647,stress-hi10-test-feff-bump-a1-noise0.003-k12-r0,0.20102754764262162,0.23938726030986393,0.012069885995458794,10,,0.007931942642283382,synthetic,12.0,fixed_0.001,0.003,test,0.08583319048101272,5000,,feff,0.9580084303630714,stress
1.0,bump,0.011331777397645657,stress-hi10-test-feff-bump-a1-noise0.003-k12-r0,0.18527115965418905,0.2342773870467337,0.011812246605386859,10,,0.007199732258570115,synthetic,12.0,fixed_0.01,0.003,test,0.0792649746542027,5000,,feff,0.9592710558114794,stress
1.0,bump,0.010853294108882047,stress-hi10-test-feff-bump-a1-noise0.003-k12-r0,0.15772581468799715,0.22460326090619653,0.011324477960260008,10,,0.005905843765437605,synthetic,12.0,fixed_0.1,0.003,test,0.06757067158629942,5000,,feff,0.9617596246580337,stress
1.0,bump,0.010409416436428632,stress-hi10-test-feff-bump-a1-noise0.003-k12-r0,0.15134956458805918,0.21553786249610296,0.010867401317285728,10,,0.005785318259095849,synthetic,12.0,fixed_1,0.003,test,0.06340677753941806,5000,,feff,0.9642510628711102,stress
1.0,bump,0.010808791820204009,stress-hi10-test-feff-bump-a1-noise0.003-k12-r0,0.15576863404071178,0.22370277474420158,0.011279075521961082,10,,0.0058187233788057355,synthetic,12.0,frozen_initial,0.003,test,0.06669871131466189,5000,,feff,0.9619985048245957,stress
1.0,bump,,stress-hi10-test-feff-bump-a1-noise0.003-k12-r0,0.24597179534641755,0.2076383458884453,0.01046910833899505,10,,0.010259167413519883,synthetic,12.0,rexafs_direct,0.003,test,0.08765625944825078,5000,,feff,0.9675571484632876,stress
1.0,bump,0.01128614959139519,stress-hi50-test-feff-bump-a1-noise0.003-k12-r0,0.18253118667545964,0.23335418511146888,0.011765698839666118,50,,0.007070948743425071,synthetic,12.0,larch_dynamic,0.003,test,0.07811803154085104,5000,,feff,0.9595013891862494,stress
1.0,bump,0.01162519512467195,stress-hi50-test-feff-bump-a1-noise0.003-k12-r0,0.20363857133538762,0.24022704185528157,0.012112227711977714,50,,0.008052405721467124,synthetic,12.0,fixed_0,0.003,test,0.08691767652635393,5000,,feff,0.9578039128122775,stress
1.0,bump,0.011624112642441972,stress-hi50-test-feff-bump-a1-noise0.003-k12-r0,0.20357018993383194,0.24020506512755643,0.01211111964717154,50,,0.008049253801289033,synthetic,12.0,fixed_1e-06,0.003,test,0.08688928638049191,5000,,feff,0.9578092547524435,stress
1.0,bump,0.011614485513402946,stress-hi50-test-feff-bump-a1-noise0.003-k12-r0,0.20296218004915687,0.24000962220529684,0.01210126543108987,50,,0.008021221743471913,synthetic,12.0,fixed_1e-05,0.003,test,0.08663682887504016,5000,,feff,0.9578567855502488,stress
1.0,bump,0.01152839583055196,stress-hi50-test-feff-bump-a1-noise0.003-k12-r0,0.1975380039095441,0.23826258695312016,0.012013180057221079,50,,0.007770577689692299,synthetic,12.0,fixed_0.0001,0.003,test,0.08438226249277295,5000,,feff,0.9582836045554146,stress
1.0,bump,0.011129773354636267,stress-hi50-test-feff-bump-a1-noise0.003-k12-r0,0.17298036600816505,0.2301901005202038,0.011606165954553002,50,,0.00662197586514086,synthetic,12.0,fixed_0.001,0.003,test,0.07410104853315791,5000,,feff,0.96030560888799,stress
1.0,bump,0.010715089321042402,stress-hi50-test-feff-bump-a1-noise0.003-k12-r0,0.1527080441532109,0.2218011210236302,0.011183194297620127,50,,0.005698197161637445,synthetic,12.0,fixed_0.01,0.003,test,0.06524570928639596,5000,,feff,0.9625073595512452,stress
1.0,bump,0.009966639277012778,stress-hi50-test-feff-bump-a1-noise0.003-k12-r0,0.1613148962249769,0.20633844416904792,0.010403567401110057,50,,0.006394178231214949,synthetic,12.0,fixed_0.1,0.003,test,0.06388385265573872,5000,,feff,0.9671297140408436,stress
1.0,bump,0.010927443425439207,stress-hi50-test-feff-bump-a1-noise0.003-k12-r0,0.4828339734910419,0.2183148857310642,0.011007418600617078,50,,0.017881596029890316,synthetic,12.0,fixed_1,0.003,test,0.1490561621847283,5000,,feff,0.9953374709184838,stress
1.0,bump,0.009771006249530001,stress-hi50-test-feff-bump-a1-noise0.003-k12-r0,0.170259159372115,0.20220729967832976,0.010195275435325439,50,,0.006808661307047854,synthetic,12.0,frozen_initial,0.003,test,0.06519405705607989,5000,,feff,0.9686180914559596,stress
1.0,bump,,stress-hi50-test-feff-bump-a1-noise0.003-k12-r0,0.7561559158797664,0.3175415809002926,0.016010420418042445,50,,0.027127817247276923,synthetic,12.0,rexafs_direct,0.003,test,0.23010373226771022,5000,,feff,0.9990152886434233,stress
,,,stress-hi10-cu-standard-k12,0.0,0.0,0.0,10,cu,0.0,measured,12.0,larch_dynamic,,,0.0,,standard,,1.0,stress
,,,stress-hi10-cu-standard-k12,0.0016897821054182528,0.00064955008409603,2.896149592138425e-05,10,cu,6.24864338004126e-05,measured,12.0,fixed_0,,,0.0007842403908562104,,standard,,1.0000845840589347,stress
,,,stress-hi10-cu-standard-k12,0.0016865058990818884,0.0006482892608390986,2.890527958255639e-05,10,cu,6.236488665920485e-05,measured,12.0,fixed_1e-06,,,0.0007827195010063332,,standard,,1.0000844185745768,stress
,,,stress-hi10-cu-standard-k12,0.0016570338522594807,0.0006369472872803665,2.83995748971066e-05,10,cu,6.127146993659484e-05,measured,12.0,fixed_1e-05,,,0.0007690378619096838,,standard,,1.0000829299162852,stress
,,,stress-hi10-cu-standard-k12,0.0013636768243299813,0.0005240661580683788,2.336654289030771e-05,10,cu,5.0387336138024455e-05,measured,12.0,fixed_0.0001,,,0.0006328492897328989,,standard,,1.0000681124042263,stress
,,,stress-hi10-cu-standard-k12,0.0014423341358324518,0.0005564467032025375,2.481029457135051e-05,10,cu,5.369188961209026e-05,measured,12.0,fixed_0.001,,,0.0006691981269275906,,standard,,0.9999265379268106,stress
,,,stress-hi10-cu-standard-k12,0.020681208066415033,0.007936765939370496,0.0003538766601838777,10,cu,0.0007684596062009718,measured,12.0,fixed_0.01,,,0.009596316517187242,,standard,,0.9989616358023475,stress
,,,stress-hi10-cu-standard-k12,0.05635694172297424,0.021016039605872994,0.0009370423624472295,10,cu,0.002118651808968025,measured,12.0,fixed_0.1,,,0.026075610912870164,,standard,,0.9973325069504859,stress
,,,stress-hi10-cu-standard-k12,0.07464472954693217,0.02249459431118501,0.00100296669548312,10,cu,0.002965555782963867,measured,12.0,fixed_1,,,0.032460480642755696,,standard,,0.9986799339964207,stress
,,,stress-hi10-cu-standard-k12,0.0885968423439008,0.026918524853775726,0.0012002165296418456,10,cu,0.0034717593202359394,measured,12.0,frozen_initial,,,0.0362232672313589,,standard,,1.0001796348479375,stress
,,,stress-hi10-cu-standard-k12,0.8929835433808648,0.36859419950930605,0.01643451316089192,10,cu,0.027678568607716877,measured,12.0,rexafs_direct,,,0.31429450847494017,,standard,,1.0239777053488162,stress
,,,stress-hi50-cu-standard-k12,0.0,0.0,0.0,50,cu,0.0,measured,12.0,larch_dynamic,,,0.0,,standard,,1.0,stress
,,,stress-hi50-cu-standard-k12,0.025810693019611478,0.009874559693891838,0.00043977048182913,50,cu,0.0009542033910652749,measured,12.0,fixed_0,,,0.011944980504946365,,standard,,1.0011888818047976,stress
,,,stress-hi50-cu-standard-k12,0.025728765846676434,0.009843045751364835,0.0004383669861676467,50,cu,0.0009511680242367101,measured,12.0,fixed_1e-06,,,0.01190703910307429,,standard,,1.0011850305276975,stress
,,,stress-hi50-cu-standard-k12,0.02499989693494573,0.009562707335554975,0.00042588191705897766,50,cu,0.0009241626470112809,measured,12.0,fixed_1e-05,,,0.011569491440153012,,standard,,1.0011507725467361,stress
,,,stress-hi50-cu-standard-k12,0.01846308556094334,0.007051033686118704,0.0003140227592584154,50,cu,0.0006818644335866772,measured,12.0,fixed_0.0001,,,0.008542143502179734,,standard,,1.0008439822451374,stress
,,,stress-hi50-cu-standard-k12,0.012160179405672244,0.004643296781843359,0.00020679249772423018,50,cu,0.00045630426071951834,measured,12.0,fixed_0.001,,,0.005614375453807557,,standard,,0.999433485000411,stress
,,,stress-hi50-cu-standard-k12,0.03990195361383289,0.01359237070107751,0.0006053458177087689,50,cu,0.0015467019688665997,measured,12.0,fixed_0.01,,,0.01813067149802004,,standard,,0.9986134574617844,stress
,,,stress-hi50-cu-standard-k12,0.09279097828413871,0.0343643373687375,0.0015304400065287611,50,cu,0.0033313261825357403,measured,12.0,fixed_0.1,,,0.03437459295923876,,standard,,1.0028338592540036,stress
,,,stress-hi50-cu-standard-k12,0.5704429383336477,0.26712760019980863,0.011896716116101472,50,cu,0.017327131186206882,measured,12.0,fixed_1,,,0.20330476353308266,,standard,,1.032032296770877,stress
,,,stress-hi50-cu-standard-k12,0.7902924335766099,0.3736752638076642,0.016641891477346085,50,cu,0.023776653840018508,measured,12.0,frozen_initial,,,0.28199577323369024,,standard,,1.04525690913318,stress
,,,stress-hi50-cu-standard-k12,1.1255474783334234,0.49022385147390557,0.021832465046534435,50,cu,0.033806678606908655,measured,12.0,rexafs_direct,,,0.398558816423542,,standard,,1.0374382444289718,stress
,,,stress-hi10-ni-standard-k12,0.0,0.0,0.0,10,ni,0.0,measured,12.0,larch_dynamic,,,0.0,,standard,,1.0,stress
,,,stress-hi10-ni-standard-k12,0.00425516790490047,0.0015323929804905336,6.555385519793528e-05,10,ni,0.00013937733913359189,measured,12.0,fixed_0,,,0.0018965001926791061,,standard,,1.0003408390522877,stress
,,,stress-hi10-ni-standard-k12,0.004247699871749502,0.00152971590861098,6.543933341104315e-05,10,ni,0.0001391324480636968,measured,12.0,fixed_1e-06,,,0.0018931730251665992,,standard,,1.0003402464047058,stress
,,,stress-hi10-ni-standard-k12,0.0041805189067540445,0.0015056335009165276,6.440911812885463e-05,10,ni,0.00013692945596992552,measured,12.0,fixed_1e-05,,,0.001863242470193352,,standard,,1.0003349150564993,stress
,,,stress-hi10-ni-standard-k12,0.003511797235359149,0.001265917464827038,5.415436590896184e-05,10,ni,0.00011500079219524174,measured,12.0,fixed_0.0001,,,0.001565311866289858,,standard,,1.0002818459611609,stress
,,,stress-hi10-ni-standard-k12,0.0028808684356590075,0.001026079854866639,4.38944129109195e-05,10,ni,9.461522459475447e-05,measured,12.0,fixed_0.001,,,0.0012826797915420863,,standard,,0.9997745062946609,stress
,,,stress-hi10-ni-standard-k12,0.04668562781573714,0.016738336265139594,0.0007160450914021191,10,ni,0.0015306743329790624,measured,12.0,fixed_0.01,,,0.020799256516891157,,standard,,0.9962945456270055,stress
,,,stress-hi10-ni-standard-k12,0.12769835883697947,0.046005398244176994,0.001968053399629074,10,ni,0.004177859679432832,measured,12.0,fixed_0.1,,,0.056911545154862554,,standard,,0.9897713845431241,stress
,,,stress-hi10-ni-standard-k12,0.1534636763026515,0.05775096195191958,0.0024705139253024615,10,ni,0.004913080873515957,measured,12.0,fixed_1,,,0.0685303816241181,,standard,,0.9867158718737032,stress
,,,stress-hi10-ni-standard-k12,0.15678375638854986,0.06152396783368262,0.0026319183981648193,10,ni,0.00489836343968143,measured,12.0,frozen_initial,,,0.07000270054889436,,standard,,0.9854757811221967,stress
,,,stress-hi10-ni-standard-k12,0.516832339187807,0.2267606038905666,0.009700535033304657,10,ni,0.012256716163467391,measured,12.0,rexafs_direct,,,0.18421907964005538,,standard,,0.9490652730477791,stress
,,,stress-hi50-ni-standard-k12,0.0,0.0,0.0,50,ni,0.0,measured,12.0,larch_dynamic,,,0.0,,standard,,1.0,stress
,,,stress-hi50-ni-standard-k12,0.0646659903666993,0.023281877115695317,0.0009914076520961053,50,ni,0.002111365555298899,measured,12.0,fixed_0,,,0.02871885949392543,,standard,,1.0046862023629781,stress
,,,stress-hi50-ni-standard-k12,0.06447886683784101,0.023214715100729,0.0009885477050550265,50,ni,0.0021052501156271176,measured,12.0,fixed_1e-06,,,0.028635778328450247,,standard,,1.0046727264509716,stress
,,,stress-hi50-ni-standard-k12,0.06281415456930096,0.022617212673096666,0.0009631043752085101,50,ni,0.0020508454562143514,measured,12.0,fixed_1e-05,,,0.02789666025755608,,standard,,1.0045528373250665,stress
,,,stress-hi50-ni-standard-k12,0.047887130436631654,0.017258936871094966,0.0007349339572586329,50,ni,0.0015630401256923221,measured,12.0,fixed_0.0001,,,0.0212691167707478,,standard,,1.0034775550918837,stress
,,,stress-hi50-ni-standard-k12,0.021858199418756667,0.007813674508362844,0.0003327281842475203,50,ni,0.0007147249795839591,measured,12.0,fixed_0.001,,,0.009699881152721905,,standard,,0.9984398190794923,stress
,,,stress-hi50-ni-standard-k12,0.0835232272388613,0.03056411999594143,0.0013015059865225547,50,ni,0.0027040455122842822,measured,12.0,fixed_0.01,,,0.03712664971706513,,standard,,0.9937551255050362,stress
,,,stress-hi50-ni-standard-k12,0.10026034897772179,0.042568056495054296,0.0018126672834127176,50,ni,0.002946410254946065,measured,12.0,fixed_0.1,,,0.04428551223628965,,standard,,0.9904444824361359,stress
,,,stress-hi50-ni-standard-k12,0.2326257261260544,0.11532173807327736,0.004910723177977544,50,ni,0.0053594955799047776,measured,12.0,fixed_1,,,0.08712262598824956,,standard,,0.9740182159099481,stress
,,,stress-hi50-ni-standard-k12,0.32464759747897587,0.1582630396658423,0.00673928428489687,50,ni,0.007617071797564147,measured,12.0,frozen_initial,,,0.11781519996666566,,standard,,0.9650456319202267,stress
,,,stress-hi50-ni-standard-k12,0.6191216312517243,0.2613376355853919,0.011128489786822036,50,ni,0.01522019979263477,measured,12.0,rexafs_direct,,,0.2135326372780961,,standard,,0.9488032862433896,stress
,,,stress-hi10-ru-standard-k12,0.0,0.0,0.0,10,ru,0.0,measured,12.0,larch_dynamic,,,0.0,,standard,,1.0,stress
,,,stress-hi10-ru-standard-k12,0.008590933430375966,0.0017051382414999925,2.9677423698133135e-05,10,ru,6.35434521971402e-05,measured,12.0,fixed_0,,,0.003887119248943864,,standard,,1.0005434916860036,stress
,,,stress-hi10-ru-standard-k12,0.008573842626458536,0.0017017464906989971,2.9618391284719503e-05,10,ru,6.341705090572868e-05,measured,12.0,fixed_1e-06,,,0.003879386252469257,,standard,,1.0005424110908272,stress
,,,stress-hi10-ru-standard-k12,0.008420096980812974,0.0016712349373027213,2.9087346777129945e-05,10,ru,6.22799688095447e-05,measured,12.0,fixed_1e-05,,,0.0038098216751299083,,standard,,1.000532690258477,stress
,,,stress-hi10-ru-standard-k12,0.006889695072475377,0.001367519072801066,2.3801262531707516e-05,10,ru,5.0961328039985254e-05,measured,12.0,fixed_0.0001,,,0.003117367746147926,,standard,,1.000435927752931,stress
,,,stress-hi10-ru-standard-k12,0.007740240527776168,0.0015359026505983445,2.6731928597645618e-05,10,ru,5.723901075725584e-05,measured,12.0,fixed_0.001,,,0.003502174961365717,,standard,,0.999510902969385,stress
,,,stress-hi10-ru-standard-k12,0.10802511961148045,0.021440708833105584,0.0003731691571638374,10,ru,0.0007988855587424434,measured,12.0,fixed_0.01,,,0.04887807692002036,,standard,,0.9931686095253833,stress
,,,stress-hi10-ru-standard-k12,0.293591717389352,0.05833768645172538,0.0010153500732431394,10,ru,0.002170128078966361,measured,12.0,fixed_0.1,,,0.13285244885223474,,standard,,0.9813952219442499,stress
,,,stress-hi10-ru-standard-k12,0.35102181740160593,0.07051768746507238,0.0012273393664976309,10,ru,0.002581553839492156,measured,12.0,fixed_1,,,0.15895875241470742,,standard,,0.9773171415155911,stress
,,,stress-hi10-ru-standard-k12,0.04496581411942072,0.008923933195744646,0.0001553184017918528,10,ru,0.0003325469806207812,measured,12.0,frozen_initial,,,0.020345529324227528,,standard,,0.9971570004283742,stress
,,,stress-hi10-ru-standard-k12,0.30720658511712845,0.08331173805266691,0.0014500160098701814,10,ru,0.0022175034059075923,measured,12.0,rexafs_direct,,,0.14120249617848538,,standard,,0.9628620411887959,stress
,,,stress-hi50-ru-standard-k12,0.0,0.0,0.0,50,ru,0.0,measured,12.0,larch_dynamic,,,0.0,,standard,,1.0,stress
,,,stress-hi50-ru-standard-k12,0.14441393506728795,0.027507753213106164,0.0004750017125160724,50,ru,0.0010168388144134344,measured,12.0,fixed_0,,,0.06334189858838767,,standard,,1.008127769066451,stress
,,,stress-hi50-ru-standard-k12,0.14396563918173447,0.027422383133039754,0.00047352754870796265,50,ru,0.0010136823097233341,measured,12.0,fixed_1e-06,,,0.06314527283532409,,standard,,1.0081025567535935,stress
,,,stress-hi50-ru-standard-k12,0.13997740259506578,0.02666289118146245,0.0004604127016011655,50,ru,0.000985600699853074,measured,12.0,fixed_1e-05,,,0.06139600359182342,,standard,,1.0078782556783887,stress
,,,stress-hi50-ru-standard-k12,0.1042119948778126,0.01985176841011616,0.0003427987708856159,50,ru,0.0007337760190839283,measured,12.0,fixed_0.0001,,,0.0457090020148172,,standard,,1.0058666692068756,stress
,,,stress-hi50-ru-standard-k12,0.06298178761599028,0.01199920837880303,0.0002072013837194464,50,ru,0.00044325774171819496,measured,12.0,fixed_0.001,,,0.0276253799546508,,standard,,0.9964570578323956,stress
,,,stress-hi50-ru-standard-k12,0.21069452597772798,0.040322272701291025,0.0006962818241559522,50,ru,0.0014800760005722721,measured,12.0,fixed_0.01,,,0.09244544005559084,,standard,,0.9880422766177039,stress
,,,stress-hi50-ru-standard-k12,0.23904870420616467,0.04764068340754414,0.0008226555629137186,50,ru,0.0016460182819610385,measured,12.0,fixed_0.1,,,0.105093359164295,,standard,,0.9854230030257152,stress
,,,stress-hi50-ru-standard-k12,0.2739391581813708,0.06613880691806581,0.0011420797004563367,50,ru,0.0016176106612507807,measured,12.0,fixed_1,,,0.11744779408967956,,standard,,0.9781181216662741,stress
,,,stress-hi50-ru-standard-k12,0.1680061776469345,0.03205381717874268,0.0005535027864553319,50,ru,0.0011818363116868629,measured,12.0,frozen_initial,,,0.07369910055515017,,standard,,0.9905201379041484,stress
,,,stress-hi50-ru-standard-k12,0.22822202227215668,0.07060840802306327,0.0012192604197499058,50,ru,0.0014288139933385572,measured,12.0,rexafs_direct,,,0.10174259369012503,,standard,,0.9684701706998042,stress
